global_step,episode,episode_return,episode_length,epsilon,loss,mean_q,makespan,avg_waiting_time,missed_deadlines,weighted_tardiness
50,0,-7.64813,50,0.9998,,,74.19,12.919,0.64,868.71
100,1,-2.99278,50,0.9997,,,80.264,6.5342,0.44,324.44
150,2,-1.90863,50,0.9995,,,71.024,4.8231,0.36,209.07
200,3,-1.59273,50,0.9994,,,62.885,4.7255,0.4,161.05
250,4,-2.89306,50,0.9992,,,70.26,5.6745,0.44,341.88
300,5,-5.42674,50,0.999,,,70.694,10.0987,0.66,600.23
350,6,-3.45065,50,0.9989,,,61.944,8.3154,0.7,341.42
400,7,-3.45973,50,0.9987,,,64.467,6.9747,0.6,384.48
450,8,-4.01375,50,0.9986,,,69.279,5.7732,0.42,502.55
500,9,-2.95601,50,0.9984,,,74.603,5.692,0.5,341.55
550,10,-2.14091,50,0.9983,,,66.279,5.4253,0.44,218.25
600,11,-4.19723,50,0.9981,,,71.998,6.7697,0.48,501.19
650,12,-3.89032,50,0.9979,,,70.198,8.0341,0.48,418.5
700,13,-3.18957,50,0.9978,,,70.685,6.2209,0.44,360.0
750,14,-0.12089,50,0.9976,,,59.388,1.6082,0.14,18.04
800,15,-5.62059,50,0.9975,,,73.037,12.1137,0.76,574.7
850,16,-4.17961,50,0.9973,,,74.979,8.8,0.5,448.55
900,17,-3.03982,50,0.9971,,,73.451,6.2087,0.48,341.39
950,18,-1.49201,50,0.997,,,68.912,4.2367,0.28,156.57
1000,19,-5.30843,50,0.9968,,,73.193,10.1696,0.54,578.31
1050,20,-5.46447,50,0.9967,,,70.832,10.1589,0.66,610.64
1100,21,-3.14082,50,0.9965,,,66.006,8.2877,0.58,301.2
1150,22,-0.42261,50,0.9964,,,66.139,2.3743,0.18,36.69
1200,23,-2.48277,50,0.9962,,,63.052,4.9691,0.46,288.17
1250,24,-2.431,50,0.996,,,67.675,6.0067,0.52,248.71
1300,25,-3.70162,50,0.9959,,,72.277,7.7692,0.66,401.87
1350,26,-0.59038,50,0.9957,,,69.731,2.7797,0.22,63.67
1400,27,-1.27125,50,0.9956,,,68.471,4.1845,0.32,120.72
1450,28,-0.88967,50,0.9954,,,70.4,2.9248,0.28,100.41
1500,29,-1.00416,50,0.9952,,,78.598,3.372,0.26,103.33
1550,30,-4.165,50,0.9951,,,66.598,9.9315,0.64,415.73
1600,31,-1.4801,50,0.9949,,,64.375,4.1503,0.4,152.88
1650,32,-2.07868,50,0.9948,,,70.684,5.5218,0.38,208.39
1700,33,-3.28183,50,0.9946,,,68.76,6.5785,0.56,361.35
1750,34,-3.74312,50,0.9945,,,70.596,6.9563,0.4,423.45
1800,35,-5.25657,50,0.9943,,,72.142,12.0743,0.66,519.95
1850,36,-1.38635,50,0.9941,,,65.242,3.6621,0.26,149.88
1900,37,-6.38379,50,0.994,,,66.925,9.8879,0.64,746.95
1950,38,-1.98716,50,0.9938,,,66.987,5.4005,0.34,202.84
2000,39,-0.66796,50,0.9937,,,69.758,2.3951,0.16,71.33
2050,40,-7.01285,50,0.9935,,,71.097,14.1341,0.76,736.83
2100,41,-1.26084,50,0.9933,,,60.942,3.4689,0.38,137.89
2150,42,-0.19227,50,0.9932,,,77.808,1.3557,0.16,31.11
2200,43,-0.91555,50,0.993,,,68.919,3.1802,0.34,92.44
2250,44,0.00236,50,0.9929,,,70.832,1.0906,0.1,3.09
2300,45,-0.74315,50,0.9927,,,64.238,2.4574,0.26,85.0
2350,46,-4.2251,50,0.9926,,,71.983,7.726,0.48,477.05
2400,47,-0.14354,50,0.9924,,,81.87,1.4207,0.1,14.35
2450,48,-0.27618,50,0.9922,,,66.745,1.5241,0.18,35.95
2500,49,-2.47201,50,0.9921,,,70.445,6.2638,0.48,244.3
2550,50,-0.90277,50,0.9919,,,65.624,3.3416,0.28,89.84
2600,51,-2.47776,50,0.9918,,,65.374,6.4108,0.46,250.76
2650,52,-2.23013,50,0.9916,,,66.732,5.3493,0.5,245.58
2700,53,-4.61635,50,0.9915,,,73.078,9.1981,0.56,504.39
2750,54,-1.80068,50,0.9913,,,64.995,4.9582,0.38,180.61
2800,55,-2.76366,50,0.9911,,,70.103,6.0072,0.38,305.49
2850,56,-4.0641,50,0.991,,,75.648,8.3037,0.58,440.45
2900,57,-4.06942,50,0.9908,,,74.806,7.9172,0.44,449.59
2950,58,-5.19182,50,0.9907,,,71.617,9.436,0.64,581.14
3000,59,-1.21864,50,0.9905,,,68.026,3.4031,0.32,133.49
3050,60,-6.50139,50,0.9903,,,68.629,10.1803,0.68,762.31
3100,61,-2.43395,50,0.9902,,,65.468,5.6272,0.44,260.69
3150,62,-0.14598,50,0.99,,,77.431,0.7742,0.08,26.49
3200,63,-5.64583,50,0.9899,,,70.077,9.2997,0.62,654.96
3250,64,-2.19468,50,0.9897,,,69.02,5.1435,0.32,234.63
3300,65,-1.72294,50,0.9896,,,74.449,5.3606,0.36,165.88
3350,66,-1.54402,50,0.9894,,,63.486,4.7338,0.4,147.73
3400,67,-2.35711,50,0.9892,,,73.85,6.2212,0.48,229.94
3450,68,-1.78759,50,0.9891,,,70.075,5.1075,0.36,172.82
3500,69,-0.16418,50,0.9889,,,76.308,1.3232,0.14,20.79
3550,70,-3.59401,50,0.9888,,,74.259,6.0761,0.56,432.58
3600,71,-4.74654,50,0.9886,,,66.02,9.2909,0.66,513.13
3650,72,-4.81624,50,0.9884,,,70.155,8.375,0.6,553.64
3700,73,-2.56073,50,0.9883,,,67.799,5.556,0.44,282.35
3750,74,-1.28556,50,0.9881,,,71.987,4.0496,0.38,134.08
3800,75,-3.66052,50,0.988,,,70.5,7.9432,0.58,384.09
3850,76,-3.68541,50,0.9878,,,77.075,7.6622,0.54,395.77
3900,77,-3.30958,50,0.9877,,,78.651,6.9186,0.52,362.88
3950,78,-0.82549,50,0.9875,,,77.35,2.6449,0.2,93.46
4000,79,-2.32972,50,0.9873,,,63.499,5.7048,0.48,241.27
4050,80,-2.20372,50,0.9872,,,65.216,4.2998,0.34,261.66
4100,81,-1.93965,50,0.987,,,72.979,5.1039,0.3,201.73
4150,82,-3.56982,50,0.9869,,,73.366,7.0674,0.52,403.56
4200,83,-3.52075,50,0.9867,,,70.162,6.6363,0.52,407.36
4250,84,-3.4709,50,0.9865,,,71.0,7.4293,0.54,378.26
4300,85,-0.95411,50,0.9864,,,66.978,2.9016,0.3,104.3
4350,86,-4.96724,50,0.9862,,,66.556,7.9841,0.58,582.33
4400,87,-3.13413,50,0.9861,,,66.0,7.6204,0.58,318.06
4450,88,-0.25872,50,0.9859,,,72.512,1.894,0.16,25.32
4500,89,-7.10187,50,0.9858,,,70.218,11.8177,0.72,813.52
4550,90,-0.84224,50,0.9856,,,71.91,2.9825,0.22,83.61
4600,91,-3.67645,50,0.9854,,,68.11,6.9349,0.48,415.55
4650,92,-3.62974,50,0.9853,,,70.364,7.1783,0.54,411.81
4700,93,-4.11489,50,0.9851,,,77.894,8.4019,0.52,434.76
4750,94,-7.92158,50,0.985,,,68.488,13.442,0.72,898.15
4800,95,-0.97725,50,0.9848,,,68.16,2.6132,0.3,114.69
4850,96,-5.12924,50,0.9846,,,77.062,11.1829,0.66,530.38
4900,97,-5.93506,50,0.9845,,,72.962,11.9835,0.62,625.09
4950,98,-4.89637,50,0.9843,,,68.75,10.7789,0.72,505.97
5000,99,-4.47356,50,0.9842,,,69.113,9.589,0.6,474.38
5050,100,-1.01444,50,0.984,,,69.16,2.4051,0.28,129.16
5100,101,-1.3215,50,0.9839,,,69.803,2.8343,0.16,162.15
5150,102,-0.88073,50,0.9837,,,78.868,3.4328,0.24,88.58
5200,103,-7.64565,50,0.9835,,,63.176,12.3318,0.82,886.73
5250,104,-2.07214,50,0.9834,,,73.092,5.4102,0.42,216.63
5300,105,-0.30689,50,0.9832,,,85.542,1.8761,0.12,31.2
5350,106,-3.74874,50,0.9831,,,64.733,9.071,0.58,363.64
5400,107,-0.71312,50,0.9829,,,68.001,2.8771,0.24,68.16
5450,108,-2.9094,50,0.9827,,,67.0,6.8447,0.46,308.96
5500,109,-5.08911,50,0.9826,,,65.57,8.9661,0.64,587.97
5550,110,-4.13758,50,0.9824,,,63.75,8.4681,0.58,438.96
5600,111,-3.90908,50,0.9823,,,71.441,7.7558,0.44,426.9
5650,112,-4.1747,50,0.9821,,,68.806,7.791,0.6,465.65
5700,113,-4.21428,50,0.9819,,,68.334,8.8008,0.58,448.67
5750,114,-0.98521,50,0.9818,,,67.012,3.4962,0.26,98.57
5800,115,-4.08791,50,0.9816,,,73.0,10.1163,0.58,395.25
5850,116,-0.57954,50,0.9815,,,74.605,3.0274,0.18,46.91
5900,117,-5.24738,50,0.9813,,,71.085,10.1575,0.64,566.18
5950,118,-0.11153,50,0.9812,,,73.723,1.1046,0.1,23.17
6000,119,-1.73192,50,0.981,,,69.024,5.3078,0.48,166.25
6050,120,-3.1852,50,0.9808,,,71.54,6.5038,0.46,353.04
6100,121,-0.37394,50,0.9807,,,62.44,2.3017,0.22,37.47
6150,122,-1.64307,50,0.9805,,,71.503,4.009,0.32,176.85
6200,123,-2.48775,50,0.9804,,,67.412,6.1658,0.5,252.73
6250,124,-2.75718,50,0.9802,,,61.262,5.6913,0.42,312.29
6300,125,-2.34014,50,0.98,,,71.523,5.4469,0.36,252.48
6350,126,-4.15581,50,0.9799,,,70.093,6.8137,0.4,493.96
6400,127,-3.70226,50,0.9797,,,75.067,6.5193,0.34,440.31
6450,128,-4.21842,50,0.9796,,,67.028,8.5053,0.56,458.52
6500,129,-1.23545,50,0.9794,,,64.62,4.1709,0.36,118.17
6550,130,-1.69012,50,0.9793,,,72.192,4.8747,0.42,163.58
6600,131,-3.20494,50,0.9791,,,68.919,6.1351,0.54,373.27
6650,132,-3.09827,50,0.9789,,,70.145,6.703,0.5,330.26
6700,133,-3.16025,50,0.9788,,,68.584,7.7319,0.56,323.13
6750,134,-0.04726,50,0.9786,,,63.751,1.1786,0.16,21.67
6800,135,-0.09497,50,0.9785,,,67.646,1.6558,0.12,11.44
6850,136,-2.79542,50,0.9783,,,63.511,5.6648,0.44,312.86
6900,137,-3.62592,50,0.9781,,,68.987,7.3805,0.5,395.1
6950,138,-3.01938,50,0.978,,,67.772,6.726,0.42,325.87
7000,139,-3.93228,50,0.9778,,,65.347,8.0651,0.6,426.89
7050,140,-2.41547,50,0.9777,,,68.8,4.9434,0.44,284.39
7100,141,-0.01648,50,0.9775,,,77.633,1.1914,0.04,0.93
7150,142,-3.32121,50,0.9774,,,73.714,7.259,0.5,358.31
7200,143,-2.86068,50,0.9772,,,68.351,6.4075,0.46,303.27
7250,144,-5.01957,50,0.977,,,79.775,9.7284,0.54,544.31
7300,145,-2.53783,50,0.9769,,,65.313,5.5957,0.34,279.48
7350,146,-2.25887,50,0.9767,,,72.42,5.0886,0.4,241.44
7400,147,-3.03078,50,0.9766,,,69.191,7.5469,0.54,298.98
7450,148,-2.95576,50,0.9764,,,66.737,6.2289,0.54,328.84
7500,149,-1.23162,50,0.9762,,,78.016,3.8457,0.26,121.41
7550,150,-0.59342,50,0.9761,,,71.64,2.5408,0.24,61.32
7600,151,-6.06622,50,0.9759,,,72.637,11.9846,0.68,651.35
7650,152,-3.19054,50,0.9758,,,75.984,7.63,0.5,315.78
7700,153,-1.63922,50,0.9756,,,67.611,4.9769,0.42,157.4
7750,154,-2.18264,50,0.9755,,,66.501,5.9565,0.48,212.03
7800,155,-6.76957,50,0.9753,,,72.0,10.8975,0.66,786.8
7850,156,-1.90852,50,0.9751,,,70.057,5.3101,0.46,189.01
7900,157,-2.35957,50,0.975,,,74.102,5.5986,0.4,250.66
7950,158,-2.47327,50,0.9748,,,76.893,5.9227,0.38,262.68
8000,159,-2.23579,50,0.9747,,,66.859,5.032,0.36,250.09
8050,160,-3.47822,50,0.9745,,,71.489,8.4274,0.62,352.29
8100,161,-4.39289,50,0.9744,,,74.801,8.3347,0.48,486.9
8150,162,-2.57252,50,0.9742,,,66.264,6.1533,0.42,263.97
8200,163,-1.70572,50,0.974,,,72.851,3.9733,0.36,190.18
8250,164,-4.56415,50,0.9739,,,66.823,8.1299,0.56,520.2
8300,165,-0.72835,50,0.9737,,,69.972,2.3248,0.24,84.38
8350,166,-1.12275,50,0.9736,,,71.88,3.8669,0.36,104.3
8400,167,-0.3838,50,0.9734,,,75.605,1.657,0.24,49.02
8450,168,-0.78115,50,0.9732,,,73.137,2.7579,0.24,82.74
8500,169,-1.06786,50,0.9731,,,72.042,3.7794,0.26,96.94
8550,170,-1.34692,50,0.9729,,,73.695,4.1364,0.3,125.67
8600,171,-1.49092,50,0.9728,,,66.381,3.1947,0.24,178.1
8650,172,-3.96045,50,0.9726,,,71.661,7.9455,0.62,436.75
8700,173,-0.28681,50,0.9725,,,66.315,2.0636,0.18,28.16
8750,174,-1.5003,50,0.9723,,,72.131,3.835,0.36,169.17
8800,175,-3.01059,50,0.9721,,,71.92,7.6051,0.48,299.85
8850,176,-4.40144,50,0.972,,,66.925,7.8719,0.52,498.43
8900,177,-4.87969,50,0.9718,,,72.402,11.4337,0.66,477.2
8950,178,-1.40654,50,0.9717,,,61.37,3.7633,0.32,152.83
9000,179,-3.13279,50,0.9715,,,62.953,6.9718,0.48,336.75
9050,180,-3.22647,50,0.9713,,,73.329,7.652,0.5,327.32
9100,181,-3.6188,50,0.9712,,,73.917,7.1742,0.42,398.41
9150,182,-4.10977,50,0.971,,,65.819,8.2308,0.52,450.48
9200,183,-0.51988,50,0.9709,,,69.584,2.5152,0.24,49.67
9250,184,-2.13194,50,0.9707,,,77.728,6.2067,0.44,204.78
9300,185,-2.72866,50,0.9706,,,65.008,5.4318,0.46,311.34
9350,186,-6.63394,50,0.9704,,,77.55,13.2667,0.72,700.08
9400,187,-3.4582,50,0.9702,,,65.679,7.291,0.48,377.87
9450,188,-1.74426,50,0.9701,,,71.616,4.6565,0.38,185.08
9500,189,-0.93908,50,0.9699,,,74.592,3.5638,0.28,84.79
9550,190,-5.56221,50,0.9698,,,69.84,9.7156,0.56,628.5
9600,191,-2.03135,50,0.9696,,,76.547,5.2974,0.34,207.02
9650,192,-3.48236,50,0.9694,,,69.385,6.3782,0.46,403.19
9700,193,-0.8565,50,0.9693,,,64.046,2.6315,0.24,103.89
9750,194,-0.34764,50,0.9691,,,61.656,1.7976,0.12,41.54
9800,195,-5.61734,50,0.969,,,73.75,9.3251,0.62,651.11
9850,196,-0.99866,50,0.9688,,,68.246,3.2722,0.26,105.51
9900,197,-1.43758,50,0.9687,,,69.99,4.1535,0.3,148.92
9950,198,-2.92151,50,0.9685,,,60.345,7.0104,0.58,297.55
10000,199,-2.32002,50,0.9683,,,62.37,6.0358,0.56,232.57
10050,200,-3.8937,50,0.9682,0.013028,,68.44,7.2772,0.5,439.25
10100,201,-1.05815,50,0.968,0.007777,,69.904,3.7269,0.32,95.99
10150,202,-4.3683,50,0.9679,0.007237,,80.626,8.2704,0.5,487.68
10200,203,-2.15721,50,0.9677,0.011376,,69.766,6.4327,0.44,193.93
10250,204,-2.62353,50,0.9675,0.007962,,68.657,6.9468,0.44,258.11
10300,205,-1.34904,50,0.9674,0.005138,,65.163,3.8163,0.34,142.28
10350,206,-2.68345,50,0.9672,0.010452,,67.5,6.2694,0.46,289.24
10400,207,-1.93261,50,0.9671,0.010501,,79.044,4.5328,0.36,204.38
10450,208,-3.92394,50,0.9669,0.010478,,65.529,8.0812,0.62,428.09
10500,209,-5.83693,50,0.9667,0.010535,,71.955,10.5563,0.66,646.31
10550,210,-1.51398,50,0.9666,0.007751,,62.81,3.9381,0.4,171.14
10600,211,-4.65976,50,0.9664,0.008004,,70.982,10.1028,0.66,484.2
10650,212,-2.29307,50,0.9663,0.009034,,66.672,4.6353,0.42,264.71
10700,213,-0.99449,50,0.9661,0.007818,,65.322,3.7423,0.36,93.0
10750,214,-1.18735,50,0.966,0.007001,,77.776,3.0983,0.3,133.87
10800,215,-1.96705,50,0.9658,0.007737,,63.943,4.2655,0.48,233.15
10850,216,-1.08761,50,0.9656,0.007529,,74.341,3.8273,0.32,98.83
10900,217,-3.50588,50,0.9655,0.006895,,71.197,7.989,0.58,361.78
10950,218,-3.83124,50,0.9653,0.006023,,82.021,8.5384,0.48,388.6
11000,219,-2.5175,50,0.9652,0.005787,,67.93,6.0881,0.36,267.54
11050,220,-2.90333,50,0.965,0.007268,,79.234,6.0218,0.36,316.18
11100,221,-0.32836,50,0.9648,0.009261,,76.361,1.7206,0.22,42.16
11150,222,-0.25987,50,0.9647,0.005604,,66.229,1.7688,0.14,35.42
11200,223,-0.43504,50,0.9645,0.00662,,77.851,2.1293,0.14,46.93
11250,224,-2.87076,50,0.9644,0.005912,,69.864,6.1755,0.46,316.32
11300,225,-1.54573,50,0.9642,0.005976,,67.785,4.9481,0.44,142.62
11350,226,-4.82872,50,0.9641,0.003561,,60.844,9.2733,0.62,530.26
11400,227,-3.79237,50,0.9639,0.004456,,76.25,8.0359,0.46,408.17
11450,228,-1.81656,50,0.9637,0.004863,,67.5,4.5812,0.44,197.83
11500,229,-0.05838,50,0.9636,0.005296,,67.624,1.5172,0.1,5.69
11550,230,-6.65115,50,0.9634,0.004859,,75.566,11.3861,0.62,750.66
11600,231,-6.97544,50,0.9633,0.006542,,75.329,13.9562,0.64,733.11
11650,232,-3.75983,50,0.9631,0.00435,,65.315,8.5186,0.56,385.98
11700,233,-1.88638,50,0.9629,0.004196,,69.767,4.9825,0.38,193.01
11750,234,0.13492,50,0.9628,0.004598,,75.645,0.4326,0.08,3.89
11800,235,-2.17459,50,0.9626,0.00437,,70.0,5.7274,0.5,224.57
11850,236,-0.81138,50,0.9625,0.00507,,65.136,3.2293,0.26,77.36
11900,237,-4.00381,50,0.9623,0.004237,,66.924,8.7633,0.56,419.31
11950,238,-0.94972,50,0.9622,0.004179,,72.203,3.4317,0.18,93.75
12000,239,-5.85083,50,0.962,0.004244,,73.548,10.0554,0.54,666.79
12050,240,-5.13668,50,0.9618,0.006061,,70.263,10.8846,0.68,534.99
12100,241,-3.00294,50,0.9617,0.006194,,79.265,6.0332,0.34,333.53
12150,242,-3.97464,50,0.9615,0.005006,,73.064,8.4744,0.5,424.99
12200,243,-1.21919,50,0.9614,0.004377,,72.668,4.0295,0.38,113.45
12250,244,-0.47897,50,0.9612,0.004479,,62.838,2.4494,0.24,47.81
12300,245,-2.44951,50,0.961,0.004161,,69.161,6.1405,0.36,243.09
12350,246,-2.6214,50,0.9609,0.004639,,71.049,6.7559,0.5,253.84
12400,247,-3.19791,50,0.9607,0.003598,,70.246,8.0735,0.46,309.18
12450,248,-2.17165,50,0.9606,0.004771,,71.072,5.6897,0.38,220.01
12500,249,-2.80085,50,0.9604,0.004028,,71.138,5.1699,0.42,330.8
12550,250,0.01856,50,0.9603,0.003641,,67.369,0.9227,0.08,7.67
12600,251,-1.80801,50,0.9601,0.004184,,64.805,5.3502,0.44,173.98
12650,252,-4.42058,50,0.9599,0.004025,,73.053,8.3969,0.6,495.89
12700,253,-4.52405,50,0.9598,0.003421,,70.416,9.118,0.58,489.74
12750,254,-0.20145,50,0.9596,0.00447,,74.636,1.2941,0.18,30.93
12800,255,-0.60745,50,0.9595,0.003079,,75.511,2.2984,0.16,72.15
12850,256,-2.71768,50,0.9593,0.003732,,72.08,5.9942,0.38,296.3
12900,257,-1.78736,50,0.9591,0.004924,,72.48,5.4309,0.34,170.79
12950,258,-1.70697,50,0.959,0.005459,,79.318,4.8575,0.4,166.83
13000,259,-3.86263,50,0.9588,0.003244,,64.148,8.197,0.48,415.39
13050,260,-2.91114,50,0.9587,0.006102,,68.476,6.6044,0.48,305.54
13100,261,-2.90527,50,0.9585,0.004641,,67.095,6.8955,0.48,303.12
13150,262,-3.70112,50,0.9584,0.004211,,73.75,6.7352,0.46,428.17
13200,263,-1.24947,50,0.9582,0.005795,,71.141,4.2269,0.38,128.41
13250,264,-1.39536,50,0.958,0.004681,,69.766,2.9454,0.28,170.26
13300,265,-1.70865,50,0.9579,0.003705,,65.17,4.5792,0.38,185.55
13350,266,-2.0894,50,0.9577,0.003617,,69.708,5.2882,0.4,209.41
13400,267,-1.89697,50,0.9576,0.003918,,71.01,5.1715,0.46,188.6
13450,268,-1.78933,50,0.9574,0.0052,,66.994,4.9154,0.44,176.36
13500,269,-3.84707,50,0.9573,0.005329,,69.365,7.8912,0.5,419.76
13550,270,-3.52316,50,0.9571,0.003354,,68.259,7.8011,0.5,364.27
13600,271,-4.71529,50,0.9569,0.003645,,61.25,7.9946,0.54,553.14
13650,272,-2.26561,50,0.9568,0.004333,,63.545,5.8799,0.48,229.2
13700,273,-9.40272,50,0.9566,0.003948,,67.75,14.9185,0.74,1083.59
13750,274,-4.19695,50,0.9565,0.004399,,65.759,9.3262,0.6,437.63
13800,275,-2.12671,50,0.9563,0.003178,,73.837,5.2803,0.36,217.11
13850,276,-2.39365,50,0.9561,0.003446,,80.595,5.8864,0.38,241.27
13900,277,-2.72569,50,0.956,0.004254,,69.403,6.7145,0.52,280.17
13950,278,-1.7652,50,0.9558,0.004194,,74.518,4.3517,0.26,198.36
14000,279,-3.98669,50,0.9557,0.003463,,71.0,7.3175,0.42,453.3
14050,280,-0.76227,50,0.9555,0.004929,,64.14,1.8916,0.18,109.3
14100,281,-5.08566,50,0.9554,0.003633,,71.205,11.2772,0.62,524.65
14150,282,-0.86405,50,0.9552,0.004618,,71.613,2.4646,0.28,104.96
14200,283,-1.71568,50,0.955,0.003541,,63.75,4.7502,0.44,175.4
14250,284,-0.3318,50,0.9549,0.002419,,72.778,1.7179,0.16,37.99
14300,285,-1.71771,50,0.9547,0.003542,,71.759,4.4197,0.28,193.55
14350,286,-3.5906,50,0.9546,0.003769,,67.35,8.3632,0.6,365.76
14400,287,-4.90372,50,0.9544,0.002894,,72.966,8.6446,0.52,562.92
14450,288,-0.71018,50,0.9542,0.003375,,63.046,2.9802,0.3,71.11
14500,289,-1.77846,50,0.9541,0.004888,,67.845,3.9766,0.34,204.05
14550,290,-1.68617,50,0.9539,0.003779,,69.027,4.919,0.44,163.15
14600,291,-1.41916,50,0.9538,0.004306,,67.186,3.7078,0.24,154.01
14650,292,-3.02826,50,0.9536,0.003695,,76.925,8.2992,0.48,274.49
14700,293,-2.61687,50,0.9535,0.003774,,74.139,5.6049,0.44,287.03
14750,294,-1.43013,50,0.9533,0.003337,,71.34,4.0222,0.36,148.69
14800,295,-2.44011,50,0.9531,0.003913,,74.635,5.9093,0.42,248.42
14850,296,-3.02871,50,0.953,0.002632,,68.767,8.0693,0.62,282.11
14900,297,-1.8377,50,0.9528,0.003496,,75.43,4.4931,0.34,197.77
14950,298,-5.03067,50,0.9527,0.002929,,69.824,7.8069,0.5,603.73
15000,299,-1.63985,50,0.9525,0.003667,,68.319,4.1892,0.3,175.05
15050,300,-1.88323,50,0.9523,0.0043,,72.354,3.7649,0.46,229.62
15100,301,-0.36177,50,0.9522,0.004079,,67.013,1.5036,0.18,43.78
15150,302,-2.65759,50,0.952,0.003616,,71.25,6.6069,0.52,267.45
15200,303,-0.69581,50,0.9519,0.003311,,75.194,2.8843,0.24,60.48
15250,304,-4.38182,50,0.9517,0.004562,,67.563,8.8104,0.6,472.06
15300,305,-1.14701,50,0.9516,0.003878,,65.996,3.7111,0.36,115.04
15350,306,-2.57587,50,0.9514,0.00359,,73.661,6.0214,0.42,270.79
15400,307,-0.70613,50,0.9512,0.004626,,68.707,2.6146,0.32,71.73
15450,308,-1.82118,50,0.9511,0.003068,,66.241,5.765,0.4,162.06
15500,309,-0.4767,50,0.9509,0.003964,,69.797,2.1169,0.22,53.67
15550,310,-1.17185,50,0.9508,0.003448,,69.813,4.1984,0.42,112.99
15600,311,-3.07113,50,0.9506,0.00306,,67.002,6.4535,0.42,343.4
15650,312,-0.25002,50,0.9504,0.004061,,63.508,1.3065,0.18,40.93
15700,313,-1.7889,50,0.9503,0.003811,,68.132,4.5343,0.52,192.6
15750,314,-3.41793,50,0.9501,0.003457,,66.417,8.4164,0.56,348.77
15800,315,-4.82502,50,0.95,0.004401,,68.897,8.6665,0.54,549.59
15850,316,-0.81043,50,0.9498,0.003909,,59.795,3.5937,0.32,76.06
15900,317,-0.25454,50,0.9496,0.00513,,81.672,1.817,0.08,22.76
15950,318,-3.29359,50,0.9495,0.004681,,77.637,7.6773,0.48,335.29
16000,319,-3.54563,50,0.9493,0.003469,,66.522,8.0298,0.56,366.88
16050,320,-3.53896,50,0.9492,0.003321,,69.84,7.0664,0.54,393.0
16100,321,-1.72972,50,0.949,0.004492,,69.087,4.2164,0.32,190.89
16150,322,-5.99528,50,0.9489,0.003829,,70.87,11.0764,0.58,658.43
16200,323,-3.51972,50,0.9487,0.005124,,71.744,7.9608,0.52,359.87
16250,324,-2.27069,50,0.9485,0.003157,,63.837,5.389,0.44,243.85
16300,325,-5.75469,50,0.9484,0.0039,,70.851,9.466,0.56,667.4
16350,326,-2.95397,50,0.9482,0.00324,,66.084,5.6359,0.52,342.36
16400,327,-0.22917,50,0.9481,0.003658,,61.621,2.0297,0.18,26.72
16450,328,-2.53895,50,0.9479,0.003266,,68.75,5.5895,0.48,273.91
16500,329,-4.27012,50,0.9477,0.00402,,67.606,7.5032,0.58,493.59
16550,330,-2.40629,50,0.9476,0.00426,,63.872,5.6717,0.44,253.23
16600,331,-1.27516,50,0.9474,0.003636,,73.866,3.2107,0.18,149.61
16650,332,-4.73993,50,0.9473,0.004689,,73.75,10.0572,0.64,496.45
16700,333,-3.48748,50,0.9471,0.00405,,66.905,8.4804,0.58,343.49
16750,334,-4.0595,50,0.947,0.003393,,66.341,8.2756,0.56,433.22
16800,335,-0.83079,50,0.9468,0.002817,,63.515,3.035,0.26,94.32
16850,336,-3.26407,50,0.9466,0.0037,,73.626,7.3749,0.54,341.53
16900,337,-0.98459,50,0.9465,0.005249,,71.595,3.5653,0.28,87.53
16950,338,-0.2827,50,0.9463,0.004753,,65.213,1.4374,0.18,39.81
17000,339,-3.70714,50,0.9462,0.003109,,69.609,8.5513,0.54,378.4
17050,340,-2.8285,50,0.946,0.005435,,74.221,6.7466,0.46,293.34
17100,341,-0.52572,50,0.9458,0.00412,,70.0,2.7877,0.26,51.92
17150,342,-1.263,50,0.9457,0.00359,,65.31,4.2418,0.42,120.98
17200,343,-2.09698,50,0.9455,0.003702,,65.856,4.5988,0.34,232.47
17250,344,-1.54945,50,0.9454,0.004568,,77.553,3.7687,0.28,173.14
17300,345,-0.61505,50,0.9452,0.003573,,68.914,2.9393,0.32,53.4
17350,346,-4.31813,50,0.9451,0.003089,,77.674,9.6202,0.62,448.71
17400,347,-6.55436,50,0.9449,0.003386,,75.942,9.7819,0.58,775.7
17450,348,-2.13287,50,0.9447,0.004374,,64.034,5.576,0.46,222.85
17500,349,-1.66013,50,0.9446,0.003043,,76.193,4.7525,0.38,164.69
17550,350,-3.88308,50,0.9444,0.004298,,64.0,7.143,0.6,447.95
17600,351,-4.34605,50,0.9443,0.003142,,71.25,9.3702,0.56,454.68
17650,352,-1.1011,50,0.9441,0.004226,,73.445,3.5787,0.24,108.99
17700,353,-1.10881,50,0.9439,0.003689,,72.117,3.6051,0.34,111.55
17750,354,0.00271,50,0.9438,0.004861,,82.276,0.6526,0.06,7.41
17800,355,-2.7028,50,0.9436,0.004695,,66.858,4.8691,0.36,326.0
17850,356,-1.24774,50,0.9435,0.003453,,66.974,3.9527,0.34,115.49
17900,357,-0.65574,50,0.9433,0.003725,,72.643,2.6734,0.2,63.33
17950,358,-1.1359,50,0.9432,0.004307,,62.971,3.6871,0.32,117.29
18000,359,-0.53881,50,0.943,0.003459,,82.033,1.9957,0.12,60.61
18050,360,-3.71526,50,0.9428,0.003636,,65.057,6.9883,0.44,424.61
18100,361,-1.59958,50,0.9427,0.004137,,71.864,5.1976,0.44,137.89
18150,362,-4.57891,50,0.9425,0.003166,,77.119,8.4964,0.52,506.68
18200,363,-2.51024,50,0.9424,0.003347,,78.839,5.0922,0.34,288.77
18250,364,-4.55156,50,0.9422,0.004276,,66.889,6.8277,0.48,559.03
18300,365,-3.28083,50,0.9421,0.004192,,63.571,6.1942,0.42,379.21
18350,366,-3.05167,50,0.9419,0.004395,,68.299,6.6752,0.58,335.97
18400,367,-4.62284,50,0.9417,0.003647,,64.177,10.2388,0.62,469.16
18450,368,-1.81226,50,0.9416,0.003341,,70.067,5.17,0.4,179.55
18500,369,-1.46376,50,0.9414,0.003515,,66.362,4.4031,0.28,151.44
18550,370,-2.18465,50,0.9413,0.004785,,77.666,5.6563,0.38,224.01
18600,371,-4.88458,50,0.9411,0.00293,,69.375,9.0155,0.54,549.12
18650,372,-6.36047,50,0.9409,0.003581,,71.65,12.749,0.74,674.14
18700,373,-1.41949,50,0.9408,0.003311,,67.523,4.2759,0.32,139.99
18750,374,-1.2298,50,0.9406,0.004324,,70.776,3.5673,0.32,128.53
18800,375,-3.53369,50,0.9405,0.004552,,70.999,7.4357,0.52,381.42
18850,376,-3.79742,50,0.9403,0.004496,,66.188,8.4296,0.64,394.42
18900,377,-1.06415,50,0.9402,0.003668,,64.737,3.3213,0.36,115.25
18950,378,-3.60255,50,0.94,0.003878,,65.0,7.8758,0.6,378.8
19000,379,-1.35123,50,0.9398,0.003084,,67.599,3.7636,0.36,151.55
19050,380,-1.02834,50,0.9397,0.003628,,71.26,2.5486,0.28,127.43
19100,381,-1.721,50,0.9395,0.004132,,66.315,4.9034,0.5,167.89
19150,382,-0.06441,50,0.9394,0.003889,,67.601,1.3493,0.1,11.59
19200,383,-3.15521,50,0.9392,0.003486,,67.134,5.9295,0.46,364.64
19250,384,0.01016,50,0.939,0.002796,,70.91,0.7158,0.16,7.71
19300,385,-0.8407,50,0.9389,0.003798,,64.597,2.7262,0.26,88.65
19350,386,-2.98517,50,0.9387,0.003737,,79.266,7.1286,0.48,300.89
19400,387,-3.48603,50,0.9386,0.004083,,70.536,8.4362,0.56,343.26
19450,388,-7.5618,50,0.9384,0.003293,,74.577,13.3535,0.66,842.21
19500,389,-2.78746,50,0.9383,0.00416,,66.855,6.3271,0.46,300.47
19550,390,-0.60211,50,0.9381,0.003262,,74.833,1.8012,0.22,75.98
19600,391,-0.86007,50,0.9379,0.003264,,66.954,2.6298,0.22,105.67
19650,392,-4.66835,50,0.9378,0.003406,,64.775,9.3999,0.64,499.88
19700,393,-1.92115,50,0.9376,0.002571,,73.337,5.7048,0.36,177.53
19750,394,-1.80487,50,0.9375,0.003228,,66.853,5.2769,0.5,180.57
19800,395,-3.6112,50,0.9373,0.003477,,67.15,8.6407,0.58,367.84
19850,396,-3.84219,50,0.9371,0.004423,,72.553,8.2428,0.44,414.12
19900,397,-6.31286,50,0.937,0.003347,,66.838,12.7871,0.78,672.16
19950,398,-5.75224,50,0.9368,0.003242,,70.0,10.6006,0.64,637.19
20000,399,-1.74997,50,0.9367,0.003,,68.0,4.5267,0.32,186.89
20050,400,-1.43679,50,0.9365,0.003492,,58.907,3.6769,0.4,159.77
20100,401,-1.64377,50,0.9364,0.003604,,81.507,4.7342,0.26,168.86
20150,402,-3.73794,50,0.9362,0.003232,,69.547,8.6284,0.54,384.4
20200,403,-1.72454,50,0.936,0.003831,,71.968,4.9258,0.3,169.21
20250,404,-3.39281,50,0.9359,0.0036,,71.0,8.8955,0.62,322.42
20300,405,-1.10598,50,0.9357,0.003092,,69.451,3.6572,0.38,108.81
20350,406,-3.61516,50,0.9356,0.00386,,72.98,6.2985,0.4,427.64
20400,407,-2.59187,50,0.9354,0.004346,,57.704,6.1986,0.54,276.81
20450,408,-0.97613,50,0.9352,0.00341,,67.509,3.1669,0.3,104.39
20500,409,-1.29567,50,0.9351,0.003466,,68.75,3.9508,0.36,127.13
20550,410,-4.82376,50,0.9349,0.004269,,72.488,10.0488,0.56,502.86
20600,411,-2.0685,50,0.9348,0.004301,,67.5,5.2975,0.34,211.72
20650,412,-0.80713,50,0.9346,0.003316,,74.933,2.6824,0.22,86.89
20700,413,-4.23183,50,0.9345,0.003228,,68.77,9.5816,0.6,430.97
20750,414,-4.22482,50,0.9343,0.003965,,70.393,8.1193,0.52,463.71
20800,415,-2.89355,50,0.9341,0.003146,,69.0,6.7234,0.52,303.25
20850,416,-3.23131,50,0.934,0.003513,,75.569,7.0203,0.52,348.75
20900,417,-1.07779,50,0.9338,0.003166,,68.734,3.6236,0.26,112.8
20950,418,-1.15566,50,0.9337,0.003875,,78.968,2.8135,0.18,129.77
21000,419,-0.33369,50,0.9335,0.003849,,63.275,1.8494,0.24,45.3
21050,420,-4.103,50,0.9333,0.003479,,70.956,8.1862,0.46,443.42
21100,421,-3.01822,50,0.9332,0.002955,,71.259,7.007,0.52,308.13
21150,422,-1.77245,50,0.933,0.00305,,66.402,4.4887,0.46,192.49
21200,423,-7.08863,50,0.9329,0.00388,,71.533,12.7184,0.78,783.13
21250,424,-4.2592,50,0.9327,0.002992,,68.001,8.9926,0.58,449.81
21300,425,-3.247,50,0.9325,0.00452,,63.437,7.3154,0.6,343.05
21350,426,-0.08793,50,0.9324,0.003567,,67.07,1.1347,0.16,14.06
21400,427,-5.97194,50,0.9322,0.00337,,79.574,10.6305,0.56,663.05
21450,428,0.01243,50,0.9321,0.004074,,62.348,0.9002,0.06,17.04
21500,429,-5.66084,50,0.9319,0.003799,,68.202,11.6076,0.78,594.57
21550,430,-1.73154,50,0.9318,0.003066,,66.783,4.4772,0.42,185.05
21600,431,-2.31172,50,0.9316,0.002964,,67.005,5.0898,0.4,248.36
21650,432,-0.33075,50,0.9314,0.002847,,76.147,1.9784,0.2,27.56
21700,433,-3.55116,50,0.9313,0.004527,,76.075,7.9842,0.56,373.38
21750,434,-0.62668,50,0.9311,0.003007,,70.892,1.8252,0.22,86.87
21800,435,-2.27557,50,0.931,0.003923,,65.56,5.1629,0.52,247.35
21850,436,-6.6617,50,0.9308,0.003641,,80.465,11.6525,0.64,746.33
21900,437,-1.72609,50,0.9306,0.004067,,74.527,4.5679,0.32,186.01
21950,438,-3.82706,50,0.9305,0.003379,,67.5,8.0735,0.58,419.21
22000,439,-1.17263,50,0.9303,0.003368,,71.718,3.6038,0.3,120.49
22050,440,-0.835,50,0.9302,0.003326,,68.436,3.1793,0.36,89.53
22100,441,-4.36724,50,0.93,0.002535,,62.805,8.1289,0.64,492.43
22150,442,-1.41943,50,0.9299,0.004002,,64.664,3.8699,0.36,158.74
22200,443,-4.40045,50,0.9297,0.003235,,64.332,8.3163,0.58,494.36
22250,444,-0.33656,50,0.9295,0.003145,,68.153,2.0375,0.28,31.44
22300,445,-2.18351,50,0.9294,0.003009,,73.452,4.9475,0.32,236.38
22350,446,-1.85889,50,0.9292,0.003223,,64.638,5.4654,0.38,172.3
22400,447,-1.00149,50,0.9291,0.00341,,74.802,3.6341,0.28,101.31
22450,448,-1.82281,50,0.9289,0.002741,,69.061,4.6196,0.32,190.79
22500,449,-0.14922,50,0.9287,0.003833,,70.021,1.5241,0.14,20.37
22550,450,-2.78874,50,0.9286,0.003482,,62.5,6.3951,0.56,301.25
22600,451,-4.42572,50,0.9284,0.002897,,75.0,10.7924,0.56,425.38
22650,452,-0.11362,50,0.9283,0.002686,,71.981,1.1341,0.1,17.97
22700,453,-5.30436,50,0.9281,0.003846,,64.8,10.0046,0.64,594.51
22750,454,-1.23727,50,0.928,0.002775,,69.926,4.3265,0.36,110.0
22800,455,-1.43476,50,0.9278,0.002871,,70.522,4.3595,0.4,143.22
22850,456,-0.44183,50,0.9276,0.003224,,72.686,2.4842,0.2,40.77
22900,457,-1.3339,50,0.9275,0.004345,,62.353,3.9019,0.34,149.73
22950,458,-1.45054,50,0.9273,0.003387,,73.541,4.6737,0.4,138.73
23000,459,-1.98253,50,0.9272,0.003313,,65.38,4.9579,0.42,211.94
23050,460,-3.82325,50,0.927,0.003462,,64.563,8.6132,0.62,389.3
23100,461,-5.5581,50,0.9268,0.002853,,81.527,10.6098,0.66,601.34
23150,462,-0.39501,50,0.9267,0.004105,,69.641,2.1815,0.24,38.55
23200,463,-1.61747,50,0.9265,0.003708,,69.156,4.5024,0.36,167.38
23250,464,-1.71147,50,0.9264,0.003181,,71.682,4.3703,0.36,183.84
23300,465,-1.08087,50,0.9262,0.003931,,71.959,3.5582,0.38,107.03
23350,466,-0.83981,50,0.9261,0.002345,,60.718,2.3356,0.28,102.3
23400,467,-7.22424,50,0.9259,0.002799,,68.991,13.1908,0.64,793.7
23450,468,-3.72042,50,0.9257,0.004002,,63.794,6.988,0.58,422.92
23500,469,-1.85445,50,0.9256,0.003125,,62.78,4.8316,0.44,191.57
23550,470,-5.48436,50,0.9254,0.003961,,74.633,11.8794,0.72,558.11
23600,471,-2.82564,50,0.9253,0.00502,,73.716,5.8783,0.5,311.38
23650,472,-1.84574,50,0.9251,0.003114,,67.035,3.8594,0.32,217.75
23700,473,-4.71962,50,0.925,0.003445,,74.976,9.8065,0.64,491.81
23750,474,-0.21014,50,0.9248,0.003769,,71.395,1.5918,0.16,21.97
23800,475,-3.5833,50,0.9246,0.004729,,64.0,7.5575,0.54,387.23
23850,476,-2.08455,50,0.9245,0.002975,,63.14,4.9351,0.44,229.17
23900,477,-0.66841,50,0.9243,0.003162,,68.125,2.4098,0.22,70.16
23950,478,-0.99662,50,0.9242,0.003377,,65.175,3.2467,0.4,106.76
24000,479,-1.17309,50,0.924,0.003476,,66.521,4.1666,0.36,110.18
24050,480,-4.01978,50,0.9238,0.00363,,72.5,9.2357,0.56,402.58
24100,481,-1.16955,50,0.9237,0.003454,,70.289,3.7859,0.42,116.67
24150,482,-4.4971,50,0.9235,0.003559,,70.157,8.7725,0.6,494.02
24200,483,-1.49363,50,0.9234,0.004412,,69.33,4.126,0.38,153.52
24250,484,-2.88873,50,0.9232,0.003449,,63.785,7.1265,0.62,294.16
24300,485,-1.8107,50,0.9231,0.002944,,66.006,5.6941,0.38,159.21
24350,486,-1.62573,50,0.9229,0.004308,,69.673,5.131,0.3,144.85
24400,487,-1.46458,50,0.9227,0.00343,,66.655,4.4946,0.42,146.0
24450,488,-0.81918,50,0.9226,0.003965,,75.373,3.0966,0.24,81.83
24500,489,-2.18441,50,0.9224,0.003355,,63.921,6.2739,0.46,212.92
24550,490,-4.56061,50,0.9223,0.00326,,70.25,9.2244,0.54,489.01
24600,491,-0.68113,50,0.9221,0.004346,,76.893,2.6248,0.3,66.16
24650,492,-0.85377,50,0.9219,0.004452,,71.697,3.1868,0.32,80.16
24700,493,-0.39137,50,0.9218,0.002688,,71.645,2.0426,0.22,39.0
24750,494,-1.84233,50,0.9216,0.002662,,69.452,5.8311,0.46,162.0
24800,495,-1.47021,50,0.9215,0.003738,,74.856,3.4091,0.26,171.65
24850,496,-4.60369,50,0.9213,0.003149,,67.5,10.3654,0.68,466.8
24900,497,-1.77974,50,0.9212,0.00282,,69.795,5.7223,0.42,161.82
24950,498,-4.90279,50,0.921,0.004142,,76.2,8.8074,0.58,554.76
25000,499,-0.82631,50,0.9208,0.003663,,72.956,2.777,0.24,95.49
25050,500,-0.64273,50,0.9207,0.003429,,65.369,2.6556,0.26,69.06
25100,501,-3.80683,50,0.9205,0.002893,,65.317,6.8787,0.56,435.26
25150,502,-0.79489,50,0.9204,0.003021,,63.28,3.1344,0.32,75.98
25200,503,-3.50057,50,0.9202,0.003245,,67.856,8.455,0.54,347.9
25250,504,-0.60436,50,0.92,0.003551,,66.711,2.82,0.16,60.95
25300,505,-3.52199,50,0.9199,0.003278,,66.425,6.9346,0.42,395.06
25350,506,-1.71045,50,0.9197,0.00357,,66.161,4.3515,0.3,184.42
25400,507,-6.19498,50,0.9196,0.002993,,73.085,11.1086,0.6,685.63
25450,508,-2.37511,50,0.9194,0.003494,,69.893,6.999,0.6,215.41
25500,509,-2.88539,50,0.9193,0.004827,,64.786,5.8917,0.46,330.92
25550,510,-0.76859,50,0.9191,0.003223,,65.624,2.6727,0.34,85.61
25600,511,-1.62066,50,0.9189,0.003664,,67.264,4.9025,0.44,155.11
25650,512,-0.30351,50,0.9188,0.003391,,69.753,2.0722,0.22,30.69
25700,513,-2.91985,50,0.9186,0.003446,,70.795,7.0362,0.46,299.39
25750,514,-0.73398,50,0.9185,0.00365,,71.789,2.6249,0.2,78.77
25800,515,-6.45808,50,0.9183,0.003468,,74.438,11.1144,0.72,735.2
25850,516,-2.44164,50,0.9181,0.00329,,68.241,5.2883,0.4,268.26
25900,517,-2.80314,50,0.918,0.002987,,67.5,7.8523,0.54,262.13
25950,518,-3.08272,50,0.9178,0.00347,,67.321,8.0453,0.62,288.78
26000,519,-1.42941,50,0.9177,0.003783,,68.911,3.7453,0.36,164.17
26050,520,-1.56496,50,0.9175,0.004195,,63.954,4.6271,0.38,156.35
26100,521,-1.1768,50,0.9173,0.003345,,63.675,3.642,0.36,123.29
26150,522,-3.38996,50,0.9172,0.003776,,73.798,7.2653,0.5,369.15
26200,523,-0.38328,50,0.917,0.003525,,68.84,1.9615,0.16,44.17
26250,524,-0.30035,50,0.9169,0.003932,,70.435,1.8329,0.14,35.99
26300,525,-5.94037,50,0.9167,0.003639,,77.039,11.402,0.74,645.01
26350,526,-4.85713,50,0.9166,0.003507,,72.5,8.8272,0.7,553.22
26400,527,-1.18397,50,0.9164,0.003466,,62.617,4.2616,0.44,106.86
26450,528,-4.62376,50,0.9162,0.003777,,72.5,9.5099,0.56,491.27
26500,529,-3.82796,50,0.9161,0.003773,,68.785,6.682,0.46,448.22
26550,530,-1.18122,50,0.9159,0.003537,,71.25,3.5831,0.3,127.59
26600,531,-5.01099,50,0.9158,0.003443,,64.937,10.1087,0.66,537.28
26650,532,-0.49208,50,0.9156,0.003841,,62.778,2.1209,0.24,61.7
26700,533,-3.14805,50,0.9154,0.003729,,68.751,6.3603,0.5,354.23
26750,534,-2.176,50,0.9153,0.003563,,65.7,5.987,0.5,209.17
26800,535,-3.97319,50,0.9151,0.003767,,68.167,7.9414,0.6,437.87
26850,536,-0.25822,50,0.915,0.002896,,71.937,1.6139,0.14,34.11
26900,537,-4.62622,50,0.9148,0.003537,,70.282,10.1787,0.64,472.89
26950,538,-2.05343,50,0.9147,0.003497,,65.889,3.9318,0.22,245.92
27000,539,-3.2035,50,0.9145,0.004104,,72.507,7.7629,0.5,322.87
27050,540,-1.41985,50,0.9143,0.00406,,62.12,3.9444,0.36,151.45
27100,541,-0.42885,50,0.9142,0.003709,,73.777,1.9214,0.18,39.38
27150,542,-5.82988,50,0.914,0.003942,,76.815,12.2318,0.7,600.61
27200,543,-2.77572,50,0.9139,0.003753,,58.877,6.7295,0.54,279.46
27250,544,-0.23273,50,0.9137,0.004763,,61.39,1.747,0.2,28.2
27300,545,-1.00899,50,0.9135,0.004134,,73.901,3.5411,0.32,95.48
27350,546,-0.51105,50,0.9134,0.003359,,66.639,2.2438,0.2,55.89
27400,547,-3.73301,50,0.9132,0.003785,,71.937,9.0807,0.58,362.35
27450,548,-1.03039,50,0.9131,0.003596,,71.0,3.6041,0.36,98.14
27500,549,-3.51663,50,0.9129,0.003926,,71.641,8.8975,0.56,340.68
27550,550,-3.09374,50,0.9128,0.003487,,70.913,6.6371,0.44,336.37
27600,551,-1.2894,50,0.9126,0.003483,,71.649,3.3069,0.28,142.44
27650,552,-6.87137,50,0.9124,0.004209,,77.767,13.3564,0.7,732.7
27700,553,-0.2254,50,0.9123,0.003787,,77.367,1.6155,0.16,35.1
27750,554,-4.55157,50,0.9121,0.003805,,70.09,9.6771,0.64,476.27
27800,555,-1.77745,50,0.912,0.004711,,66.505,4.9392,0.54,179.42
27850,556,-0.97461,50,0.9118,0.004164,,66.849,2.3276,0.22,125.37
27900,557,-1.17894,50,0.9116,0.003344,,70.857,4.1191,0.42,108.44
27950,558,-2.33943,50,0.9115,0.004743,,62.459,5.6772,0.46,242.58
28000,559,-1.43096,50,0.9113,0.004243,,61.527,4.1303,0.34,145.74
28050,560,-1.64524,50,0.9112,0.004143,,69.225,4.9354,0.48,162.5
28100,561,-1.15136,50,0.911,0.003869,,71.478,3.452,0.2,114.21
28150,562,-0.9738,50,0.9109,0.004438,,68.037,2.6275,0.28,115.4
28200,563,-3.18412,50,0.9107,0.004123,,69.67,7.2988,0.58,323.31
28250,564,-2.19113,50,0.9105,0.003861,,71.931,4.6354,0.4,259.25
28300,565,-1.95245,50,0.9104,0.004423,,69.761,5.8093,0.44,183.31
28350,566,-2.34746,50,0.9102,0.004434,,64.26,5.61,0.46,255.36
28400,567,-1.40628,50,0.9101,0.003148,,67.749,4.081,0.44,151.01
28450,568,-1.42343,50,0.9099,0.004091,,66.258,4.2765,0.46,141.59
28500,569,-2.08263,50,0.9098,0.003445,,69.473,4.4737,0.28,232.73
28550,570,-2.95415,50,0.9096,0.003746,,67.456,7.6786,0.58,284.58
28600,571,-1.64507,50,0.9094,0.003447,,69.765,4.6058,0.38,159.83
28650,572,-3.59348,50,0.9093,0.003788,,63.363,6.6871,0.5,415.71
28700,573,-0.61777,50,0.9091,0.003916,,70.06,2.5888,0.2,60.56
28750,574,-3.33993,50,0.909,0.00364,,65.001,6.9468,0.44,371.57
28800,575,-3.76087,50,0.9088,0.004006,,64.676,8.1418,0.54,396.92
28850,576,-2.00841,50,0.9086,0.004136,,72.283,5.5355,0.4,194.41
28900,577,-1.68432,50,0.9085,0.004649,,65.181,3.6764,0.36,204.33
28950,578,-2.03369,50,0.9083,0.004595,,61.092,5.2237,0.38,211.71
29000,579,-2.94555,50,0.9082,0.003746,,72.233,7.3677,0.42,291.52
29050,580,-3.39987,50,0.908,0.004405,,68.609,7.8571,0.52,351.02
29100,581,-3.29489,50,0.9079,0.003898,,75.952,6.7317,0.5,369.05
29150,582,-2.30851,50,0.9077,0.004032,,76.434,5.2421,0.42,251.11
29200,583,-5.16041,50,0.9075,0.004655,,69.31,10.4128,0.68,558.54
29250,584,-1.54727,50,0.9074,0.003873,,81.074,4.0668,0.3,165.93
29300,585,-1.55891,50,0.9072,0.00411,,70.786,4.9011,0.5,146.46
29350,586,-0.43984,50,0.9071,0.004086,,75.862,2.299,0.2,46.85
29400,587,-3.20354,50,0.9069,0.003772,,69.6,6.2696,0.48,360.93
29450,588,-2.72051,50,0.9067,0.004254,,65.002,5.7099,0.42,300.94
29500,589,-0.51212,50,0.9066,0.004497,,74.44,2.1842,0.18,62.93
29550,590,-2.49593,50,0.9064,0.003815,,67.673,5.8912,0.46,269.21
29600,591,-2.29191,50,0.9063,0.004022,,71.453,5.629,0.32,236.72
29650,592,-0.11696,50,0.9061,0.003809,,86.585,1.3588,0.06,13.22
29700,593,-2.68714,50,0.906,0.004211,,70.183,6.5704,0.4,268.01
29750,594,-2.20497,50,0.9058,0.004433,,76.478,4.9958,0.32,239.7
29800,595,-0.81384,50,0.9056,0.00308,,70.531,3.4758,0.32,61.47
29850,596,-2.57348,50,0.9055,0.005091,,76.693,7.8965,0.52,222.25
29900,597,-0.51954,50,0.9053,0.003722,,76.33,2.113,0.18,61.6
29950,598,-1.03678,50,0.9052,0.003673,,65.643,3.1211,0.32,108.07
30000,599,-4.37096,50,0.905,0.00463,,73.75,9.4828,0.66,461.12
30050,600,-4.9819,50,0.9048,0.004754,,77.596,10.0558,0.54,531.71
30100,601,-3.57057,50,0.9047,0.004751,,67.0,9.1503,0.6,338.69
30150,602,-2.08994,50,0.9045,0.005105,,66.451,5.9286,0.56,207.86
30200,603,-1.6563,50,0.9044,0.00378,,71.535,4.765,0.4,163.46
30250,604,-3.62044,50,0.9042,0.00502,,65.605,6.8523,0.5,409.64
30300,605,-4.44631,50,0.9041,0.004532,,72.5,8.7782,0.56,486.87
30350,606,-4.37159,50,0.9039,0.003743,,80.8,7.0302,0.48,513.78
30400,607,-3.35354,50,0.9037,0.003795,,68.279,7.4162,0.48,353.37
30450,608,-2.93137,50,0.9036,0.003935,,71.799,7.1321,0.48,305.49
30500,609,-1.49564,50,0.9034,0.003977,,68.478,3.9638,0.3,164.87
30550,610,-2.39043,50,0.9033,0.004421,,72.501,4.9687,0.38,277.37
30600,611,-2.15832,50,0.9031,0.003713,,76.168,5.4352,0.48,221.28
30650,612,-2.01305,50,0.9029,0.004427,,70.322,5.1614,0.48,209.2
30700,613,-3.11663,50,0.9028,0.004338,,60.0,7.0318,0.58,322.67
30750,614,-0.16933,50,0.9026,0.004852,,68.598,1.3319,0.16,26.34
30800,615,-3.39348,50,0.9025,0.003492,,68.128,8.0921,0.56,349.48
30850,616,-4.30349,50,0.9023,0.004672,,72.123,8.7688,0.54,459.12
30900,617,-3.38107,50,0.9022,0.003545,,63.11,7.4523,0.5,360.82
30950,618,-1.7711,50,0.902,0.003831,,68.895,4.6976,0.38,187.08
31000,619,-5.32339,50,0.9018,0.004693,,67.012,10.7607,0.66,573.7
31050,620,-1.70944,50,0.9017,0.004371,,62.704,4.9207,0.32,169.16
31100,621,-4.5095,50,0.9015,0.00473,,69.681,9.3466,0.62,484.0
31150,622,-2.14482,50,0.9014,0.004056,,68.284,5.9479,0.36,208.15
31200,623,-4.04265,50,0.9012,0.003879,,63.75,7.9654,0.52,447.68
31250,624,-2.70194,50,0.901,0.00414,,68.389,5.278,0.44,308.16
31300,625,-2.12324,50,0.9009,0.003945,,64.814,5.5777,0.46,217.15
31350,626,-3.51663,50,0.9007,0.003769,,71.645,6.8791,0.48,398.33
31400,627,-3.9825,50,0.9006,0.003999,,73.208,7.2139,0.44,463.5
31450,628,-0.07717,50,0.9004,0.00405,,78.619,0.8147,0.08,18.96
31500,629,-4.66772,50,0.9002,0.004406,,67.81,10.5078,0.68,476.25
31550,630,-2.79294,50,0.9001,0.003614,,65.088,5.8396,0.46,313.21
31600,631,-5.07874,50,0.8999,0.005412,,68.942,11.1908,0.6,527.28
31650,632,-0.45262,50,0.8998,0.004146,,79.312,1.7857,0.18,57.4
31700,633,-4.03322,50,0.8996,0.003279,,62.438,8.6353,0.58,433.81
31750,634,-1.72387,50,0.8995,0.003812,,73.023,4.4669,0.4,187.83
31800,635,-0.37978,50,0.8993,0.003418,,64.646,2.2728,0.2,32.83
31850,636,-2.32412,50,0.8991,0.003928,,64.421,6.0575,0.56,238.0
31900,637,-0.91414,50,0.899,0.003609,,74.149,3.1241,0.22,95.46
31950,638,-1.70079,50,0.8988,0.004101,,69.555,4.2813,0.34,178.5
32000,639,-2.28674,50,0.8987,0.004233,,69.518,6.477,0.44,216.61
32050,640,-3.01172,50,0.8985,0.004448,,66.816,7.3821,0.54,311.38
32100,641,-0.8934,50,0.8983,0.004052,,70.529,3.7999,0.32,81.18
32150,642,-1.71973,50,0.8982,0.004275,,70.123,5.1587,0.46,162.7
32200,643,-0.12899,50,0.898,0.004134,,81.556,1.1421,0.12,23.22
32250,644,-3.34958,50,0.8979,0.004885,,69.561,8.1484,0.52,333.7
32300,645,-5.35665,50,0.8977,0.004283,,74.638,9.0018,0.56,620.23
32350,646,-2.81635,50,0.8976,0.004263,,77.003,6.2168,0.38,299.49
32400,647,-2.92643,50,0.8974,0.004103,,62.719,7.9925,0.66,278.16
32450,648,-2.64704,50,0.8972,0.003971,,68.828,4.8681,0.42,317.86
32500,649,0.06419,50,0.8971,0.003577,,72.888,0.8934,0.08,6.84
32550,650,-0.24618,50,0.8969,0.003471,,66.69,1.8926,0.22,30.29
32600,651,-1.32088,50,0.8968,0.00425,,65.247,3.8079,0.36,146.7
32650,652,-0.72328,50,0.8966,0.004033,,73.068,2.9871,0.22,69.83
32700,653,-3.74475,50,0.8964,0.003838,,70.775,8.3142,0.58,390.57
32750,654,-0.48045,50,0.8963,0.003872,,68.271,2.3371,0.22,42.03
32800,655,-0.76079,50,0.8961,0.004164,,72.169,2.8146,0.28,76.02
32850,656,-1.08774,50,0.896,0.0045,,74.532,3.633,0.28,98.18
32900,657,-3.94406,50,0.8958,0.004147,,65.351,8.6189,0.6,412.34
32950,658,-0.21443,50,0.8957,0.003733,,65.641,1.7596,0.24,27.89
33000,659,-2.15236,50,0.8955,0.003924,,71.457,4.6137,0.38,245.73
33050,660,-0.03659,50,0.8953,0.003601,,64.781,1.1553,0.1,18.15
33100,661,-1.91175,50,0.8952,0.004264,,68.408,5.0375,0.34,202.27
33150,662,-1.08383,50,0.895,0.004616,,65.564,3.4226,0.42,117.06
33200,663,-1.6602,50,0.8949,0.003522,,65.655,5.4107,0.42,151.57
33250,664,-1.75991,50,0.8947,0.003741,,63.401,4.2496,0.44,197.96
33300,665,-0.07781,50,0.8945,0.004112,,63.061,1.3627,0.1,18.17
33350,666,-3.3874,50,0.8944,0.004584,,66.0,6.305,0.46,389.84
33400,667,-3.30439,50,0.8942,0.003449,,74.476,7.4123,0.48,344.46
33450,668,-1.90055,50,0.8941,0.004117,,68.185,4.5764,0.36,214.95
33500,669,-1.90822,50,0.8939,0.003098,,72.069,5.1466,0.44,192.51
33550,670,-2.16328,50,0.8938,0.003897,,69.531,6.1,0.42,203.81
33600,671,-0.03548,50,0.8936,0.003696,,67.767,1.0139,0.06,12.43
33650,672,-1.47694,50,0.8934,0.004074,,70.16,5.2102,0.48,129.02
33700,673,-3.11578,50,0.8933,0.003727,,71.291,7.2701,0.5,321.82
33750,674,-4.01353,50,0.8931,0.004852,,71.611,8.554,0.58,424.19
33800,675,-5.3811,50,0.893,0.00449,,72.102,9.7178,0.56,599.35
33850,676,-0.90338,50,0.8928,0.004002,,64.235,3.6626,0.38,80.99
33900,677,-1.26407,50,0.8926,0.005056,,69.413,4.4464,0.3,112.68
33950,678,-2.0841,50,0.8925,0.003772,,78.112,6.2459,0.32,185.32
34000,679,-1.93606,50,0.8923,0.00426,,68.006,5.9498,0.44,183.03
34050,680,-1.8143,50,0.8922,0.004287,,75.681,4.371,0.32,204.57
34100,681,-3.63568,50,0.892,0.004255,,70.878,6.5308,0.46,423.83
34150,682,-6.44237,50,0.8919,0.00385,,76.99,12.3601,0.68,696.74
34200,683,-2.15609,50,0.8917,0.005401,,72.516,4.0418,0.34,261.25
34250,684,-4.36666,50,0.8915,0.005043,,70.777,8.8362,0.5,471.34
34300,685,-3.91165,50,0.8914,0.004956,,73.444,9.3407,0.62,381.42
34350,686,-1.28539,50,0.8912,0.004466,,69.076,3.3717,0.28,148.35
34400,687,-1.07608,50,0.8911,0.005014,,61.293,4.2109,0.38,99.57
34450,688,-2.55101,50,0.8909,0.004952,,62.696,7.2534,0.52,239.35
34500,689,-6.40204,50,0.8908,0.003484,,68.493,9.9404,0.58,750.52
34550,690,-4.47276,50,0.8906,0.003468,,70.135,9.6118,0.64,464.49
34600,691,0.025,50,0.8904,0.004614,,72.257,1.0056,0.14,10.52
34650,692,-5.28193,50,0.8903,0.004132,,62.153,9.5684,0.64,592.91
34700,693,-1.97563,50,0.8901,0.004111,,71.99,4.097,0.36,237.35
34750,694,-0.88819,50,0.89,0.005452,,69.058,3.7367,0.32,74.61
34800,695,-5.81509,50,0.8898,0.005088,,72.925,11.4929,0.66,624.14
34850,696,-0.4004,50,0.8896,0.004219,,62.695,2.032,0.18,45.85
34900,697,-3.45545,50,0.8895,0.004982,,66.378,8.6264,0.6,341.01
34950,698,-4.24908,50,0.8893,0.004676,,73.199,7.7546,0.46,483.37
35000,699,-0.40376,50,0.8892,0.004282,,73.226,1.4795,0.12,49.12
35050,700,-2.51514,50,0.889,0.004928,,66.992,5.9354,0.5,269.87
35100,701,-3.19343,50,0.8889,0.004242,,67.876,7.1915,0.56,334.73
35150,702,-1.0683,50,0.8887,0.004312,,67.239,3.4656,0.3,115.58
35200,703,-3.21958,50,0.8885,0.004479,,73.728,7.1257,0.52,337.17
35250,704,-0.11714,50,0.8884,0.004895,,68.855,1.4146,0.1,17.2
35300,705,-3.8635,50,0.8882,0.00561,,67.675,7.8919,0.54,421.72
35350,706,-2.30751,50,0.8881,0.003914,,73.523,6.8037,0.46,208.43
35400,707,-0.9867,50,0.8879,0.004324,,71.038,3.3082,0.26,100.21
35450,708,-1.87816,50,0.8877,0.004182,,67.585,4.5101,0.34,210.25
35500,709,-1.10327,50,0.8876,0.004986,,69.941,3.5731,0.3,114.2
35550,710,-4.10403,50,0.8874,0.005493,,65.576,7.934,0.52,460.94
35600,711,-1.10467,50,0.8873,0.005458,,57.674,3.6378,0.4,119.32
35650,712,-0.21457,50,0.8871,0.004399,,63.941,1.6947,0.08,33.22
35700,713,-5.06711,50,0.887,0.004282,,72.529,10.3982,0.72,537.91
35750,714,-3.39215,50,0.8868,0.004825,,70.327,6.8442,0.44,381.66
35800,715,-4.93038,50,0.8866,0.005091,,74.072,8.5493,0.6,565.15
35850,716,-0.75839,50,0.8865,0.004708,,69.002,2.883,0.22,78.65
35900,717,-6.27516,50,0.8863,0.004205,,73.451,11.855,0.7,684.12
35950,718,-1.7957,50,0.8862,0.004539,,75.117,4.9429,0.46,179.03
36000,719,-3.56981,50,0.886,0.004512,,72.071,8.1507,0.6,374.29
36050,720,-1.05275,50,0.8858,0.00429,,77.184,3.0557,0.36,112.07
36100,721,-2.37834,50,0.8857,0.004902,,83.425,5.1162,0.3,267.04
36150,722,-0.39626,50,0.8855,0.005236,,76.874,1.5575,0.14,56.04
36200,723,-2.83716,50,0.8854,0.005348,,67.133,7.4641,0.58,266.71
36250,724,-2.08407,50,0.8852,0.005018,,63.412,5.8988,0.42,193.93
36300,725,-1.74063,50,0.8851,0.004333,,68.508,5.248,0.46,170.55
36350,726,-4.35553,50,0.8849,0.004631,,62.61,8.6668,0.58,477.34
36400,727,-1.56654,50,0.8847,0.004831,,61.836,4.7436,0.46,149.55
36450,728,-5.10922,50,0.8846,0.004719,,67.2,9.7525,0.64,562.44
36500,729,-0.42879,50,0.8844,0.004876,,70.114,2.3041,0.2,39.99
36550,730,-2.28973,50,0.8843,0.004522,,66.812,5.3642,0.42,245.98
36600,731,-4.01378,50,0.8841,0.004902,,68.65,9.3131,0.54,406.32
36650,732,-1.21459,50,0.8839,0.004835,,69.648,3.69,0.26,123.47
36700,733,-1.2191,50,0.8838,0.005129,,72.496,4.3011,0.36,109.95
36750,734,-2.19632,50,0.8836,0.005587,,69.019,4.9029,0.38,234.27
36800,735,-6.09602,50,0.8835,0.004745,,70.0,12.9306,0.76,625.5
36850,736,-1.25494,50,0.8833,0.003841,,66.919,4.6445,0.34,105.62
36900,737,-1.05209,50,0.8831,0.004943,,69.017,3.1786,0.28,116.36
36950,738,-4.69603,50,0.883,0.004926,,72.545,9.817,0.54,500.15
37000,739,-5.87275,50,0.8828,0.004404,,79.887,11.7488,0.66,621.85
37050,740,-0.73721,50,0.8827,0.005,,74.351,2.7598,0.28,75.57
37100,741,-0.472,50,0.8825,0.004559,,72.326,2.357,0.2,50.14
37150,742,-0.38556,50,0.8824,0.005058,,79.195,1.8749,0.22,39.93
37200,743,-2.60228,50,0.8822,0.00415,,69.019,5.6257,0.4,284.59
37250,744,-1.30135,50,0.882,0.004383,,70.15,3.2325,0.38,153.61
37300,745,-1.7332,50,0.8819,0.005876,,66.307,4.729,0.38,179.4
37350,746,-1.53904,50,0.8817,0.004747,,67.807,4.4272,0.28,157.32
37400,747,0.02627,50,0.8816,0.005716,,72.047,0.7798,0.08,6.59
37450,748,-2.15833,50,0.8814,0.00442,,69.501,5.2301,0.44,231.27
37500,749,-3.96531,50,0.8812,0.005666,,68.218,8.6707,0.62,421.19
37550,750,-2.94109,50,0.8811,0.005011,,66.855,6.8004,0.44,307.7
37600,751,-3.34925,50,0.8809,0.004793,,69.419,8.0963,0.66,335.57
37650,752,-1.65791,50,0.8808,0.003898,,58.317,4.4417,0.32,181.84
37700,753,-0.32769,50,0.8806,0.00458,,74.121,1.672,0.2,40.32
37750,754,-0.65719,50,0.8805,0.004577,,57.836,2.4411,0.24,69.8
37800,755,-9.76882,50,0.8803,0.0046,,78.128,15.8807,0.8,1108.69
37850,756,-3.41405,50,0.8801,0.006411,,72.5,7.2466,0.54,370.73
37900,757,-1.90694,50,0.88,0.005128,,74.778,4.3545,0.36,203.38
37950,758,-2.63394,50,0.8798,0.003848,,71.532,5.6547,0.34,295.27
38000,759,-1.16357,50,0.8797,0.005544,,65.787,3.0109,0.32,137.62
38050,760,-0.61445,50,0.8795,0.005922,,65.452,2.9235,0.32,62.21
38100,761,-1.26743,50,0.8793,0.0059,,69.087,3.8553,0.32,125.19
38150,762,-0.39824,50,0.8792,0.004512,,65.046,2.1083,0.22,40.24
38200,763,-1.39444,50,0.879,0.005463,,75.112,3.9825,0.38,142.43
38250,764,-0.27004,50,0.8789,0.004916,,89.253,1.4325,0.1,31.78
38300,765,-4.14276,50,0.8787,0.005094,,69.58,10.1471,0.66,396.77
38350,766,-2.10554,50,0.8786,0.004921,,64.71,5.5745,0.5,220.72
38400,767,-5.04432,50,0.8784,0.004646,,70.964,9.6337,0.7,553.21
38450,768,-5.20078,50,0.8782,0.005163,,71.46,9.1141,0.58,596.91
38500,769,-1.3974,50,0.8781,0.004696,,71.713,3.695,0.28,150.98
38550,770,-1.34283,50,0.8779,0.00398,,71.884,4.472,0.32,127.95
38600,771,-2.78936,50,0.8778,0.004281,,60.849,6.9994,0.44,281.59
38650,772,-3.75143,50,0.8776,0.004378,,73.013,8.1218,0.56,400.5
38700,773,-2.16963,50,0.8775,0.004376,,68.922,5.1824,0.44,231.6
38750,774,0.1794,50,0.8773,0.005178,,70.424,0.2796,0.02,0.25
38800,775,-3.37362,50,0.8771,0.004932,,65.651,6.5011,0.5,383.13
38850,776,-0.5679,50,0.877,0.004866,,68.739,2.4506,0.26,58.53
38900,777,-3.17192,50,0.8768,0.004884,,69.969,7.0925,0.54,329.12
38950,778,-4.41906,50,0.8767,0.004449,,69.672,9.1433,0.62,469.6
39000,779,-3.86199,50,0.8765,0.005684,,71.723,8.2453,0.6,403.06
39050,780,-3.98327,50,0.8763,0.005617,,67.654,9.5145,0.6,395.75
39100,781,-1.34095,50,0.8762,0.005084,,70.893,4.3848,0.4,127.6
39150,782,-1.4387,50,0.876,0.005305,,60.581,4.2114,0.44,157.29
39200,783,-0.19603,50,0.8759,0.004989,,70.393,1.6657,0.18,24.1
39250,784,-2.04049,50,0.8757,0.004704,,64.877,4.5762,0.4,234.8
39300,785,-4.53362,50,0.8756,0.005398,,67.547,9.0189,0.6,502.59
39350,786,-1.04878,50,0.8754,0.005326,,64.452,3.4873,0.26,103.61
39400,787,-3.09035,50,0.8752,0.005171,,69.072,6.129,0.52,346.78
39450,788,-2.05161,50,0.8751,0.004548,,69.574,4.4939,0.44,239.09
39500,789,-4.16988,50,0.8749,0.005225,,73.012,10.3322,0.6,400.72
39550,790,-5.18505,50,0.8748,0.005923,,64.161,10.4971,0.68,550.55
39600,791,-1.56584,50,0.8746,0.004944,,65.218,4.5899,0.4,160.5
39650,792,-6.83061,50,0.8744,0.005187,,67.568,11.7375,0.64,771.79
39700,793,-2.96789,50,0.8743,0.004879,,77.347,7.702,0.52,284.23
39750,794,-3.34099,50,0.8741,0.005049,,68.879,6.7834,0.46,374.87
39800,795,-0.51551,50,0.874,0.006606,,70.667,2.3188,0.2,58.67
39850,796,-5.80656,50,0.8738,0.004614,,67.653,9.7025,0.58,688.35
39900,797,-3.46103,50,0.8737,0.005024,,64.211,7.3557,0.54,379.85
39950,798,-3.50895,50,0.8735,0.005321,,67.238,8.3436,0.52,352.7
40000,799,-1.19923,50,0.8733,0.004835,,68.319,3.8536,0.3,119.57
40050,800,-1.53111,50,0.8732,0.004937,,68.147,4.9935,0.34,138.08
40100,801,-4.57266,50,0.873,0.005477,,71.239,9.293,0.6,500.36
40150,802,-2.79727,50,0.8729,0.005388,,72.867,5.8203,0.44,309.92
40200,803,-0.05482,50,0.8727,0.005535,,68.061,1.157,0.1,9.51
40250,804,-1.00695,50,0.8725,0.007113,,66.727,4.2795,0.3,84.44
40300,805,-3.13334,50,0.8724,0.005171,,68.312,7.5618,0.56,316.94
40350,806,-0.34328,50,0.8722,0.005168,,72.678,1.8194,0.12,38.25
40400,807,-5.25985,50,0.8721,0.006183,,69.003,10.3065,0.62,566.85
40450,808,-2.02487,50,0.8719,0.005805,,77.024,5.3298,0.46,206.45
40500,809,-4.08746,50,0.8718,0.006462,,77.488,9.3009,0.5,416.32
40550,810,-4.49392,50,0.8716,0.005508,,73.395,8.4545,0.6,493.45
40600,811,-1.82918,50,0.8714,0.005977,,71.019,5.048,0.4,188.31
40650,812,-0.43414,50,0.8713,0.005262,,72.975,2.3484,0.22,48.33
40700,813,-2.80144,50,0.8711,0.005091,,72.434,7.1868,0.46,273.65
40750,814,-1.42021,50,0.871,0.005486,,69.909,4.745,0.42,127.81
40800,815,-2.05424,50,0.8708,0.004119,,63.059,4.5464,0.4,234.9
40850,816,-2.58965,50,0.8706,0.006101,,79.506,5.2849,0.36,287.27
40900,817,-2.5478,50,0.8705,0.007992,,71.448,5.3042,0.4,280.92
40950,818,-2.40903,50,0.8703,0.004935,,73.675,6.5541,0.42,231.45
41000,819,-3.97403,50,0.8702,0.005171,,78.488,9.3178,0.56,400.4
41050,820,-3.57183,50,0.87,0.004779,,61.774,7.0609,0.62,401.1
41100,821,-2.40356,50,0.8699,0.005703,,65.598,6.149,0.46,244.89
41150,822,-2.02584,50,0.8697,0.005338,,64.285,5.3353,0.46,204.03
41200,823,-3.39591,50,0.8695,0.004708,,79.567,6.9554,0.34,373.85
41250,824,-3.34936,50,0.8694,0.005139,,66.514,8.174,0.58,332.94
41300,825,-2.03207,50,0.8692,0.004961,,60.0,5.3255,0.58,209.97
41350,826,-2.52922,50,0.8691,0.005239,,66.388,6.5486,0.5,248.53
41400,827,-1.65652,50,0.8689,0.005138,,74.919,5.1798,0.4,160.31
41450,828,-2.02944,50,0.8687,0.005366,,62.435,4.1854,0.42,237.15
41500,829,-4.48707,50,0.8686,0.005667,,70.522,7.8269,0.58,515.36
41550,830,-3.39368,50,0.8684,0.006603,,67.816,7.9987,0.5,346.87
41600,831,-3.52358,50,0.8683,0.005585,,67.747,7.988,0.6,369.47
41650,832,-1.59217,50,0.8681,0.007153,,73.801,5.8288,0.44,125.45
41700,833,-0.77677,50,0.8679,0.005022,,67.562,2.7582,0.22,82.39
41750,834,-0.89713,50,0.8678,0.004985,,66.939,2.9805,0.44,91.09
41800,835,-0.1031,50,0.8676,0.005331,,73.715,1.2359,0.14,14.81
41850,836,-2.94757,50,0.8675,0.006028,,70.988,5.4729,0.44,350.98
41900,837,-0.03998,50,0.8673,0.005686,,75.344,0.954,0.08,11.45
41950,838,-3.52038,50,0.8672,0.005516,,74.841,7.8494,0.66,366.23
42000,839,-2.8867,50,0.867,0.005755,,68.75,7.0899,0.5,296.15
42050,840,-0.08069,50,0.8668,0.005714,,69.728,1.1102,0.16,20.13
42100,841,-4.90212,50,0.8667,0.005206,,79.945,9.0924,0.48,546.93
42150,842,-1.89255,50,0.8665,0.006988,,75.0,4.3122,0.4,213.98
42200,843,-4.81992,50,0.8664,0.005972,,67.657,10.5242,0.7,503.46
42250,844,-0.85218,50,0.8662,0.005618,,66.171,3.2683,0.24,82.97
42300,845,-3.63587,50,0.866,0.005215,,60.436,7.9593,0.64,390.7
42350,846,-1.3664,50,0.8659,0.004583,,69.685,4.4595,0.36,123.77
42400,847,-2.44734,50,0.8657,0.005346,,67.364,6.3252,0.46,245.0
42450,848,-0.65554,50,0.8656,0.006127,,70.321,3.3047,0.24,54.39
42500,849,-2.0336,50,0.8654,0.006291,,69.704,5.911,0.52,187.05
42550,850,-3.79757,50,0.8653,0.00599,,62.473,7.83,0.48,417.17
42600,851,-0.0765,50,0.8651,0.00563,,78.965,0.8712,0.1,21.34
42650,852,-1.92473,50,0.8649,0.006303,,69.984,4.8263,0.42,216.89
42700,853,0.08286,50,0.8648,0.006083,,81.995,0.4742,0.02,0.6
42750,854,-1.72046,50,0.8646,0.004904,,65.117,5.2632,0.38,168.09
42800,855,-0.92959,50,0.8645,0.005718,,74.394,3.2813,0.26,97.68
42850,856,-2.01752,50,0.8643,0.005265,,67.187,5.6001,0.52,200.86
42900,857,-4.04025,50,0.8641,0.005413,,68.733,6.3887,0.38,492.13
42950,858,-0.40406,50,0.864,0.005309,,69.579,2.316,0.3,35.87
43000,859,-0.48244,50,0.8638,0.006195,,66.999,2.2572,0.2,46.88
43050,860,-0.30724,50,0.8637,0.005617,,66.243,1.921,0.3,40.29
43100,861,-2.26192,50,0.8635,0.005627,,67.283,5.3999,0.34,251.55
43150,862,-1.18111,50,0.8634,0.005058,,69.091,3.1972,0.26,142.64
43200,863,-3.59129,50,0.8632,0.005199,,71.152,7.9637,0.58,373.08
43250,864,-0.70366,50,0.863,0.006348,,76.259,2.2026,0.2,81.42
43300,865,-2.64941,50,0.8629,0.00434,,60.8,6.7721,0.48,261.49
43350,866,-2.54465,50,0.8627,0.00487,,70.223,5.5212,0.5,285.2
43400,867,-0.20595,50,0.8626,0.005717,,67.009,1.7208,0.16,24.63
43450,868,-4.87383,50,0.8624,0.005707,,62.648,10.2083,0.68,510.74
43500,869,-4.64847,50,0.8622,0.004953,,67.671,10.0183,0.52,487.15
43550,870,-2.49796,50,0.8621,0.007187,,77.879,6.3701,0.42,250.71
43600,871,-1.98089,50,0.8619,0.005307,,70.737,5.2405,0.44,202.31
43650,872,-4.87027,50,0.8618,0.004892,,67.292,9.338,0.64,537.63
43700,873,-1.49417,50,0.8616,0.005188,,71.14,4.6351,0.38,139.22
43750,874,-4.85278,50,0.8615,0.004274,,63.236,9.8067,0.68,523.29
43800,875,-3.28086,50,0.8613,0.005238,,79.604,8.9636,0.62,302.24
43850,876,-1.80128,50,0.8611,0.005883,,66.045,4.5052,0.42,192.92
43900,877,-4.87266,50,0.861,0.006016,,67.2,10.7607,0.64,497.7
43950,878,-2.02097,50,0.8608,0.004641,,72.5,5.7276,0.5,199.76
44000,879,-0.93546,50,0.8607,0.004249,,80.747,2.1769,0.2,115.87
44050,880,-1.84517,50,0.8605,0.005559,,65.155,4.2969,0.34,214.62
44100,881,-0.55737,50,0.8603,0.00589,,67.051,2.2085,0.28,72.64
44150,882,-1.08276,50,0.8602,0.006383,,64.689,3.2769,0.32,123.07
44200,883,-2.4396,50,0.86,0.005604,,64.184,6.5322,0.58,233.1
44250,884,-2.47915,50,0.8599,0.005769,,72.432,6.0685,0.5,262.03
44300,885,-6.87392,50,0.8597,0.005512,,71.24,11.3628,0.68,786.68
44350,886,-0.7839,50,0.8596,0.005776,,64.377,2.2141,0.26,99.03
44400,887,-2.69035,50,0.8594,0.005688,,71.539,6.1753,0.36,289.9
44450,888,-2.09957,50,0.8592,0.005528,,65.945,4.9462,0.36,230.5
44500,889,-4.5209,50,0.8591,0.005716,,66.617,10.2639,0.7,460.29
44550,890,-4.18011,50,0.8589,0.005455,,65.416,7.5935,0.52,479.65
44600,891,-0.42396,50,0.8588,0.005707,,73.379,2.2611,0.2,43.42
44650,892,-5.23396,50,0.8586,0.006042,,79.264,9.9561,0.64,571.2
44700,893,-1.95079,50,0.8585,0.005259,,68.739,4.8058,0.44,206.56
44750,894,-2.93198,50,0.8583,0.005687,,70.485,7.0455,0.54,305.37
44800,895,-3.05592,50,0.8581,0.004997,,64.834,6.9161,0.54,323.53
44850,896,-4.08004,50,0.858,0.005265,,65.0,9.2622,0.66,415.79
44900,897,-1.60109,50,0.8578,0.005787,,59.349,3.5486,0.4,190.33
44950,898,-6.23879,50,0.8577,0.005462,,68.13,11.0151,0.68,698.01
45000,899,-3.66113,50,0.8575,0.005816,,75.941,7.0183,0.46,413.21
45050,900,-2.15894,50,0.8573,0.005252,,63.707,4.3166,0.36,250.54
45100,901,-2.91848,50,0.8572,0.00525,,66.423,6.0247,0.56,331.02
45150,902,-2.50981,50,0.857,0.005333,,64.493,7.6673,0.54,217.51
45200,903,-0.54108,50,0.8569,0.005544,,71.102,2.1093,0.22,63.79
45250,904,-5.34101,50,0.8567,0.006112,,68.622,10.8506,0.66,569.05
45300,905,-3.10951,50,0.8566,0.004984,,71.343,6.0892,0.38,344.95
45350,906,-1.11883,50,0.8564,0.005593,,65.596,2.8483,0.3,132.55
45400,907,-2.75847,50,0.8562,0.006994,,65.0,6.3378,0.5,295.22
45450,908,-4.006,50,0.8561,0.005264,,72.046,9.3231,0.58,405.02
45500,909,-4.7021,50,0.8559,0.005669,,70.707,8.0709,0.54,543.65
45550,910,-3.6269,50,0.8558,0.004963,,68.186,6.0786,0.48,432.24
45600,911,-1.89793,50,0.8556,0.005446,,72.84,5.0495,0.42,194.79
45650,912,-3.88292,50,0.8554,0.004708,,66.572,8.4297,0.58,410.17
45700,913,-0.88662,50,0.8553,0.005801,,66.232,3.0896,0.32,92.19
45750,914,-0.43901,50,0.8551,0.005282,,68.493,2.0487,0.22,46.05
45800,915,-2.78587,50,0.855,0.005017,,60.0,7.5311,0.66,265.28
45850,916,-4.2258,50,0.8548,0.004845,,77.141,9.2579,0.58,430.76
45900,917,-4.67418,50,0.8547,0.006278,,66.664,7.8772,0.48,545.71
45950,918,-0.73245,50,0.8545,0.005153,,82.46,2.9126,0.22,68.36
46000,919,-3.64406,50,0.8543,0.005774,,71.885,7.2421,0.58,400.77
46050,920,-0.32516,50,0.8542,0.005432,,73.271,1.444,0.12,44.7
46100,921,-2.15484,50,0.854,0.005382,,74.656,5.0681,0.38,230.31
46150,922,-1.81093,50,0.8539,0.005485,,60.068,5.4789,0.5,176.02
46200,923,-1.00104,50,0.8537,0.005658,,73.942,3.5217,0.3,95.45
46250,924,-3.43496,50,0.8535,0.005817,,73.602,7.1345,0.48,370.75
46300,925,-1.37091,50,0.8534,0.005957,,65.336,3.9743,0.34,138.36
46350,926,-1.68758,50,0.8532,0.005244,,68.325,4.028,0.36,194.53
46400,927,-3.42766,50,0.8531,0.004983,,62.529,7.6232,0.56,364.47
46450,928,-5.13986,50,0.8529,0.005154,,69.053,9.513,0.6,572.51
46500,929,0.00251,50,0.8528,0.006357,,68.538,0.6523,0.06,10.36
46550,930,-4.86816,50,0.8526,0.005006,,68.568,8.1848,0.58,575.21
46600,931,-0.82101,50,0.8524,0.005532,,74.992,3.1778,0.26,81.73
46650,932,-0.66208,50,0.8523,0.004851,,62.5,2.7695,0.3,68.1
46700,933,-1.83833,50,0.8521,0.005555,,68.992,3.8008,0.32,214.16
46750,934,-3.52347,50,0.852,0.005321,,68.186,7.8063,0.6,374.24
46800,935,-1.09355,50,0.8518,0.006103,,59.072,3.4015,0.38,122.74
46850,936,-3.09899,50,0.8516,0.004625,,66.25,7.4373,0.56,311.77
46900,937,-1.67915,50,0.8515,0.005556,,59.498,4.1083,0.28,185.47
46950,938,-0.64441,50,0.8513,0.005708,,70.625,2.4724,0.3,63.08
47000,939,-3.53847,50,0.8512,0.005656,,71.034,7.681,0.52,376.12
47050,940,-1.4285,50,0.851,0.005334,,69.834,4.7488,0.42,131.25
47100,941,-2.25041,50,0.8508,0.005766,,68.684,4.6589,0.38,258.91
47150,942,-2.56908,50,0.8507,0.004977,,61.794,5.3404,0.42,293.38
47200,943,-1.35173,50,0.8505,0.005901,,72.114,3.9174,0.34,137.35
47250,944,-5.68179,50,0.8504,0.006719,,68.708,12.1781,0.72,584.68
47300,945,-3.77424,50,0.8502,0.006257,,70.791,7.5252,0.56,416.37
47350,946,-0.41019,50,0.8501,0.005718,,80.859,1.8264,0.22,36.05
47400,947,-3.22391,50,0.8499,0.005248,,70.175,6.5337,0.44,357.18
47450,948,-3.32856,50,0.8497,0.005222,,65.0,6.2017,0.54,383.09
47500,949,-3.86625,50,0.8496,0.005601,,70.286,8.6426,0.56,398.23
47550,950,-0.57596,50,0.8494,0.005178,,63.449,3.1671,0.34,47.45
47600,951,-3.19935,50,0.8493,0.005524,,64.546,7.2315,0.56,339.89
47650,952,-0.45646,50,0.8491,0.005225,,72.576,2.124,0.22,38.37
47700,953,-5.82653,50,0.8489,0.005686,,67.696,9.8704,0.68,673.71
47750,954,-0.13705,50,0.8488,0.005648,,69.074,1.1149,0.16,25.59
47800,955,-2.67974,50,0.8486,0.004445,,66.24,5.8075,0.48,298.31
47850,956,0.05024,50,0.8485,0.006494,,71.311,0.5702,0.04,13.44
47900,957,-2.83666,50,0.8483,0.004147,,69.288,6.7617,0.58,284.84
47950,958,-0.02876,50,0.8482,0.005081,,67.469,1.2326,0.12,5.19
48000,959,-3.3088,50,0.848,0.005146,,72.687,7.7036,0.56,344.99
48050,960,-2.2738,50,0.8478,0.005383,,73.981,5.7681,0.36,226.45
48100,961,-3.09732,50,0.8477,0.006453,,66.429,6.5359,0.56,337.23
48150,962,-1.80452,50,0.8475,0.00575,,70.329,5.01,0.44,180.59
48200,963,-3.5322,50,0.8474,0.005441,,66.226,8.7864,0.52,342.84
48250,964,-4.37387,50,0.8472,0.005594,,74.805,8.212,0.58,493.56
48300,965,-8.31207,50,0.847,0.005454,,72.5,12.3654,0.66,983.61
48350,966,-2.08337,50,0.8469,0.006414,,65.555,5.3805,0.52,221.55
48400,967,-0.46693,50,0.8467,0.004552,,67.317,2.1104,0.26,49.25
48450,968,-3.17352,50,0.8466,0.005874,,63.248,7.3664,0.58,330.09
48500,969,-1.02872,50,0.8464,0.004856,,67.394,4.2429,0.38,80.01
48550,970,-3.5818,50,0.8463,0.004649,,74.304,7.972,0.58,368.48
48600,971,-0.31927,50,0.8461,0.005669,,67.127,1.7398,0.18,35.79
48650,972,-0.50858,50,0.8459,0.004923,,76.286,2.442,0.14,45.47
48700,973,-4.09239,50,0.8458,0.004961,,76.25,9.2315,0.64,420.6
48750,974,-1.1368,50,0.8456,0.005928,,63.387,3.8108,0.38,109.54
48800,975,-1.7099,50,0.8455,0.006836,,71.929,4.1395,0.28,184.25
48850,976,-3.38061,50,0.8453,0.004484,,75.634,6.7754,0.42,369.91
48900,977,-4.62367,50,0.8452,0.005672,,73.834,9.3677,0.58,497.38
48950,978,-1.92062,50,0.845,0.005791,,65.472,5.24,0.44,192.84
49000,979,-3.97033,50,0.8448,0.005425,,78.052,7.9458,0.58,427.95
49050,980,-3.38826,50,0.8447,0.005263,,71.085,7.5391,0.56,352.45
49100,981,-1.63773,50,0.8445,0.006131,,70.861,4.3155,0.38,170.75
49150,982,-1.75437,50,0.8444,0.004384,,66.609,4.6294,0.36,178.91
49200,983,-4.50496,50,0.8442,0.005943,,73.629,10.2033,0.52,459.05
49250,984,-3.17941,50,0.844,0.005426,,72.0,8.1548,0.56,308.12
49300,985,-3.07315,50,0.8439,0.006592,,70.267,7.2064,0.56,317.35
49350,986,-3.38983,50,0.8437,0.004892,,73.363,8.1571,0.62,337.72
49400,987,-1.62718,50,0.8436,0.005033,,73.153,5.0989,0.42,155.54
49450,988,-5.13054,50,0.8434,0.005186,,76.54,9.7427,0.5,558.29
49500,989,-2.49345,50,0.8433,0.004769,,65.061,6.1352,0.48,263.42
49550,990,-1.29271,50,0.8431,0.006024,,71.708,3.8268,0.32,129.46
49600,991,-1.26978,50,0.8429,0.0056,,68.0,3.9844,0.32,128.24
49650,992,-2.6432,50,0.8428,0.004986,,73.861,6.5922,0.44,266.31
49700,993,-2.09781,50,0.8426,0.005495,,65.682,4.6297,0.36,245.26
49750,994,-2.95302,50,0.8425,0.005208,,68.716,7.3967,0.46,292.83
49800,995,-1.13205,50,0.8423,0.005895,,79.842,3.6274,0.32,112.52
49850,996,-1.10567,50,0.8421,0.005413,,68.55,3.2647,0.32,123.52
49900,997,-3.76148,50,0.842,0.005392,,65.011,7.5609,0.5,412.01
49950,998,-0.34347,50,0.8418,0.004604,,76.271,2.0695,0.16,29.78
50000,999,-3.05317,50,0.8417,0.004975,,73.034,6.7081,0.44,329.15
50050,1000,-1.44963,50,0.8415,0.005585,,69.202,4.6217,0.36,141.02
50100,1001,-1.1516,50,0.8414,0.006202,,78.003,3.7379,0.3,114.44
50150,1002,-3.60398,50,0.8412,0.00482,,72.942,6.4261,0.52,422.38
50200,1003,-1.32464,50,0.841,0.00529,,72.119,3.5393,0.28,150.91
50250,1004,-4.90682,50,0.8409,0.005413,,69.48,10.2327,0.58,516.28
50300,1005,-2.97912,50,0.8407,0.005818,,68.529,7.2163,0.5,302.58
50350,1006,-6.86168,50,0.8406,0.005353,,67.491,13.218,0.76,730.46
50400,1007,-3.35422,50,0.8404,0.006503,,72.436,7.131,0.5,360.28
50450,1008,-2.90802,50,0.8402,0.00504,,65.0,6.7625,0.56,308.65
50500,1009,-0.18712,50,0.8401,0.005646,,60.595,1.4226,0.16,25.19
50550,1010,-1.22048,50,0.8399,0.005523,,69.264,3.6731,0.32,126.12
50600,1011,-0.78891,50,0.8398,0.005193,,71.398,2.9039,0.24,81.33
50650,1012,-2.15935,50,0.8396,0.005447,,73.045,4.3757,0.3,251.42
50700,1013,-2.887,50,0.8395,0.004363,,64.992,6.6564,0.54,308.27
50750,1014,-0.89176,50,0.8393,0.005154,,74.379,2.5689,0.24,102.51
50800,1015,-2.03258,50,0.8391,0.005332,,62.396,5.5627,0.54,198.29
50850,1016,-4.24537,50,0.839,0.005956,,70.837,9.1939,0.54,441.99
50900,1017,-0.44286,50,0.8388,0.005791,,76.037,2.3088,0.22,47.46
50950,1018,-0.23177,50,0.8387,0.005498,,73.234,1.3494,0.18,29.58
51000,1019,-1.85875,50,0.8385,0.006397,,66.226,5.2022,0.44,188.06
51050,1020,-4.77444,50,0.8383,0.005985,,75.0,10.447,0.5,493.04
51100,1021,-0.63667,50,0.8382,0.004883,,75.699,2.4458,0.24,65.91
51150,1022,-2.95561,50,0.838,0.006018,,65.671,6.33,0.52,324.97
51200,1023,-5.50925,50,0.8379,0.005199,,74.969,10.4804,0.64,602.46
51250,1024,-3.95001,50,0.8377,0.005428,,72.416,9.6366,0.66,389.8
51300,1025,-1.41489,50,0.8376,0.005392,,62.252,4.2484,0.48,146.72
51350,1026,-0.86915,50,0.8374,0.005839,,72.591,3.3359,0.2,75.43
51400,1027,-1.41765,50,0.8372,0.00618,,74.099,4.2091,0.3,145.02
51450,1028,-2.25159,50,0.8371,0.005484,,69.076,5.0764,0.38,253.97
51500,1029,-1.49761,50,0.8369,0.005224,,64.446,4.1402,0.36,158.39
51550,1030,-3.84751,50,0.8368,0.004975,,64.756,8.2976,0.7,404.12
51600,1031,-2.232,50,0.8366,0.005913,,74.811,5.3711,0.38,236.42
51650,1032,-1.43954,50,0.8364,0.005503,,74.216,3.8272,0.32,160.66
51700,1033,-3.10622,50,0.8363,0.005553,,67.542,7.2405,0.44,317.07
51750,1034,-3.52925,50,0.8361,0.005083,,73.859,7.7683,0.58,378.36
51800,1035,-3.38567,50,0.836,0.005294,,69.1,7.4589,0.5,352.66
51850,1036,-2.57788,50,0.8358,0.005838,,66.291,6.7902,0.48,256.73
51900,1037,-1.78815,50,0.8357,0.005467,,67.5,3.7456,0.38,215.4
51950,1038,-2.62325,50,0.8355,0.00546,,65.01,5.5768,0.48,293.83
52000,1039,-3.16033,50,0.8353,0.005528,,72.5,8.263,0.56,303.68
52050,1040,-0.20051,50,0.8352,0.006074,,79.464,1.2907,0.1,25.56
52100,1041,-2.44248,50,0.835,0.005364,,71.037,6.307,0.5,241.55
52150,1042,-4.43351,50,0.8349,0.006049,,71.507,9.9263,0.62,452.85
52200,1043,-0.83738,50,0.8347,0.005327,,70.372,3.2819,0.28,79.41
52250,1044,-1.81725,50,0.8345,0.006042,,67.5,5.5436,0.52,169.78
52300,1045,-3.89724,50,0.8344,0.005573,,73.002,8.7025,0.5,402.38
52350,1046,-0.08458,50,0.8342,0.006065,,71.503,1.382,0.1,16.73
52400,1047,-1.07793,50,0.8341,0.005619,,62.099,3.5004,0.38,122.8
52450,1048,-1.43914,50,0.8339,0.005356,,67.729,3.767,0.42,157.9
52500,1049,-2.06451,50,0.8337,0.005324,,67.486,6.2631,0.48,192.71
52550,1050,-1.28228,50,0.8336,0.006253,,76.172,4.1655,0.3,118.61
52600,1051,-4.39912,50,0.8334,0.004861,,71.404,8.3027,0.52,490.28
52650,1052,-1.37897,50,0.8333,0.005765,,67.451,3.9227,0.38,141.06
52700,1053,-2.87538,50,0.8331,0.005964,,66.976,7.6401,0.52,270.91
52750,1054,-3.17282,50,0.833,0.006581,,72.427,7.4177,0.48,328.6
52800,1055,-4.50609,50,0.8328,0.005882,,76.269,8.5362,0.5,498.23
52850,1056,-1.96807,50,0.8326,0.00587,,63.386,5.281,0.44,199.75
52900,1057,-2.0105,50,0.8325,0.005254,,62.455,5.1426,0.5,209.83
52950,1058,-3.26411,50,0.8323,0.005342,,67.2,8.1925,0.56,318.51
53000,1059,-0.04728,50,0.8322,0.005722,,70.009,1.1086,0.06,11.41
53050,1060,-3.99438,50,0.832,0.00622,,75.903,9.0334,0.58,405.19
53100,1061,-2.53217,50,0.8318,0.005875,,76.405,6.2126,0.44,261.92
53150,1062,-2.39685,50,0.8317,0.006812,,70.744,5.9986,0.48,247.19
53200,1063,-0.44472,50,0.8315,0.006789,,72.34,1.8876,0.26,49.97
53250,1064,-1.41778,50,0.8314,0.005724,,70.798,3.0485,0.3,173.35
53300,1065,-0.3431,50,0.8312,0.006368,,79.467,1.8112,0.2,31.87
53350,1066,-6.63588,50,0.8311,0.00565,,70.408,12.6889,0.74,719.48
53400,1067,-4.00686,50,0.8309,0.005275,,73.75,8.9735,0.56,410.8
53450,1068,-1.57451,50,0.8307,0.00579,,74.884,4.4264,0.3,160.96
53500,1069,-5.00419,50,0.8306,0.005915,,68.0,11.4047,0.8,497.86
53550,1070,-2.05968,50,0.8304,0.006198,,68.57,5.2192,0.42,210.89
53600,1071,-0.35864,50,0.8303,0.004914,,62.77,1.9949,0.24,39.05
53650,1072,-3.57219,50,0.8301,0.006378,,75.592,8.1492,0.52,365.21
53700,1073,-1.92519,50,0.8299,0.005395,,61.353,4.2119,0.36,224.66
53750,1074,-0.75507,50,0.8298,0.0047,,74.786,2.4589,0.16,81.72
53800,1075,-4.33611,50,0.8296,0.005853,,77.921,10.145,0.58,429.87
53850,1076,-4.35263,50,0.8295,0.005677,,68.436,8.75,0.62,478.58
53900,1077,-0.07687,50,0.8293,0.005704,,64.027,1.2047,0.16,17.65
53950,1078,-3.02294,50,0.8292,0.00584,,70.892,7.5807,0.48,299.0
54000,1079,-3.56591,50,0.829,0.006412,,67.339,8.6589,0.52,353.86
54050,1080,-3.26587,50,0.8288,0.006479,,59.082,7.201,0.5,347.77
54100,1081,-1.06909,50,0.8287,0.005398,,72.269,3.9492,0.3,103.66
54150,1082,-1.40454,50,0.8285,0.005006,,74.506,4.054,0.32,132.79
54200,1083,-2.79276,50,0.8284,0.005207,,79.305,5.422,0.38,325.05
54250,1084,-3.06995,50,0.8282,0.005321,,67.5,7.1725,0.62,317.49
54300,1085,-0.32846,50,0.828,0.005726,,64.599,2.1642,0.2,30.75
54350,1086,-3.58786,50,0.8279,0.006214,,65.345,6.2945,0.42,430.63
54400,1087,-3.36349,50,0.8277,0.005522,,66.049,7.8231,0.62,341.43
54450,1088,-4.60618,50,0.8276,0.005499,,71.567,10.563,0.64,464.72
54500,1089,-2.77704,50,0.8274,0.005923,,65.7,5.4676,0.38,318.45
54550,1090,-2.05189,50,0.8273,0.006672,,73.666,6.4861,0.42,182.8
54600,1091,-2.0497,50,0.8271,0.005772,,67.712,5.2335,0.42,215.76
54650,1092,-0.7762,50,0.8269,0.005517,,68.262,3.1944,0.26,77.02
54700,1093,-2.14036,50,0.8268,0.005093,,70.137,4.641,0.34,240.89
54750,1094,-3.47113,50,0.8266,0.005308,,72.882,6.9808,0.48,381.87
54800,1095,-2.32413,50,0.8265,0.005512,,73.581,6.0508,0.42,229.75
54850,1096,-2.11321,50,0.8263,0.005727,,74.627,4.6745,0.36,227.69
54900,1097,-4.07579,50,0.8262,0.005527,,61.0,7.7261,0.54,453.38
54950,1098,-0.81271,50,0.826,0.005418,,73.159,3.012,0.22,82.49
55000,1099,-2.17488,50,0.8258,0.005591,,65.683,5.6383,0.48,223.02
55050,1100,-1.24978,50,0.8257,0.006212,,71.078,3.9497,0.38,134.25
55100,1101,-2.03133,50,0.8255,0.00563,,70.101,4.4415,0.3,232.78
55150,1102,-0.81594,50,0.8254,0.005683,,74.747,3.5251,0.38,66.61
55200,1103,-0.26782,50,0.8252,0.005059,,67.426,1.8139,0.12,31.89
55250,1104,-3.77919,50,0.825,0.005926,,74.085,7.6948,0.5,409.91
55300,1105,-3.15675,50,0.8249,0.005404,,68.741,6.5956,0.38,344.83
55350,1106,-6.22339,50,0.8247,0.005459,,75.992,10.8544,0.62,703.55
55400,1107,-3.77611,50,0.8246,0.005348,,70.054,8.9798,0.56,376.99
55450,1108,-1.61242,50,0.8244,0.00573,,72.7,4.3164,0.32,162.94
55500,1109,-2.8862,50,0.8243,0.005059,,68.598,6.8949,0.62,290.79
55550,1110,-1.9892,50,0.8241,0.00497,,70.75,4.8266,0.44,212.91
55600,1111,-4.72618,50,0.8239,0.005929,,66.25,9.571,0.68,504.49
55650,1112,-4.86963,50,0.8238,0.007117,,66.598,8.6366,0.5,555.84
55700,1113,-0.05865,50,0.8236,0.005217,,78.98,1.1125,0.08,9.75
55750,1114,-1.284,50,0.8235,0.005581,,72.9,3.9932,0.32,124.66
55800,1115,-4.29087,50,0.8233,0.005484,,65.142,9.8281,0.7,440.51
55850,1116,-3.01672,50,0.8231,0.007076,,71.181,6.7885,0.48,315.48
55900,1117,-0.83486,50,0.823,0.005722,,58.367,3.2126,0.3,83.59
55950,1118,-3.4555,50,0.8228,0.005986,,74.287,7.2068,0.48,376.78
56000,1119,-7.83572,50,0.8227,0.004891,,74.4,15.9927,0.74,812.81
56050,1120,-1.60664,50,0.8225,0.00618,,63.479,4.7848,0.44,164.81
56100,1121,-3.32107,50,0.8224,0.005191,,71.382,5.8232,0.48,388.95
56150,1122,-6.95343,50,0.8222,0.005416,,72.0,12.7791,0.68,765.9
56200,1123,-1.98217,50,0.822,0.005949,,77.979,4.5268,0.34,217.58
56250,1124,-1.56555,50,0.8219,0.006057,,67.489,4.813,0.48,150.52
56300,1125,-2.35016,50,0.8217,0.006334,,68.413,5.8691,0.54,238.8
56350,1126,-1.8867,50,0.8216,0.00546,,67.962,4.9164,0.5,195.76
56400,1127,-4.26322,50,0.8214,0.005431,,63.353,7.991,0.56,487.74
56450,1128,-1.09354,50,0.8212,0.005718,,73.569,2.8792,0.22,136.29
56500,1129,-4.17354,50,0.8211,0.005025,,71.885,7.7373,0.54,471.64
56550,1130,-1.78251,50,0.8209,0.00593,,68.503,5.7659,0.4,153.53
56600,1131,-4.0849,50,0.8208,0.006517,,69.618,7.7909,0.58,456.73
56650,1132,-2.64827,50,0.8206,0.006307,,68.654,6.6401,0.6,267.5
56700,1133,-3.43816,50,0.8205,0.007343,,69.009,6.7779,0.46,386.15
56750,1134,-0.7855,50,0.8203,0.005718,,68.084,2.6661,0.3,76.47
56800,1135,-1.67829,50,0.8201,0.004863,,68.763,4.7287,0.44,170.35
56850,1136,-3.10859,50,0.82,0.005748,,63.685,7.8412,0.58,310.79
56900,1137,-2.95664,50,0.8198,0.006237,,65.226,7.1783,0.52,305.31
56950,1138,-2.11287,50,0.8197,0.005944,,66.629,5.1488,0.36,222.68
57000,1139,-5.75274,50,0.8195,0.005837,,73.75,10.2272,0.62,643.39
57050,1140,-1.12968,50,0.8193,0.006049,,71.626,4.078,0.4,101.75
57100,1141,-0.31966,50,0.8192,0.005767,,70.565,2.1819,0.14,21.95
57150,1142,-5.04865,50,0.819,0.006179,,67.0,9.9765,0.66,550.9
57200,1143,-3.103,50,0.8189,0.007292,,63.992,5.8971,0.54,367.32
57250,1144,-2.74825,50,0.8187,0.005949,,69.581,5.9954,0.42,300.69
57300,1145,-0.25116,50,0.8185,0.006212,,73.448,1.9611,0.16,18.78
57350,1146,-0.85702,50,0.8184,0.006957,,75.163,2.7379,0.24,88.85
57400,1147,-0.73228,50,0.8182,0.006335,,73.186,2.4531,0.28,75.42
57450,1148,-4.56625,50,0.8181,0.006567,,74.037,8.496,0.6,507.47
57500,1149,-4.38818,50,0.8179,0.005657,,69.627,9.4036,0.66,458.1
57550,1150,-2.87612,50,0.8178,0.005597,,68.061,6.6045,0.58,301.07
57600,1151,-4.68229,50,0.8176,0.005736,,68.619,9.534,0.52,505.44
57650,1152,-1.40268,50,0.8174,0.006943,,79.199,4.5028,0.38,132.08
57700,1153,-1.09641,50,0.8173,0.005965,,58.75,3.306,0.3,118.31
57750,1154,-3.21051,50,0.8171,0.005908,,73.311,7.6436,0.46,326.85
57800,1155,-1.08398,50,0.817,0.006438,,80.401,3.8399,0.28,100.25
57850,1156,-0.48251,50,0.8168,0.005472,,65.028,1.4455,0.22,78.18
57900,1157,-4.1013,50,0.8166,0.005754,,59.154,7.7955,0.6,460.8
57950,1158,-4.56196,50,0.8165,0.006007,,73.77,9.931,0.64,471.19
58000,1159,-1.25109,50,0.8163,0.005506,,73.634,3.273,0.28,139.31
58050,1160,-4.36619,50,0.8162,0.005488,,67.486,9.2002,0.54,468.19
58100,1161,-3.73469,50,0.816,0.005503,,76.25,8.586,0.5,377.08
58150,1162,-3.9983,50,0.8159,0.006332,,63.554,8.0565,0.58,438.31
58200,1163,-3.5388,50,0.8157,0.006841,,72.252,7.824,0.54,370.69
58250,1164,-1.38648,50,0.8155,0.007837,,67.013,4.6288,0.44,125.23
58300,1165,-0.18267,50,0.8154,0.005831,,74.888,1.6635,0.14,30.98
58350,1166,-3.22185,50,0.8152,0.006378,,61.052,6.2612,0.5,369.26
58400,1167,-3.8908,50,0.8151,0.006597,,77.02,8.1577,0.6,418.97
58450,1168,-1.94624,50,0.8149,0.006582,,73.404,4.529,0.32,212.2
58500,1169,-2.32719,50,0.8147,0.006253,,69.263,6.8705,0.5,211.33
58550,1170,-2.17182,50,0.8146,0.006345,,75.717,6.087,0.48,210.15
58600,1171,-1.41569,50,0.8144,0.006329,,64.007,4.4275,0.38,142.94
58650,1172,-4.2647,50,0.8143,0.006055,,67.409,9.5697,0.58,446.68
58700,1173,-5.05916,50,0.8141,0.006318,,71.726,9.3018,0.52,561.8
58750,1174,-1.09648,50,0.814,0.006035,,66.912,3.6617,0.34,112.24
58800,1175,-2.08017,50,0.8138,0.006351,,66.617,5.7164,0.44,200.41
58850,1176,-1.74744,50,0.8136,0.006114,,73.807,4.6493,0.32,183.14
58900,1177,-2.66443,50,0.8135,0.005813,,80.142,5.804,0.4,292.52
58950,1178,-0.38487,50,0.8133,0.005737,,68.219,1.9734,0.16,47.14
59000,1179,-2.24144,50,0.8132,0.007246,,73.077,6.3834,0.46,220.5
59050,1180,-2.3096,50,0.813,0.005645,,73.947,6.0842,0.5,221.05
59100,1181,-1.48998,50,0.8128,0.006784,,58.79,4.5488,0.62,147.88
59150,1182,-3.19328,50,0.8127,0.005307,,64.621,7.5,0.52,333.64
59200,1183,-1.65178,50,0.8125,0.006838,,62.005,3.8873,0.24,191.9
59250,1184,-6.70461,50,0.8124,0.005992,,76.084,12.9398,0.74,716.86
59300,1185,-0.3734,50,0.8122,0.005341,,77.215,2.2159,0.1,40.36
59350,1186,-2.47869,50,0.8121,0.00649,,73.1,6.855,0.44,227.57
59400,1187,-5.11413,50,0.8119,0.005749,,69.982,11.2387,0.68,523.86
59450,1188,-0.66475,50,0.8117,0.0056,,75.421,2.8333,0.2,61.23
59500,1189,-3.84242,50,0.8116,0.005911,,64.304,7.3009,0.56,435.47
59550,1190,-0.54469,50,0.8114,0.006327,,63.6,3.2868,0.28,37.77
59600,1191,-3.63116,50,0.8113,0.00597,,63.239,7.8384,0.62,388.91
59650,1192,-3.81099,50,0.8111,0.005686,,66.267,8.8202,0.52,392.85
59700,1193,-2.58326,50,0.811,0.006161,,80.318,6.7168,0.42,252.68
59750,1194,-2.12719,50,0.8108,0.005858,,67.679,5.216,0.4,223.79
59800,1195,-0.94561,50,0.8106,0.00588,,67.911,3.7977,0.24,84.44
59850,1196,-3.82052,50,0.8105,0.00609,,63.232,8.6229,0.54,389.07
59900,1197,-0.03165,50,0.8103,0.005803,,71.897,1.1558,0.1,13.09
59950,1198,-1.71449,50,0.8102,0.005747,,62.351,4.8094,0.36,180.19
60000,1199,-3.43035,50,0.81,0.005437,,65.19,6.9307,0.54,379.36
60050,1200,-3.08343,50,0.8098,0.00615,,73.627,6.3616,0.48,337.98
60100,1201,-3.86202,50,0.8097,0.006291,,70.503,7.178,0.64,441.05
60150,1202,-2.33745,50,0.8095,0.006019,,72.238,5.5081,0.4,251.28
60200,1203,-2.74153,50,0.8094,0.006291,,62.339,6.546,0.46,283.69
60250,1204,-3.40205,50,0.8092,0.006615,,74.739,8.0985,0.58,345.62
60300,1205,-2.85164,50,0.8091,0.004957,,73.706,5.3268,0.4,327.26
60350,1206,-0.99595,50,0.8089,0.006145,,66.594,3.4528,0.28,97.31
60400,1207,-2.44624,50,0.8087,0.005869,,67.544,7.0318,0.46,236.78
60450,1208,-1.58233,50,0.8086,0.005661,,68.848,4.498,0.34,165.73
60500,1209,-2.1553,50,0.8084,0.00667,,63.203,5.8918,0.56,210.92
60550,1210,-2.12131,50,0.8083,0.00611,,62.4,5.3647,0.52,220.16
60600,1211,-1.54918,50,0.8081,0.005835,,71.47,4.2862,0.4,158.45
60650,1212,-4.55498,50,0.8079,0.006074,,68.811,8.6694,0.56,505.03
60700,1213,-4.86987,50,0.8078,0.005893,,68.436,10.2666,0.68,513.82
60750,1214,-5.8069,50,0.8076,0.005973,,75.478,9.8543,0.6,661.3
60800,1215,-0.51094,50,0.8075,0.006295,,69.921,3.1995,0.24,31.9
60850,1216,-1.73311,50,0.8073,0.006893,,68.75,5.2404,0.38,167.14
60900,1217,-0.9115,50,0.8072,0.005335,,60.277,3.515,0.3,94.11
60950,1218,-0.88395,50,0.807,0.006002,,68.854,3.316,0.3,87.68
61000,1219,-0.43507,50,0.8068,0.005398,,77.031,1.9498,0.16,47.48
61050,1220,-0.86016,50,0.8067,0.005181,,65.587,3.1256,0.34,89.31
61100,1221,-0.77741,50,0.8065,0.006299,,64.141,3.2351,0.36,76.53
61150,1222,-1.87417,50,0.8064,0.005684,,67.072,4.4327,0.32,205.47
61200,1223,-3.65965,50,0.8062,0.005437,,65.952,8.77,0.64,366.39
61250,1224,-1.34632,50,0.806,0.006048,,70.842,3.8945,0.36,134.57
61300,1225,-6.72105,50,0.8059,0.006297,,77.236,13.7702,0.7,698.04
61350,1226,-3.82105,50,0.8057,0.007287,,70.134,7.7549,0.46,422.22
61400,1227,-3.09885,50,0.8056,0.00566,,64.918,6.5108,0.5,345.58
61450,1228,-4.25349,50,0.8054,0.006199,,68.75,7.3673,0.5,489.14
61500,1229,-0.28093,50,0.8053,0.004997,,64.846,1.8439,0.18,37.82
61550,1230,-3.32176,50,0.8051,0.006349,,70.0,8.0769,0.5,330.09
61600,1231,-1.44641,50,0.8049,0.005034,,73.173,4.3809,0.36,137.46
61650,1232,-4.18164,50,0.8048,0.005324,,75.056,7.5337,0.5,470.11
61700,1233,-1.14231,50,0.8046,0.00684,,70.499,3.8008,0.4,109.42
61750,1234,-1.60147,50,0.8045,0.006023,,64.806,4.5067,0.42,166.16
61800,1235,-3.15254,50,0.8043,0.006393,,73.544,7.3663,0.54,319.04
61850,1236,-0.86725,50,0.8041,0.006194,,69.653,3.2427,0.32,86.15
61900,1237,-1.90489,50,0.804,0.005559,,68.402,5.5219,0.44,189.2
61950,1238,-6.71221,50,0.8038,0.006237,,67.132,11.6032,0.72,762.42
62000,1239,-5.53623,50,0.8037,0.006474,,60.962,10.3241,0.7,610.82
62050,1240,-5.05402,50,0.8035,0.006926,,70.0,10.7572,0.64,527.85
62100,1241,-2.98099,50,0.8034,0.005671,,75.376,7.5814,0.44,300.7
62150,1242,-0.23345,50,0.8032,0.006325,,77.553,1.1826,0.12,41.41
62200,1243,-2.82758,50,0.803,0.006263,,68.006,6.655,0.52,294.83
62250,1244,-1.56231,50,0.8029,0.007924,,67.139,4.457,0.4,169.3
62300,1245,-0.37344,50,0.8027,0.006134,,69.463,2.3077,0.26,39.02
62350,1246,-0.2404,50,0.8026,0.005909,,70.459,1.5356,0.14,27.84
62400,1247,-1.09912,50,0.8024,0.006068,,68.017,3.296,0.44,116.78
62450,1248,-0.30475,50,0.8022,0.005158,,76.389,1.3535,0.16,41.77
62500,1249,-1.26518,50,0.8021,0.005966,,68.337,3.7165,0.28,131.59
62550,1250,-3.4991,50,0.8019,0.00635,,63.021,6.9034,0.52,394.01
62600,1251,-3.55575,50,0.8018,0.005948,,77.814,9.2711,0.54,335.76
62650,1252,-1.49057,50,0.8016,0.005819,,76.25,4.4488,0.34,144.74
62700,1253,-1.61718,50,0.8014,0.005388,,69.186,4.4452,0.38,167.64
62750,1254,-2.03203,50,0.8013,0.005965,,73.97,5.2602,0.32,216.82
62800,1255,-2.70065,50,0.8011,0.005185,,76.013,5.9378,0.4,290.0
62850,1256,-3.75749,50,0.801,0.005192,,72.827,7.5319,0.5,409.5
62900,1257,-4.69991,50,0.8008,0.005138,,72.5,9.0877,0.72,515.22
62950,1258,-1.16311,50,0.8007,0.006233,,69.535,4.2814,0.34,103.0
63000,1259,-3.61709,50,0.8005,0.005467,,71.152,7.1741,0.54,401.44
63050,1260,-2.77913,50,0.8003,0.005676,,76.328,6.128,0.4,300.26
63100,1261,-3.79444,50,0.8002,0.006345,,66.031,7.3038,0.56,426.03
63150,1262,-3.05067,50,0.8,0.006539,,70.145,5.0668,0.34,368.34
63200,1263,-4.38421,50,0.7999,0.006309,,69.548,8.5398,0.56,496.05
63250,1264,-6.29923,50,0.7997,0.005672,,66.408,10.4796,0.66,728.91
63300,1265,-1.05204,50,0.7995,0.005399,,66.766,3.2054,0.26,113.95
63350,1266,-0.83915,50,0.7994,0.00579,,68.717,3.5361,0.32,80.34
63400,1267,-4.39958,50,0.7992,0.005701,,73.411,8.7574,0.56,472.37
63450,1268,-1.08962,50,0.7991,0.005831,,65.107,3.0855,0.28,123.02
63500,1269,-1.56504,50,0.7989,0.006328,,68.75,4.1072,0.36,171.56
63550,1270,-2.67612,50,0.7988,0.0052,,74.0,7.3322,0.46,252.79
63600,1271,-2.45295,50,0.7986,0.0054,,56.0,5.3688,0.48,277.2
63650,1272,-5.03332,50,0.7984,0.006189,,68.907,10.0948,0.66,542.36
63700,1273,-0.32374,50,0.7983,0.005509,,65.492,1.8783,0.2,45.6
63750,1274,-3.4856,50,0.7981,0.005297,,75.323,8.2507,0.54,353.63
63800,1275,-4.28528,50,0.798,0.007245,,74.215,9.5875,0.64,433.07
63850,1276,-2.92253,50,0.7978,0.006085,,60.529,5.2229,0.54,348.22
63900,1277,-4.22402,50,0.7976,0.005037,,72.821,9.1849,0.54,440.25
63950,1278,-3.40361,50,0.7975,0.006264,,66.914,6.8494,0.48,375.08
64000,1279,-2.8872,50,0.7973,0.006137,,71.883,7.1039,0.44,289.91
64050,1280,-2.92675,50,0.7972,0.006124,,73.93,6.1548,0.38,324.0
64100,1281,-1.84895,50,0.797,0.005136,,70.0,5.2159,0.5,180.71
64150,1282,-0.85801,50,0.7969,0.006133,,70.86,2.9589,0.22,100.27
64200,1283,-0.93012,50,0.7967,0.004927,,68.857,3.2862,0.38,96.57
64250,1284,-0.21833,50,0.7965,0.006409,,76.083,1.413,0.12,16.79
64300,1285,-5.46484,50,0.7964,0.005692,,74.354,8.46,0.52,651.7
64350,1286,-0.44184,50,0.7962,0.005686,,70.04,2.1147,0.26,48.02
64400,1287,-3.99457,50,0.7961,0.005453,,71.25,8.4153,0.64,426.53
64450,1288,-2.74704,50,0.7959,0.007191,,70.8,6.3718,0.42,285.82
64500,1289,-2.32951,50,0.7957,0.006466,,73.357,5.7204,0.36,240.05
64550,1290,-2.23251,50,0.7956,0.005727,,69.0,5.9747,0.46,220.33
64600,1291,-2.48226,50,0.7954,0.005068,,69.097,5.6131,0.38,273.67
64650,1292,-5.22854,50,0.7953,0.006441,,69.858,10.6586,0.66,554.56
64700,1293,-3.38789,50,0.7951,0.00571,,71.25,7.0642,0.52,370.66
64750,1294,-0.0521,50,0.795,0.005069,,72.504,0.7793,0.1,19.16
64800,1295,-1.96933,50,0.7948,0.005541,,62.069,4.4795,0.36,220.26
64850,1296,-0.91254,50,0.7946,0.005239,,64.439,3.087,0.28,96.61
64900,1297,-2.97685,50,0.7945,0.006159,,61.789,7.1483,0.5,301.5
64950,1298,-1.01512,50,0.7943,0.005998,,77.938,3.6369,0.24,92.52
65000,1299,-1.68165,50,0.7942,0.005415,,66.654,4.4967,0.38,172.29
65050,1300,-3.20076,50,0.794,0.006284,,63.692,7.1842,0.6,340.88
65100,1301,-3.08076,50,0.7938,0.006846,,70.356,6.7762,0.46,333.34
65150,1302,-4.9536,50,0.7937,0.0065,,67.645,10.0559,0.74,527.07
65200,1303,-2.37801,50,0.7935,0.004929,,68.56,7.2431,0.58,212.52
65250,1304,-0.34696,50,0.7934,0.006102,,70.257,1.5883,0.14,47.96
65300,1305,-3.41677,50,0.7932,0.005257,,65.374,7.4362,0.52,364.73
65350,1306,-2.08229,50,0.7931,0.00612,,71.145,5.6816,0.4,214.14
65400,1307,-2.0437,50,0.7929,0.005771,,74.055,4.774,0.34,227.16
65450,1308,-5.61925,50,0.7927,0.005372,,76.438,10.5699,0.62,620.86
65500,1309,-1.27849,50,0.7926,0.005878,,71.119,4.2363,0.38,116.44
65550,1310,-5.62404,50,0.7924,0.00602,,68.762,9.8386,0.62,638.83
65600,1311,-0.73613,50,0.7923,0.006212,,70.039,3.1527,0.3,70.61
65650,1312,-1.96011,50,0.7921,0.005853,,76.604,4.3319,0.26,218.68
65700,1313,-0.87896,50,0.792,0.006054,,71.335,2.875,0.26,95.98
65750,1314,-5.20919,50,0.7918,0.005477,,72.5,9.584,0.64,578.57
65800,1315,-2.81352,50,0.7916,0.006092,,67.499,6.2856,0.5,301.13
65850,1316,-2.71621,50,0.7915,0.006151,,77.581,4.8812,0.32,322.23
65900,1317,-3.74541,50,0.7913,0.005838,,66.471,8.1385,0.54,393.08
65950,1318,-2.32864,50,0.7912,0.005979,,72.629,5.035,0.36,262.81
66000,1319,-4.57952,50,0.791,0.006176,,72.5,9.088,0.58,494.94
66050,1320,-2.40039,50,0.7908,0.006085,,72.014,6.2114,0.4,237.97
66100,1321,-1.49999,50,0.7907,0.005299,,71.051,4.5503,0.3,145.62
66150,1322,-0.35404,50,0.7905,0.006265,,77.124,1.7666,0.1,43.23
66200,1323,-2.00268,50,0.7904,0.006444,,68.062,4.9501,0.42,213.5
66250,1324,-1.66466,50,0.7902,0.006101,,74.088,4.6903,0.44,159.52
66300,1325,-1.77865,50,0.7901,0.006232,,71.947,4.2093,0.34,197.01
66350,1326,-1.51937,50,0.7899,0.006035,,64.192,4.1979,0.42,166.29
66400,1327,-4.17396,50,0.7897,0.006379,,76.462,10.4704,0.62,397.49
66450,1328,-2.77592,50,0.7896,0.006328,,69.376,7.4808,0.54,267.55
66500,1329,-4.29154,50,0.7894,0.006637,,66.158,8.9648,0.64,463.08
66550,1330,-0.2222,50,0.7893,0.006185,,70.084,1.4903,0.2,30.52
66600,1331,-1.47816,50,0.7891,0.00567,,72.983,4.626,0.34,143.12
66650,1332,-2.47839,50,0.7889,0.006859,,64.8,4.7433,0.38,296.0
66700,1333,-2.67259,50,0.7888,0.006029,,65.0,6.8442,0.56,260.17
66750,1334,-1.69078,50,0.7886,0.005313,,77.294,5.2694,0.38,151.41
66800,1335,-2.65911,50,0.7885,0.005544,,70.366,4.9387,0.42,316.01
66850,1336,-2.11551,50,0.7883,0.005544,,65.561,4.8603,0.38,239.29
66900,1337,-4.60073,50,0.7882,0.006201,,65.77,9.1056,0.64,506.87
66950,1338,-1.59996,50,0.788,0.006233,,68.734,4.6888,0.4,152.17
67000,1339,-4.74671,50,0.7878,0.006332,,66.517,8.8666,0.56,532.34
67050,1340,-3.2029,50,0.7877,0.005938,,79.664,7.0531,0.48,343.29
67100,1341,-3.75216,50,0.7875,0.006278,,65.075,7.4452,0.56,412.77
67150,1342,-2.94036,50,0.7874,0.005604,,67.419,6.1564,0.56,321.97
67200,1343,-0.09524,50,0.7872,0.006071,,76.461,1.4187,0.08,11.17
67250,1344,-5.42424,50,0.787,0.005817,,67.607,11.81,0.68,554.54
67300,1345,-2.19847,50,0.7869,0.006055,,66.972,4.6113,0.42,256.76
67350,1346,-2.41988,50,0.7867,0.005935,,67.0,5.8651,0.46,250.99
67400,1347,-5.59426,50,0.7866,0.006864,,71.592,11.7178,0.72,577.78
67450,1348,-1.30916,50,0.7864,0.005769,,64.084,4.764,0.4,113.82
67500,1349,-1.9495,50,0.7863,0.006158,,65.131,4.8806,0.38,209.64
67550,1350,-3.92402,50,0.7861,0.004645,,72.206,8.8813,0.6,401.13
67600,1351,-6.67506,50,0.7859,0.005746,,72.612,10.5104,0.58,780.3
67650,1352,-0.76097,50,0.7858,0.005403,,66.418,2.4705,0.2,97.43
67700,1353,-5.29482,50,0.7856,0.008044,,56.991,9.4096,0.66,606.48
67750,1354,-3.05257,50,0.7855,0.007773,,67.155,6.3655,0.5,341.88
67800,1355,-0.34431,50,0.7853,0.006501,,77.586,2.0602,0.22,27.62
67850,1356,-5.37035,50,0.7851,0.006126,,71.608,11.3463,0.72,565.5
67900,1357,-1.06156,50,0.785,0.005874,,61.834,3.922,0.34,91.53
67950,1358,-2.74388,50,0.7848,0.006532,,68.167,6.1772,0.46,301.28
68000,1359,-0.86141,50,0.7847,0.005454,,72.553,3.2923,0.32,87.29
68050,1360,-2.24586,50,0.7845,0.005424,,61.276,5.7318,0.5,230.89
68100,1361,-4.21147,50,0.7843,0.00624,,77.077,9.3612,0.52,432.79
68150,1362,-3.56796,50,0.7842,0.005655,,67.0,8.288,0.48,374.17
68200,1363,-2.23346,50,0.784,0.005006,,61.25,4.2686,0.46,266.9
68250,1364,-0.45125,50,0.7839,0.005802,,69.295,2.3024,0.22,44.02
68300,1365,-4.17979,50,0.7837,0.005013,,64.045,7.4213,0.58,485.84
68350,1366,-2.12438,50,0.7836,0.006233,,65.882,5.709,0.44,213.29
68400,1367,-0.47468,50,0.7834,0.005506,,74.412,2.7915,0.22,37.01
68450,1368,-4.81292,50,0.7832,0.005214,,75.049,10.5861,0.74,488.15
68500,1369,-0.3536,50,0.7831,0.004848,,62.354,2.0927,0.22,36.07
68550,1370,-2.97822,50,0.7829,0.006038,,65.891,5.9167,0.46,342.18
68600,1371,-3.03773,50,0.7828,0.00618,,74.642,7.1928,0.44,310.58
68650,1372,-0.4809,50,0.7826,0.00479,,66.459,2.3862,0.28,53.84
68700,1373,-6.90052,50,0.7824,0.00571,,67.388,13.9903,0.78,721.62
68750,1374,-1.69542,50,0.7823,0.007016,,73.251,5.0444,0.42,168.11
68800,1375,-4.65072,50,0.7821,0.00578,,75.0,10.2813,0.64,478.84
68850,1376,-2.26642,50,0.782,0.006588,,80.997,5.9487,0.4,225.39
68900,1377,-1.13904,50,0.7818,0.004917,,79.902,2.9598,0.34,121.34
68950,1378,-1.88337,50,0.7817,0.005628,,72.53,4.9236,0.42,194.81
69000,1379,-4.72445,50,0.7815,0.006009,,71.137,10.0572,0.64,490.79
69050,1380,-3.53036,50,0.7813,0.005041,,76.42,7.8392,0.48,363.42
69100,1381,-0.25588,50,0.7812,0.005834,,73.755,1.7519,0.12,20.0
69150,1382,-1.58307,50,0.781,0.005289,,73.676,4.809,0.52,157.53
69200,1383,-4.13319,50,0.7809,0.005572,,67.81,8.4922,0.64,453.28
69250,1384,-1.22643,50,0.7807,0.00613,,81.057,3.6751,0.32,119.26
69300,1385,-0.62934,50,0.7805,0.006299,,73.697,3.1042,0.24,44.66
69350,1386,-0.34202,50,0.7804,0.005569,,70.745,1.8678,0.12,34.84
69400,1387,-1.09871,50,0.7802,0.005935,,64.21,3.92,0.42,98.43
69450,1388,-5.32886,50,0.7801,0.005774,,70.451,10.1157,0.66,583.51
69500,1389,-2.63439,50,0.7799,0.006131,,70.774,6.1709,0.46,278.82
69550,1390,-2.19876,50,0.7798,0.00567,,65.758,6.0888,0.5,213.35
69600,1391,-3.27157,50,0.7796,0.005712,,63.239,6.9043,0.52,360.85
69650,1392,-2.5328,50,0.7794,0.006656,,76.555,6.4927,0.46,257.74
69700,1393,-7.84076,50,0.7793,0.005551,,75.015,14.9928,0.76,842.29
69750,1394,-1.88895,50,0.7791,0.006084,,68.029,4.8644,0.42,201.33
69800,1395,-3.8328,50,0.779,0.005322,,71.756,8.5182,0.52,397.14
69850,1396,-0.76123,50,0.7788,0.005349,,71.418,2.306,0.22,93.83
69900,1397,-2.07677,50,0.7787,0.005594,,64.146,5.1199,0.52,234.68
69950,1398,-2.81493,50,0.7785,0.006405,,70.601,6.6521,0.48,285.86
70000,1399,-0.18818,50,0.7783,0.00592,,74.317,1.6626,0.18,25.22
70050,1400,-4.14973,50,0.7782,0.005508,,71.828,8.3832,0.46,446.64
70100,1401,-1.70262,50,0.778,0.006085,,62.395,4.2283,0.36,181.26
70150,1402,-2.9059,50,0.7779,0.005477,,67.263,6.1149,0.52,316.56
70200,1403,-2.38767,50,0.7777,0.00624,,72.667,5.5117,0.48,261.73
70250,1404,-1.78601,50,0.7775,0.005806,,67.842,5.2352,0.48,170.28
70300,1405,-3.81186,50,0.7774,0.005896,,64.234,7.786,0.68,421.35
70350,1406,-5.76948,50,0.7772,0.006553,,72.244,10.9829,0.66,634.66
70400,1407,-3.1557,50,0.7771,0.00588,,73.0,5.9668,0.44,365.77
70450,1408,-3.15219,50,0.7769,0.005255,,73.315,7.0541,0.54,328.4
70500,1409,-2.36718,50,0.7768,0.005563,,73.951,5.4675,0.44,253.02
70550,1410,-5.29866,50,0.7766,0.006117,,67.81,10.5329,0.66,570.0
70600,1411,-3.42998,50,0.7764,0.006474,,70.386,7.3464,0.64,378.29
70650,1412,-3.4983,50,0.7763,0.005642,,70.743,7.8047,0.52,360.02
70700,1413,-2.23607,50,0.7761,0.005484,,78.643,4.7497,0.28,244.9
70750,1414,-1.20749,50,0.776,0.005764,,70.623,3.5725,0.36,131.21
70800,1415,-2.23074,50,0.7758,0.005998,,74.185,6.7277,0.46,199.69
70850,1416,-3.17974,50,0.7756,0.005331,,71.0,7.0602,0.58,333.63
70900,1417,-3.83311,50,0.7755,0.005633,,77.5,8.4172,0.52,398.59
70950,1418,-2.79398,50,0.7753,0.005816,,75.257,7.2754,0.5,268.07
71000,1419,-3.79712,50,0.7752,0.005483,,74.607,7.347,0.56,425.06
71050,1420,-4.98997,50,0.775,0.006269,,65.15,9.5338,0.72,552.45
71100,1421,-2.44579,50,0.7749,0.005385,,69.119,5.9597,0.42,254.18
71150,1422,-2.62584,50,0.7747,0.006338,,79.825,5.8085,0.4,275.72
71200,1423,-0.79909,50,0.7745,0.006002,,69.573,2.7758,0.24,88.83
71250,1424,-1.29059,50,0.7744,0.005531,,69.652,4.0337,0.42,129.18
71300,1425,-1.75534,50,0.7742,0.005453,,68.39,5.3488,0.46,167.51
71350,1426,-0.54961,50,0.7741,0.005387,,62.099,3.0771,0.28,42.57
71400,1427,-1.2884,50,0.7739,0.005844,,66.258,4.5614,0.4,112.09
71450,1428,-0.62888,50,0.7737,0.006362,,72.074,2.6763,0.28,61.97
71500,1429,-2.03513,50,0.7736,0.005454,,68.22,6.0711,0.46,189.14
71550,1430,-2.49482,50,0.7734,0.005621,,66.644,6.4123,0.44,257.49
71600,1431,-3.20153,50,0.7733,0.005845,,66.923,6.2549,0.46,362.47
71650,1432,-2.11628,50,0.7731,0.005271,,61.668,5.3975,0.4,225.13
71700,1433,-1.08468,50,0.773,0.005761,,73.75,4.0755,0.4,89.57
71750,1434,-4.14672,50,0.7728,0.005891,,67.252,7.7422,0.62,475.35
71800,1435,-4.51973,50,0.7726,0.006523,,79.094,9.9832,0.62,463.59
71850,1436,-0.43538,50,0.7725,0.005789,,72.319,2.2546,0.22,44.22
71900,1437,-3.80698,50,0.7723,0.005675,,69.924,9.5621,0.58,369.05
71950,1438,-0.86992,50,0.7722,0.005832,,69.026,3.7465,0.34,69.04
72000,1439,-3.4784,50,0.772,0.00601,,69.092,7.5704,0.56,370.72
72050,1440,-2.27559,50,0.7718,0.005774,,66.041,5.6166,0.4,237.98
72100,1441,-4.31557,50,0.7717,0.00575,,71.25,8.7781,0.58,467.55
72150,1442,-1.94542,50,0.7715,0.005683,,64.864,4.7167,0.38,209.66
72200,1443,-2.22206,50,0.7714,0.005272,,69.688,4.6842,0.46,249.28
72250,1444,-1.02366,50,0.7712,0.005714,,69.23,3.5722,0.32,97.56
72300,1445,-1.32438,50,0.7711,0.005621,,76.244,2.6184,0.22,168.29
72350,1446,-2.87152,50,0.7709,0.005956,,77.769,7.0501,0.48,288.84
72400,1447,-3.8001,50,0.7707,0.005881,,70.17,8.7235,0.64,383.91
72450,1448,-0.39297,50,0.7706,0.005979,,78.197,2.1565,0.2,36.12
72500,1449,-6.24258,50,0.7704,0.005479,,77.5,13.1093,0.72,640.68
72550,1450,-1.59047,50,0.7703,0.006965,,67.421,4.8383,0.4,150.15
72600,1451,-3.87252,50,0.7701,0.006396,,70.242,8.6392,0.46,404.33
72650,1452,-2.59936,50,0.7699,0.005786,,69.704,6.9922,0.54,247.69
72700,1453,-3.70975,50,0.7698,0.005966,,72.5,8.2816,0.52,389.57
72750,1454,-0.78063,50,0.7696,0.005195,,67.6,3.2641,0.34,75.97
72800,1455,-0.71715,50,0.7695,0.006637,,72.28,2.2596,0.2,88.65
72850,1456,-1.61786,50,0.7693,0.005449,,66.322,4.1862,0.34,180.32
72900,1457,-5.18807,50,0.7692,0.005198,,71.571,8.4828,0.54,596.78
72950,1458,-0.58454,50,0.769,0.005279,,67.4,2.2976,0.14,57.17
73000,1459,-1.80203,50,0.7688,0.006099,,65.0,5.5368,0.4,164.78
73050,1460,-0.86307,50,0.7687,0.006191,,78.888,3.0696,0.26,88.72
73100,1461,-1.89214,50,0.7685,0.005132,,64.759,4.3866,0.32,219.32
73150,1462,-3.052,50,0.7684,0.005576,,66.298,7.3956,0.54,307.69
73200,1463,-3.45521,50,0.7682,0.005471,,68.445,8.891,0.64,330.58
73250,1464,-3.24619,50,0.768,0.005124,,72.54,7.2083,0.5,347.92
73300,1465,-1.74743,50,0.7679,0.006133,,65.536,4.7374,0.5,182.85
73350,1466,-2.52277,50,0.7677,0.005684,,79.02,7.1486,0.42,232.24
73400,1467,-1.6447,50,0.7676,0.006059,,69.0,5.3676,0.38,145.24
73450,1468,-1.35975,50,0.7674,0.006552,,66.904,4.321,0.4,141.86
73500,1469,-0.98886,50,0.7672,0.005972,,60.749,3.1136,0.32,109.49
73550,1470,-2.51529,50,0.7671,0.00614,,64.212,5.9327,0.44,261.31
73600,1471,-2.75132,50,0.7669,0.005104,,63.421,5.8902,0.46,307.73
73650,1472,-6.25834,50,0.7668,0.005674,,79.667,12.9435,0.66,658.53
73700,1473,-3.59697,50,0.7666,0.006715,,65.656,7.905,0.5,383.24
73750,1474,-5.57219,50,0.7665,0.005374,,64.032,9.798,0.68,635.07
73800,1475,-0.84924,50,0.7663,0.005981,,72.716,3.1149,0.3,79.59
73850,1476,-2.22147,50,0.7661,0.005928,,66.055,4.9114,0.44,242.74
73900,1477,-1.77101,50,0.766,0.006257,,66.962,4.8969,0.34,180.73
73950,1478,-1.16946,50,0.7658,0.005942,,65.029,3.4682,0.34,130.62
74000,1479,-3.23873,50,0.7657,0.005574,,74.82,7.3899,0.5,333.24
74050,1480,-4.61289,50,0.7655,0.005419,,70.887,6.829,0.48,564.62
74100,1481,-2.25001,50,0.7653,0.005803,,64.484,5.6891,0.5,228.25
74150,1482,-1.35265,50,0.7652,0.00609,,65.538,3.8935,0.42,138.77
74200,1483,-3.6432,50,0.765,0.005462,,68.542,8.2488,0.52,374.47
74250,1484,-1.82642,50,0.7649,0.005909,,69.999,4.5143,0.3,204.79
74300,1485,-3.45835,50,0.7647,0.005911,,76.864,6.992,0.52,390.48
74350,1486,-1.13375,50,0.7646,0.007255,,68.988,3.6564,0.34,124.68
74400,1487,-2.71597,50,0.7644,0.005981,,63.868,6.8575,0.46,273.09
74450,1488,-2.15546,50,0.7642,0.005936,,71.73,4.6076,0.34,245.9
74500,1489,-0.83491,50,0.7641,0.006429,,71.936,3.3909,0.32,79.03
74550,1490,-2.51725,50,0.7639,0.004759,,71.967,6.8942,0.56,242.69
74600,1491,-0.26687,50,0.7638,0.005973,,73.615,2.007,0.18,19.41
74650,1492,-1.94907,50,0.7636,0.005709,,76.106,5.1389,0.42,195.5
74700,1493,-2.19758,50,0.7634,0.005363,,67.286,5.9223,0.42,216.72
74750,1494,-2.63976,50,0.7633,0.005555,,66.121,6.0066,0.42,290.55
74800,1495,-0.36564,50,0.7631,0.005872,,75.207,2.2574,0.24,33.08
74850,1496,-2.22089,50,0.763,0.005672,,65.541,4.9983,0.48,251.39
74900,1497,-2.368,50,0.7628,0.005445,,63.287,6.4607,0.54,225.88
74950,1498,-1.28898,50,0.7627,0.005608,,68.177,4.1407,0.36,127.44
75000,1499,-1.69071,50,0.7625,0.005514,,69.312,5.4783,0.42,154.35
75050,1500,-4.67119,50,0.7623,0.005854,,77.712,8.8104,0.52,518.49
75100,1501,-0.49931,50,0.7622,0.005061,,68.262,2.4797,0.3,48.59
75150,1502,-1.81819,50,0.762,0.005419,,69.615,4.5669,0.32,192.31
75200,1503,-0.13895,50,0.7619,0.004906,,73.554,1.2412,0.12,19.21
75250,1504,-6.13233,50,0.7617,0.00547,,68.398,12.8624,0.76,631.38
75300,1505,-0.57233,50,0.7615,0.00639,,75.251,1.8168,0.14,67.08
75350,1506,-0.3507,50,0.7614,0.005675,,71.732,1.9257,0.18,38.11
75400,1507,-3.78762,50,0.7612,0.005211,,73.03,7.0147,0.52,433.88
75450,1508,-0.42516,50,0.7611,0.006557,,65.895,2.2736,0.24,47.62
75500,1509,-3.77303,50,0.7609,0.006295,,69.857,8.4938,0.62,387.24
75550,1510,-2.5041,50,0.7608,0.005958,,66.487,6.5318,0.44,256.44
75600,1511,-3.60711,50,0.7606,0.00563,,74.187,7.5415,0.54,381.78
75650,1512,-2.81934,50,0.7604,0.00496,,69.379,7.0779,0.54,293.4
75700,1513,-4.94726,50,0.7603,0.005053,,67.638,10.7087,0.66,512.43
75750,1514,-2.27617,50,0.7601,0.005815,,70.136,6.4079,0.38,224.78
75800,1515,-3.27459,50,0.76,0.00557,,65.0,7.6838,0.6,337.35
75850,1516,-4.04666,50,0.7598,0.005511,,70.91,8.9706,0.54,418.93
75900,1517,-1.23676,50,0.7597,0.004989,,72.714,4.6082,0.38,98.05
75950,1518,-0.21883,50,0.7595,0.005531,,62.216,1.5584,0.18,26.36
76000,1519,-3.52581,50,0.7593,0.005492,,67.898,7.0739,0.56,395.83
76050,1520,-1.31481,50,0.7592,0.004406,,67.496,3.8818,0.4,129.6
76100,1521,-0.09874,50,0.759,0.007115,,76.061,1.1091,0.12,16.56
76150,1522,-4.52166,50,0.7589,0.005379,,68.154,8.3416,0.54,512.14
76200,1523,-1.16587,50,0.7587,0.006266,,72.5,4.1668,0.4,103.02
76250,1524,-0.49497,50,0.7585,0.005601,,62.626,2.4761,0.3,57.46
76300,1525,-1.96221,50,0.7584,0.006219,,71.79,4.739,0.4,211.46
76350,1526,-1.63471,50,0.7582,0.006738,,61.327,4.017,0.34,188.16
76400,1527,-3.14581,50,0.7581,0.005451,,73.579,6.3013,0.42,361.89
76450,1528,-3.65588,50,0.7579,0.00545,,72.918,9.0479,0.58,355.87
76500,1529,-2.51524,50,0.7578,0.005611,,70.392,6.5518,0.5,249.78
76550,1530,-3.28097,50,0.7576,0.004999,,67.421,8.1929,0.7,320.18
76600,1531,-2.42231,50,0.7574,0.006476,,77.056,5.3044,0.4,260.09
76650,1532,-7.35324,50,0.7573,0.005788,,66.197,11.7158,0.72,852.8
76700,1533,-0.96635,50,0.7571,0.006078,,69.083,2.7902,0.32,115.96
76750,1534,-2.27851,50,0.757,0.004779,,68.889,5.6947,0.52,236.75
76800,1535,-2.97243,50,0.7568,0.005918,,69.979,6.6587,0.52,320.69
76850,1536,-6.30264,50,0.7566,0.005491,,73.946,10.3382,0.54,731.86
76900,1537,-3.50272,50,0.7565,0.006137,,65.158,7.2149,0.56,391.43
76950,1538,-2.64844,50,0.7563,0.00583,,59.767,5.8739,0.52,287.91
77000,1539,-4.44875,50,0.7562,0.00639,,68.263,8.8262,0.6,489.17
77050,1540,-1.8608,50,0.756,0.005348,,68.792,5.3204,0.44,186.02
77100,1541,-1.1332,50,0.7559,0.005362,,76.707,3.2398,0.28,124.03
77150,1542,-0.52917,50,0.7557,0.005015,,75.08,2.5278,0.24,39.97
77200,1543,-0.80896,50,0.7555,0.00608,,70.443,3.4973,0.36,63.98
77250,1544,-0.32643,50,0.7554,0.005835,,70.871,1.7468,0.14,38.46
77300,1545,-1.97027,50,0.7552,0.006282,,68.975,4.5335,0.32,224.7
77350,1546,-0.06502,50,0.7551,0.005456,,73.244,1.4288,0.16,13.41
77400,1547,-1.39763,50,0.7549,0.006795,,72.001,2.9127,0.28,183.75
77450,1548,-4.58371,50,0.7547,0.006191,,69.737,8.988,0.62,495.93
77500,1549,0.06763,50,0.7546,0.005693,,72.223,0.923,0.06,1.59
77550,1550,-1.88622,50,0.7544,0.005431,,65.469,5.9151,0.5,172.75
77600,1551,-4.2009,50,0.7543,0.00538,,66.811,8.6861,0.58,455.21
77650,1552,-1.95873,50,0.7541,0.00541,,70.407,5.7684,0.46,193.18
77700,1553,-4.14005,50,0.754,0.006576,,68.8,9.4525,0.66,417.33
77750,1554,-4.16448,50,0.7538,0.00561,,68.826,9.1139,0.48,435.7
77800,1555,-4.30085,50,0.7536,0.006151,,65.79,7.8236,0.52,488.7
77850,1556,-0.16534,50,0.7535,0.006326,,76.347,1.4404,0.16,21.92
77900,1557,-6.11209,50,0.7533,0.005986,,71.882,11.1478,0.72,670.0
77950,1558,-1.28801,50,0.7532,0.006753,,67.788,3.7643,0.4,139.52
78000,1559,-3.46074,50,0.753,0.00638,,73.038,7.2479,0.54,368.76
78050,1560,-3.51376,50,0.7528,0.005881,,75.0,8.9428,0.48,343.24
78100,1561,-3.68284,50,0.7527,0.005813,,77.416,9.3227,0.62,347.91
78150,1562,-2.05903,50,0.7525,0.006289,,63.14,4.4937,0.38,231.84
78200,1563,-0.03453,50,0.7524,0.005313,,71.487,1.3282,0.06,10.01
78250,1564,-2.80106,50,0.7522,0.006403,,67.465,7.2438,0.52,278.48
78300,1565,-5.13496,50,0.752,0.006225,,78.727,10.5377,0.6,539.35
78350,1566,-2.08896,50,0.7519,0.006018,,66.403,5.5448,0.46,212.35
78400,1567,-1.18064,50,0.7517,0.006509,,64.004,4.1814,0.42,109.17
78450,1568,-2.03418,50,0.7516,0.006042,,67.962,4.7345,0.5,223.58
78500,1569,-0.98427,50,0.7514,0.005778,,61.25,3.2263,0.34,107.69
78550,1570,-2.58561,50,0.7513,0.005881,,65.273,6.0037,0.44,275.08
78600,1571,-3.23316,50,0.7511,0.006843,,81.291,6.1806,0.42,363.65
78650,1572,-3.34278,50,0.7509,0.00621,,75.0,9.2131,0.56,307.33
78700,1573,-2.58706,50,0.7508,0.006397,,68.199,5.0296,0.42,302.57
78750,1574,-3.55351,50,0.7506,0.006202,,63.568,7.0029,0.58,400.8
78800,1575,-2.80471,50,0.7505,0.00588,,67.522,6.362,0.54,311.98
78850,1576,-3.12579,50,0.7503,0.006056,,68.391,6.8437,0.58,340.08
78900,1577,-4.60318,50,0.7501,0.005879,,69.241,8.6884,0.6,512.11
78950,1578,-1.62177,50,0.75,0.006161,,73.548,3.9437,0.28,186.05
79000,1579,-4.05432,50,0.7498,0.00656,,68.211,9.0225,0.66,420.65
79050,1580,-4.03951,50,0.7497,0.005412,,71.858,7.202,0.52,471.55
79100,1581,-1.87608,50,0.7495,0.006063,,73.431,5.008,0.4,197.7
79150,1582,-1.58764,50,0.7494,0.006438,,63.403,3.9982,0.34,171.21
79200,1583,-4.1748,50,0.7492,0.00577,,73.105,9.3526,0.56,428.08
79250,1584,-2.45005,50,0.749,0.005666,,65.314,5.7168,0.42,266.97
79300,1585,-0.99789,50,0.7489,0.006846,,72.5,3.8893,0.4,90.75
79350,1586,-1.57522,50,0.7487,0.005853,,69.295,4.2544,0.38,167.45
79400,1587,0.02131,50,0.7486,0.005338,,68.948,0.991,0.1,13.07
79450,1588,-0.95266,50,0.7484,0.005431,,61.78,3.3217,0.36,96.61
79500,1589,-4.20564,50,0.7483,0.006026,,71.352,8.2283,0.54,464.27
79550,1590,-1.64809,50,0.7481,0.005863,,65.556,5.2584,0.4,158.43
79600,1591,-2.56838,50,0.7479,0.006798,,64.624,6.1133,0.5,273.94
79650,1592,-3.51413,50,0.7478,0.006462,,69.454,7.4373,0.58,381.54
79700,1593,-6.27757,50,0.7476,0.005985,,67.694,10.9868,0.62,716.87
79750,1594,-1.73521,50,0.7475,0.006028,,68.559,4.2552,0.28,191.32
79800,1595,-2.63073,50,0.7473,0.005722,,65.606,6.299,0.58,273.98
79850,1596,-4.72591,50,0.7471,0.006547,,74.0,9.5651,0.64,505.66
79900,1597,-1.62856,50,0.747,0.00628,,68.665,4.7243,0.44,158.38
79950,1598,-2.37567,50,0.7468,0.006284,,66.403,4.936,0.42,279.33
80000,1599,-1.32307,50,0.7467,0.005922,,64.794,4.463,0.42,118.48
80050,1600,0.13046,50,0.7465,0.005755,,72.198,0.318,0.08,4.28
80100,1601,-5.81445,50,0.7464,0.006521,,68.986,10.5885,0.7,649.97
80150,1602,-0.62996,50,0.7462,0.005939,,69.634,2.8703,0.3,55.16
80200,1603,-1.00862,50,0.746,0.005497,,72.62,3.1564,0.2,107.64
80250,1604,-4.4986,50,0.7459,0.006938,,66.916,10.3456,0.68,448.15
80300,1605,-5.91961,50,0.7457,0.005979,,69.971,10.5807,0.7,664.35
80350,1606,-0.48905,50,0.7456,0.005835,,68.646,1.4067,0.2,73.81
80400,1607,-1.15779,50,0.7454,0.005924,,67.099,3.5152,0.36,126.23
80450,1608,-2.4717,50,0.7452,0.006554,,67.037,7.1571,0.52,221.34
80500,1609,-3.71129,50,0.7451,0.006845,,72.374,8.1237,0.54,385.7
80550,1610,-3.00073,50,0.7449,0.005999,,69.956,7.8937,0.64,284.34
80600,1611,-2.58696,50,0.7448,0.006032,,70.459,6.2056,0.48,264.35
80650,1612,-0.55585,50,0.7446,0.007358,,64.057,3.0066,0.28,47.44
80700,1613,-6.58565,50,0.7445,0.005843,,69.269,9.3747,0.6,800.97
80750,1614,-2.92054,50,0.7443,0.006634,,66.259,6.5898,0.52,309.3
80800,1615,-5.33282,50,0.7441,0.006634,,73.123,10.2709,0.62,587.38
80850,1616,-2.19945,50,0.744,0.006974,,62.559,5.9581,0.6,213.64
80900,1617,-2.48988,50,0.7438,0.006184,,61.496,6.6521,0.58,237.68
80950,1618,-1.67507,50,0.7437,0.006133,,72.781,5.0293,0.34,162.95
81000,1619,-2.98557,50,0.7435,0.006123,,63.234,6.1338,0.52,330.98
81050,1620,-3.22944,50,0.7433,0.00623,,65.627,6.655,0.54,357.05
81100,1621,-0.5973,50,0.7432,0.006812,,82.329,2.0238,0.24,64.92
81150,1622,-4.56135,50,0.743,0.006397,,59.993,8.5065,0.62,513.03
81200,1623,-3.40246,50,0.7429,0.005437,,69.901,8.1777,0.56,336.6
81250,1624,-1.49677,50,0.7427,0.007296,,70.526,4.1553,0.3,155.72
81300,1625,-3.39989,50,0.7426,0.005905,,71.793,6.8699,0.46,380.86
81350,1626,-0.1146,50,0.7424,0.006726,,75.477,1.5281,0.18,15.39
81400,1627,-3.23761,50,0.7422,0.006229,,66.186,7.7145,0.54,336.02
81450,1628,-5.75684,50,0.7421,0.006489,,70.0,11.5157,0.64,609.23
81500,1629,-2.61163,50,0.7419,0.005775,,66.678,5.4966,0.46,289.99
81550,1630,-1.45671,50,0.7418,0.00677,,66.626,4.7627,0.4,137.14
81600,1631,-0.62612,50,0.7416,0.005581,,68.941,2.8302,0.24,60.25
81650,1632,-1.35704,50,0.7414,0.007132,,70.551,3.6255,0.3,150.7
81700,1633,-2.36533,50,0.7413,0.00623,,64.678,5.7734,0.52,248.66
81750,1634,-0.20761,50,0.7411,0.00541,,65.785,1.6355,0.16,26.57
81800,1635,-3.29361,50,0.741,0.006428,,77.999,7.9391,0.46,331.83
81850,1636,-0.41017,50,0.7408,0.006195,,63.128,2.2307,0.22,44.63
81900,1637,-1.43721,50,0.7407,0.006446,,72.601,4.3928,0.36,143.46
81950,1638,-3.28693,50,0.7405,0.006199,,73.559,6.752,0.5,356.59
82000,1639,-3.22981,50,0.7403,0.006446,,74.236,7.9781,0.6,319.84
82050,1640,-1.66353,50,0.7402,0.005186,,68.305,4.9,0.48,167.52
82100,1641,-4.03581,50,0.74,0.00675,,70.0,8.2101,0.52,442.07
82150,1642,-6.84464,50,0.7399,0.006258,,71.2,11.8474,0.76,767.81
82200,1643,-1.53369,50,0.7397,0.005797,,74.439,4.911,0.5,141.35
82250,1644,-0.48803,50,0.7395,0.006451,,79.384,2.1005,0.14,54.75
82300,1645,-1.96601,50,0.7394,0.005779,,76.225,6.5487,0.4,164.43
82350,1646,-0.78477,50,0.7392,0.007064,,61.338,2.906,0.36,84.65
82400,1647,-1.65429,50,0.7391,0.006548,,72.423,5.3146,0.34,156.14
82450,1648,-0.98827,50,0.7389,0.006587,,72.683,3.4647,0.36,92.15
82500,1649,-2.07654,50,0.7388,0.005852,,67.509,5.9676,0.46,203.5
82550,1650,-2.82305,50,0.7386,0.006011,,71.277,5.9241,0.5,315.13
82600,1651,-1.33511,50,0.7384,0.00617,,64.824,3.8373,0.36,145.1
82650,1652,-1.24247,50,0.7383,0.00617,,69.605,3.9038,0.36,131.39
82700,1653,-4.98677,50,0.7381,0.00632,,69.49,10.5724,0.66,519.29
82750,1654,-1.49448,50,0.738,0.006131,,67.413,5.6049,0.5,119.65
82800,1655,-3.98844,50,0.7378,0.006168,,73.177,8.651,0.52,417.85
82850,1656,-1.41617,50,0.7376,0.005214,,67.474,4.6987,0.44,138.05
82900,1657,-3.342,50,0.7375,0.005149,,68.886,8.3734,0.54,323.32
82950,1658,-3.91381,50,0.7373,0.006271,,66.203,8.4584,0.62,415.04
83000,1659,-0.77211,50,0.7372,0.007117,,72.169,3.0756,0.32,73.74
83050,1660,-4.92312,50,0.737,0.006383,,69.955,9.6202,0.56,539.09
83100,1661,-0.57936,50,0.7369,0.005509,,57.549,2.4793,0.26,63.47
83150,1662,-0.56992,50,0.7367,0.006412,,69.911,2.5679,0.26,59.74
83200,1663,-3.65334,50,0.7365,0.006098,,73.171,8.865,0.54,361.81
83250,1664,-0.59508,50,0.7364,0.005391,,67.318,3.0608,0.38,51.84
83300,1665,-4.06656,50,0.7362,0.005684,,79.906,9.3587,0.54,410.74
83350,1666,-2.25093,50,0.7361,0.006275,,68.222,5.9825,0.52,212.87
83400,1667,-0.98492,50,0.7359,0.006012,,68.833,3.6142,0.2,95.82
83450,1668,-4.76754,50,0.7357,0.005918,,70.937,11.0932,0.64,470.26
83500,1669,-1.67395,50,0.7356,0.00725,,66.677,4.8164,0.42,166.42
83550,1670,0.12128,50,0.7354,0.006471,,64.806,0.9052,0.12,8.39
83600,1671,-4.29215,50,0.7353,0.005917,,74.409,6.9021,0.44,507.26
83650,1672,-1.0867,50,0.7351,0.006723,,68.653,3.3627,0.4,106.69
83700,1673,-0.25253,50,0.7349,0.00601,,69.228,1.6035,0.2,32.55
83750,1674,-0.12624,50,0.7348,0.005606,,76.1,1.2848,0.12,21.02
83800,1675,-4.2923,50,0.7346,0.005957,,72.5,9.2349,0.54,457.51
83850,1676,-3.75051,50,0.7345,0.005537,,76.492,7.2593,0.44,424.38
83900,1677,-2.26357,50,0.7343,0.006202,,74.131,5.9047,0.44,214.27
83950,1678,-1.70053,50,0.7342,0.005528,,68.031,4.1929,0.44,191.82
84000,1679,-0.71098,50,0.734,0.005787,,81.28,2.351,0.22,74.6
84050,1680,-1.60325,50,0.7338,0.005571,,68.735,3.3772,0.38,196.59
84100,1681,-3.37134,50,0.7337,0.006003,,70.492,7.8298,0.5,343.59
84150,1682,-1.71873,50,0.7335,0.006494,,67.567,4.632,0.4,182.46
84200,1683,-3.07985,50,0.7334,0.005944,,65.44,6.4486,0.46,336.99
84250,1684,-5.56233,50,0.7332,0.006125,,72.797,10.4857,0.64,614.96
84300,1685,-2.41557,50,0.733,0.006488,,75.344,5.6911,0.42,254.83
84350,1686,-2.64141,50,0.7329,0.006265,,71.004,6.7437,0.52,261.73
84400,1687,-1.1151,50,0.7327,0.006417,,73.685,3.8188,0.28,103.32
84450,1688,-0.30361,50,0.7326,0.006064,,69.102,1.9426,0.16,30.91
84500,1689,-8.12917,50,0.7324,0.006808,,73.75,12.5782,0.7,943.76
84550,1690,-3.97518,50,0.7323,0.007053,,70.662,7.3807,0.44,451.32
84600,1691,-2.66878,50,0.7321,0.006431,,76.154,6.1309,0.48,285.11
84650,1692,-5.3022,50,0.7319,0.006329,,68.802,9.9138,0.6,589.35
84700,1693,-1.74904,50,0.7318,0.006163,,59.558,4.6292,0.36,182.21
84750,1694,-0.4303,50,0.7316,0.006876,,68.569,1.965,0.2,51.47
84800,1695,-0.9341,50,0.7315,0.005248,,68.858,3.1343,0.32,87.56
84850,1696,-1.49882,50,0.7313,0.006439,,67.674,3.625,0.4,168.78
84900,1697,-0.92928,50,0.7311,0.006233,,64.856,3.3139,0.3,89.44
84950,1698,-2.88202,50,0.731,0.006002,,67.114,6.8593,0.52,296.62
85000,1699,-2.95233,50,0.7308,0.006554,,72.034,5.8067,0.5,342.22
85050,1700,-3.50958,50,0.7307,0.005571,,72.123,8.679,0.56,348.35
85100,1701,-4.53038,50,0.7305,0.00546,,63.309,7.9468,0.64,522.62
85150,1702,-2.46149,50,0.7304,0.005883,,68.113,6.27,0.42,249.36
85200,1703,-0.66492,50,0.7302,0.005003,,66.095,3.0103,0.32,61.04
85250,1704,-0.05208,50,0.73,0.00545,,78.216,1.1688,0.14,14.63
85300,1705,-1.06244,50,0.7299,0.007513,,66.064,3.3225,0.38,113.64
85350,1706,-2.47415,50,0.7297,0.006226,,63.44,6.2337,0.54,267.47
85400,1707,-2.83533,50,0.7296,0.005828,,67.111,7.3359,0.52,273.48
85450,1708,-3.66529,50,0.7294,0.005468,,65.29,7.2649,0.52,412.33
85500,1709,-1.05329,50,0.7292,0.006502,,69.892,3.828,0.34,97.17
85550,1710,-1.84207,50,0.7291,0.005478,,62.293,5.4327,0.38,180.05
85600,1711,-1.94309,50,0.7289,0.005947,,70.0,4.7113,0.32,211.16
85650,1712,-3.38082,50,0.7288,0.006186,,69.0,7.5442,0.56,353.82
85700,1713,-1.02251,50,0.7286,0.006331,,67.653,3.5277,0.36,101.39
85750,1714,-1.07231,50,0.7285,0.006342,,74.408,3.6256,0.34,104.49
85800,1715,-1.58006,50,0.7283,0.005499,,69.334,4.5998,0.32,161.57
85850,1716,-3.05558,50,0.7281,0.00617,,72.811,6.9883,0.46,324.8
85900,1717,-0.26555,50,0.728,0.006302,,69.684,2.1583,0.24,28.57
85950,1718,-1.46415,50,0.7278,0.005539,,67.401,4.1222,0.52,153.81
86000,1719,-1.44247,50,0.7277,0.006525,,69.399,4.6622,0.3,133.52
86050,1720,-2.59132,50,0.7275,0.006931,,65.0,6.5627,0.56,262.13
86100,1721,-0.27304,50,0.7274,0.005481,,68.024,1.6133,0.18,44.69
86150,1722,-2.61333,50,0.7272,0.005841,,66.745,6.4205,0.58,267.97
86200,1723,-1.84891,50,0.727,0.007127,,70.265,5.3535,0.46,179.28
86250,1724,-3.14195,50,0.7269,0.005793,,69.384,7.4025,0.54,324.95
86300,1725,-4.66837,50,0.7267,0.006842,,68.449,8.9034,0.58,522.31
86350,1726,-5.19288,50,0.7266,0.006775,,73.017,8.0182,0.56,626.35
86400,1727,-0.46317,50,0.7264,0.005879,,69.258,2.1177,0.2,51.73
86450,1728,-6.66105,50,0.7262,0.005816,,70.273,12.4763,0.68,733.62
86500,1729,-6.52966,50,0.7261,0.005455,,72.229,11.398,0.64,731.85
86550,1730,-2.34129,50,0.7259,0.006461,,67.741,5.5084,0.36,257.53
86600,1731,-3.25274,50,0.7258,0.005724,,60.046,8.1521,0.66,318.4
86650,1732,-3.68278,50,0.7256,0.006605,,70.365,7.0372,0.44,418.21
86700,1733,-0.86409,50,0.7255,0.005828,,71.667,3.5256,0.24,76.71
86750,1734,-4.24909,50,0.7253,0.006523,,66.577,7.3987,0.46,501.0
86800,1735,-1.99284,50,0.7251,0.005125,,70.803,5.4478,0.4,198.93
86850,1736,-4.51481,50,0.725,0.006693,,66.528,10.1195,0.72,462.33
86900,1737,-1.27689,50,0.7248,0.006226,,63.039,3.0865,0.24,154.33
86950,1738,-3.7174,50,0.7247,0.005655,,68.75,7.7781,0.52,398.43
87000,1739,-2.01691,50,0.7245,0.006497,,69.591,5.0747,0.42,217.96
87050,1740,-4.05776,50,0.7243,0.005716,,75.872,8.9374,0.56,424.82
87100,1741,-2.09747,50,0.7242,0.006621,,65.0,5.5827,0.5,215.03
87150,1742,-3.22004,50,0.724,0.006027,,75.912,6.9462,0.46,340.29
87200,1743,-2.82,50,0.7239,0.005445,,66.25,6.6238,0.56,292.1
87250,1744,-0.42376,50,0.7237,0.005873,,75.392,1.55,0.18,46.67
87300,1745,-3.25474,50,0.7236,0.005328,,68.239,7.1726,0.5,343.3
87350,1746,-0.81917,50,0.7234,0.006195,,66.313,3.1319,0.3,74.32
87400,1747,-3.22654,50,0.7232,0.00666,,68.0,7.4247,0.56,338.44
87450,1748,-3.94078,50,0.7231,0.005784,,72.615,6.3742,0.44,465.29
87500,1749,-0.4006,50,0.7229,0.006099,,72.502,1.6895,0.2,54.35
87550,1750,-2.18617,50,0.7228,0.006712,,70.088,4.6367,0.34,249.26
87600,1751,-0.25178,50,0.7226,0.005735,,76.767,1.7749,0.14,22.78
87650,1752,-3.46698,50,0.7224,0.005868,,68.0,8.1586,0.58,355.1
87700,1753,-6.92038,50,0.7223,0.005845,,76.445,12.2282,0.56,768.32
87750,1754,-0.16182,50,0.7221,0.006334,,73.927,1.4806,0.12,14.44
87800,1755,-1.68253,50,0.722,0.006696,,68.989,5.4575,0.58,149.38
87850,1756,-3.37972,50,0.7218,0.006847,,61.08,6.594,0.5,388.14
87900,1757,-4.54619,50,0.7217,0.005412,,72.0,8.9524,0.58,493.67
87950,1758,-0.25238,50,0.7215,0.006362,,73.628,1.9256,0.18,22.89
88000,1759,-4.14488,50,0.7213,0.006166,,76.447,8.695,0.6,438.1
88050,1760,-2.43007,50,0.7212,0.005548,,65.258,6.3592,0.5,235.94
88100,1761,-0.51858,50,0.721,0.006755,,68.338,2.6118,0.22,48.75
88150,1762,-7.42046,50,0.7209,0.005998,,70.0,14.1764,0.72,796.6
88200,1763,-1.86742,50,0.7207,0.006115,,70.802,4.0462,0.28,216.25
88250,1764,-2.62934,50,0.7205,0.006174,,68.071,5.9425,0.44,285.21
88300,1765,-3.84673,50,0.7204,0.006115,,68.741,8.5152,0.62,395.75
88350,1766,-1.9873,50,0.7202,0.006463,,75.176,4.7584,0.38,203.96
88400,1767,-3.61882,50,0.7201,0.006059,,60.909,8.3243,0.68,373.58
88450,1768,-1.77348,50,0.7199,0.008188,,71.255,4.901,0.52,182.4
88500,1769,-2.02059,50,0.7198,0.005823,,68.805,5.5794,0.5,204.57
88550,1770,-3.13707,50,0.7196,0.00651,,69.109,7.2756,0.46,322.5
88600,1771,-4.98724,50,0.7194,0.006468,,69.433,9.1933,0.6,562.56
88650,1772,0.09175,50,0.7193,0.006108,,68.027,0.8001,0.08,7.38
88700,1773,-2.53835,50,0.7191,0.005887,,71.656,6.4034,0.48,250.92
88750,1774,-3.49354,50,0.719,0.005631,,65.018,7.4401,0.64,370.5
88800,1775,-3.99999,50,0.7188,0.006945,,69.699,9.4302,0.58,406.97
88850,1776,-1.16849,50,0.7186,0.006053,,67.277,4.311,0.42,105.29
88900,1777,-3.18522,50,0.7185,0.007474,,75.192,7.9824,0.48,316.32
88950,1778,-2.25533,50,0.7183,0.006973,,64.672,6.2039,0.5,227.81
89000,1779,-1.03883,50,0.7182,0.006479,,69.968,3.6979,0.36,104.14
89050,1780,-1.79479,50,0.718,0.007144,,72.055,4.1908,0.4,206.24
89100,1781,-2.8633,50,0.7179,0.006306,,74.229,5.9278,0.42,317.43
89150,1782,-1.9237,50,0.7177,0.005821,,64.0,6.0989,0.52,171.78
89200,1783,-3.07194,50,0.7175,0.006605,,66.399,7.1181,0.5,325.18
89250,1784,-1.68265,50,0.7174,0.005828,,63.98,4.8092,0.46,169.56
89300,1785,-2.98906,50,0.7172,0.006799,,70.547,6.5386,0.46,313.96
89350,1786,-1.0862,50,0.7171,0.006336,,71.023,3.7274,0.32,107.04
89400,1787,-0.59855,50,0.7169,0.006867,,76.852,2.6098,0.24,55.04
89450,1788,-3.26477,50,0.7167,0.005932,,71.721,6.8861,0.44,356.69
89500,1789,-3.76564,50,0.7166,0.006018,,66.0,8.3187,0.64,392.48
89550,1790,-4.35706,50,0.7164,0.005586,,69.602,9.3918,0.7,450.77
89600,1791,-1.95079,50,0.7163,0.007048,,68.38,5.7486,0.48,188.18
89650,1792,-2.09083,50,0.7161,0.005906,,72.562,4.9116,0.4,224.34
89700,1793,-4.85701,50,0.716,0.006063,,62.541,9.8351,0.64,522.29
89750,1794,-0.71706,50,0.7158,0.005412,,70.687,3.0361,0.26,69.14
89800,1795,-0.66029,50,0.7156,0.006315,,67.344,2.594,0.28,80.06
89850,1796,-2.32187,50,0.7155,0.006788,,72.381,5.8083,0.54,237.42
89900,1797,-1.39637,50,0.7153,0.005702,,67.453,3.7629,0.38,164.56
89950,1798,-1.93601,50,0.7152,0.005752,,73.338,4.6435,0.28,210.36
90000,1799,-2.76234,50,0.715,0.005945,,64.596,6.2748,0.52,301.35
90050,1800,-4.58188,50,0.7148,0.00609,,72.0,10.4125,0.66,462.99
90100,1801,-2.11387,50,0.7147,0.006398,,78.387,6.3062,0.44,195.0
90150,1802,-4.9007,50,0.7145,0.005672,,72.214,10.9538,0.72,498.71
90200,1803,-1.65989,50,0.7144,0.005809,,73.87,4.7137,0.38,171.1
90250,1804,-2.53524,50,0.7142,0.005076,,78.692,6.1027,0.46,264.38
90300,1805,-2.02784,50,0.7141,0.005894,,63.997,3.7534,0.28,250.01
90350,1806,-4.76424,50,0.7139,0.005256,,74.415,9.5901,0.66,518.49
90400,1807,-3.85224,50,0.7137,0.00562,,70.66,8.3288,0.54,402.95
90450,1808,-2.03443,50,0.7136,0.005434,,77.468,5.6426,0.4,198.98
90500,1809,-1.42869,50,0.7134,0.005832,,67.272,4.2183,0.34,145.24
90550,1810,-0.22016,50,0.7133,0.006687,,74.189,1.3862,0.2,36.27
90600,1811,-1.12735,50,0.7131,0.005909,,73.864,3.7124,0.32,106.62
90650,1812,-0.12024,50,0.7129,0.005871,,75.649,1.1244,0.14,27.91
90700,1813,-2.05861,50,0.7128,0.005669,,78.237,4.5296,0.32,220.47
90750,1814,-3.65483,50,0.7126,0.005388,,61.042,6.5441,0.52,430.98
90800,1815,-2.9148,50,0.7125,0.005874,,70.194,7.8321,0.52,279.15
90850,1816,-1.15373,50,0.7123,0.005888,,71.72,4.3493,0.38,101.39
90900,1817,-2.29435,50,0.7122,0.005901,,62.022,5.1751,0.54,260.21
90950,1818,-2.23916,50,0.712,0.006062,,62.743,6.3692,0.44,221.53
91000,1819,-0.64997,50,0.7118,0.005737,,66.83,2.8824,0.3,67.38
91050,1820,-0.66329,50,0.7117,0.00502,,61.254,2.3679,0.26,76.55
91100,1821,-1.40364,50,0.7115,0.006041,,72.409,4.6747,0.42,126.13
91150,1822,-1.65331,50,0.7114,0.006925,,65.574,4.9694,0.42,169.51
91200,1823,-3.34494,50,0.7112,0.005352,,63.892,7.7976,0.66,345.16
91250,1824,-0.83563,50,0.711,0.005847,,65.81,3.545,0.4,73.26
91300,1825,-0.48941,50,0.7109,0.006644,,68.794,2.13,0.2,64.93
91350,1826,-4.43209,50,0.7107,0.006144,,75.703,9.566,0.66,456.35
91400,1827,-4.51881,50,0.7106,0.005672,,69.16,9.4575,0.6,480.79
91450,1828,-0.62753,50,0.7104,0.006629,,70.497,2.3201,0.16,60.12
91500,1829,-5.03784,50,0.7103,0.006357,,75.385,9.8537,0.6,547.0
91550,1830,-0.54017,50,0.7101,0.00517,,65.988,2.4012,0.22,61.82
91600,1831,-2.37847,50,0.7099,0.005656,,65.831,5.2983,0.44,271.22
91650,1832,-4.74498,50,0.7098,0.005808,,64.264,9.2546,0.66,522.09
91700,1833,-4.28122,50,0.7096,0.005936,,64.918,8.3362,0.58,471.79
91750,1834,-3.8001,50,0.7095,0.006027,,63.812,8.6448,0.6,388.04
91800,1835,-1.30294,50,0.7093,0.006264,,70.903,3.8078,0.34,134.65
91850,1836,-0.49761,50,0.7091,0.005642,,65.875,2.6092,0.3,47.64
91900,1837,-3.38836,50,0.709,0.004722,,66.458,7.291,0.52,361.51
91950,1838,-1.20171,50,0.7088,0.006604,,74.439,4.3183,0.34,105.67
92000,1839,-4.2608,50,0.7087,0.005439,,72.5,9.2259,0.62,443.78
92050,1840,-3.42842,50,0.7085,0.006282,,65.886,8.4074,0.6,338.18
92100,1841,-2.97197,50,0.7084,0.005352,,74.572,7.4036,0.5,291.64
92150,1842,-0.56931,50,0.7082,0.005398,,77.069,2.1322,0.26,64.8
92200,1843,-0.5139,50,0.708,0.005258,,66.658,2.2722,0.24,55.7
92250,1844,-3.05448,50,0.7079,0.006461,,62.295,7.4165,0.58,308.42
92300,1845,-0.089,50,0.7077,0.005368,,76.61,1.1356,0.14,16.66
92350,1846,-4.2432,50,0.7076,0.00599,,65.796,8.8049,0.66,458.74
92400,1847,-1.39606,50,0.7074,0.006301,,76.342,3.8891,0.4,137.5
92450,1848,-2.76368,50,0.7072,0.005872,,67.391,6.2941,0.42,299.6
92500,1849,-1.53002,50,0.7071,0.005639,,69.655,4.018,0.34,151.96
92550,1850,-3.88377,50,0.7069,0.006175,,71.456,8.1512,0.6,421.58
92600,1851,-2.31276,50,0.7068,0.005106,,64.29,5.8114,0.52,235.22
92650,1852,-2.03681,50,0.7066,0.006633,,63.75,4.4735,0.42,242.45
92700,1853,-0.00693,50,0.7065,0.005642,,76.086,0.8958,0.1,10.13
92750,1854,-3.06037,50,0.7063,0.005843,,65.795,7.8585,0.52,296.77
92800,1855,-0.58056,50,0.7061,0.005387,,59.039,2.6294,0.34,62.61
92850,1856,-4.34456,50,0.706,0.007555,,75.387,8.5417,0.54,472.25
92900,1857,-2.71339,50,0.7058,0.005547,,70.764,6.983,0.5,273.43
92950,1858,-0.50045,50,0.7057,0.005973,,69.054,2.2762,0.24,62.81
93000,1859,-5.83387,50,0.7055,0.005463,,81.434,10.7131,0.6,649.3
93050,1860,-1.39879,50,0.7053,0.005215,,69.212,4.7739,0.46,131.01
93100,1861,-2.7554,50,0.7052,0.005517,,65.47,6.1675,0.46,295.21
93150,1862,-3.29266,50,0.705,0.006268,,72.389,7.3068,0.52,349.48
93200,1863,-4.32011,50,0.7049,0.006592,,68.931,9.0381,0.66,458.34
93250,1864,-2.17647,50,0.7047,0.006158,,71.619,4.617,0.28,246.29
93300,1865,-2.06955,50,0.7046,0.005916,,66.304,5.2084,0.46,217.88
93350,1866,-4.15656,50,0.7044,0.005296,,67.273,9.698,0.68,418.05
93400,1867,-1.28022,50,0.7042,0.006092,,65.526,4.0447,0.38,126.12
93450,1868,-4.65325,50,0.7041,0.005916,,68.345,9.9045,0.6,493.56
93500,1869,-2.56456,50,0.7039,0.005709,,64.792,6.3185,0.5,260.12
93550,1870,-4.57878,50,0.7038,0.00715,,68.734,9.5728,0.66,483.86
93600,1871,-1.36329,50,0.7036,0.005692,,67.915,3.802,0.26,146.52
93650,1872,-2.46329,50,0.7034,0.006047,,67.271,5.4397,0.44,271.88
93700,1873,-5.23136,50,0.7033,0.00561,,69.058,10.279,0.66,567.23
93750,1874,-4.0532,50,0.7031,0.005302,,67.117,8.4401,0.6,441.16
93800,1875,-1.04364,50,0.703,0.005439,,66.025,3.0075,0.36,113.29
93850,1876,-5.55738,50,0.7028,0.006133,,69.0,9.7733,0.6,631.16
93900,1877,-0.08723,50,0.7026,0.005725,,71.757,1.3626,0.14,13.43
93950,1878,-0.85468,50,0.7025,0.007087,,69.786,3.8984,0.26,66.37
94000,1879,-2.16086,50,0.7023,0.005916,,71.959,5.6859,0.4,214.41
94050,1880,-1.67299,50,0.7022,0.005684,,69.798,4.3041,0.48,181.18
94100,1881,-4.23925,50,0.702,0.005886,,74.453,8.4355,0.6,456.11
94150,1882,-2.5304,50,0.7019,0.006342,,68.608,6.3323,0.46,258.97
94200,1883,-1.46444,50,0.7017,0.005849,,66.25,4.4802,0.4,142.04
94250,1884,-3.25708,50,0.7015,0.005551,,63.75,7.4756,0.64,343.98
94300,1885,-1.98343,50,0.7014,0.007637,,69.038,5.4695,0.52,194.81
94350,1886,-2.89087,50,0.7012,0.00665,,70.659,6.6425,0.4,300.86
94400,1887,-0.67133,50,0.7011,0.006774,,70.577,3.1213,0.22,66.21
94450,1888,-0.78684,50,0.7009,0.005801,,66.59,3.1988,0.32,67.64
94500,1889,-1.56644,50,0.7007,0.005441,,72.5,5.1857,0.4,148.58
94550,1890,-1.51136,50,0.7006,0.00635,,70.921,4.5216,0.34,148.04
94600,1891,-5.23907,50,0.7004,0.005906,,74.26,10.2643,0.72,570.06
94650,1892,-2.58202,50,0.7003,0.005686,,69.096,5.9657,0.38,270.17
94700,1893,-4.13795,50,0.7001,0.00617,,75.761,10.8396,0.64,377.8
94750,1894,-0.35071,50,0.7,0.005142,,63.903,1.9833,0.18,35.64
94800,1895,-4.57401,50,0.6998,0.006851,,67.391,8.7361,0.6,509.19
94850,1896,-0.9479,50,0.6996,0.005975,,69.232,3.3246,0.28,100.02
94900,1897,-1.0055,50,0.6995,0.005424,,86.86,1.7398,0.2,141.96
94950,1898,-0.90978,50,0.6993,0.006525,,75.132,3.6504,0.26,86.68
95000,1899,-4.07795,50,0.6992,0.006454,,63.0,8.4822,0.6,438.94
95050,1900,-3.47277,50,0.699,0.005362,,68.844,8.3696,0.54,348.29
95100,1901,-0.5596,50,0.6988,0.005751,,78.506,2.3638,0.22,54.95
95150,1902,-4.37555,50,0.6987,0.006728,,67.114,9.1747,0.58,467.74
95200,1903,-1.29464,50,0.6985,0.00543,,66.0,4.6071,0.44,116.31
95250,1904,-4.57277,50,0.6984,0.006129,,65.847,9.7489,0.68,480.36
95300,1905,-0.29948,50,0.6982,0.006683,,76.821,1.9347,0.2,22.3
95350,1906,-5.07038,50,0.6981,0.005761,,66.026,8.9298,0.62,587.59
95400,1907,-1.03227,50,0.6979,0.006056,,69.904,4.309,0.4,83.6
95450,1908,-1.56382,50,0.6977,0.005342,,69.592,3.3669,0.34,196.78
95500,1909,-1.39904,50,0.6976,0.005508,,66.372,3.7829,0.36,148.79
95550,1910,-0.24714,50,0.6974,0.005444,,66.181,1.6578,0.18,35.09
95600,1911,-2.89065,50,0.6973,0.006056,,67.825,6.8538,0.46,300.08
95650,1912,-1.6163,50,0.6971,0.005521,,65.739,5.0131,0.38,149.31
95700,1913,-1.57682,50,0.6969,0.00559,,70.015,4.637,0.38,153.52
95750,1914,-1.0209,50,0.6968,0.006322,,62.043,3.4069,0.4,104.07
95800,1915,-2.7081,50,0.6966,0.005822,,65.896,6.3635,0.52,275.76
95850,1916,-4.0075,50,0.6965,0.005621,,68.542,8.5948,0.54,427.43
95900,1917,-0.87794,50,0.6963,0.005126,,64.572,3.3358,0.36,87.98
95950,1918,-1.6157,50,0.6962,0.005506,,65.5,4.5709,0.38,175.49
96000,1919,-0.8807,50,0.696,0.00642,,64.944,2.7877,0.34,100.08
96050,1920,-6.36111,50,0.6958,0.00587,,75.256,12.3398,0.62,677.71
96100,1921,-2.94048,50,0.6957,0.005538,,67.024,5.9121,0.52,329.01
96150,1922,0.09887,50,0.6955,0.005638,,70.946,0.3973,0.04,2.56
96200,1923,-0.0142,50,0.6954,0.006323,,72.028,0.9944,0.1,13.37
96250,1924,-1.33526,50,0.6952,0.005339,,72.635,5.0259,0.36,110.79
96300,1925,-0.48686,50,0.695,0.005715,,70.484,2.2553,0.18,45.8
96350,1926,-1.42492,50,0.6949,0.005985,,68.858,5.0554,0.44,121.92
96400,1927,-4.30418,50,0.6947,0.006589,,68.036,9.5729,0.62,443.38
96450,1928,-0.22995,50,0.6946,0.006346,,66.705,1.4682,0.12,28.63
96500,1929,-1.1156,50,0.6944,0.006573,,68.335,3.9337,0.36,104.57
96550,1930,-1.50953,50,0.6943,0.005765,,67.09,3.864,0.36,177.49
96600,1931,-3.27507,50,0.6941,0.005918,,64.0,8.0876,0.64,328.67
96650,1932,-0.93557,50,0.6939,0.004978,,61.418,3.2457,0.38,102.51
96700,1933,-5.56864,50,0.6938,0.006288,,73.535,9.9209,0.56,617.41
96750,1934,-2.49833,50,0.6936,0.005452,,67.794,5.7742,0.42,265.95
96800,1935,-0.98854,50,0.6935,0.006646,,58.685,3.5637,0.36,96.54
96850,1936,-2.35291,50,0.6933,0.006465,,74.982,5.5657,0.5,256.35
96900,1937,-2.16833,50,0.6931,0.005705,,62.894,6.0867,0.54,206.75
96950,1938,-4.39511,50,0.693,0.00638,,66.25,9.5639,0.68,454.84
97000,1939,-5.57091,50,0.6928,0.006293,,66.4,9.2367,0.64,656.49
97050,1940,-2.13542,50,0.6927,0.005722,,66.153,5.8802,0.56,213.59
97100,1941,-1.70519,50,0.6925,0.005392,,68.503,4.8757,0.44,171.73
97150,1942,-3.04241,50,0.6924,0.005876,,78.201,7.3387,0.46,313.54
97200,1943,-0.75837,50,0.6922,0.006321,,68.915,2.721,0.3,78.1
97250,1944,-0.80873,50,0.692,0.007508,,66.241,3.0125,0.34,79.03
97300,1945,-2.73096,50,0.6919,0.006152,,62.389,6.9882,0.52,265.59
97350,1946,0.12512,50,0.6917,0.006177,,73.25,0.4274,0.06,4.92
97400,1947,-0.31885,50,0.6916,0.006317,,63.9,1.9079,0.2,32.21
97450,1948,-1.33491,50,0.6914,0.006624,,74.889,4.5206,0.36,123.95
97500,1949,-0.78196,50,0.6913,0.007213,,66.738,3.0774,0.3,75.25
97550,1950,-1.4616,50,0.6911,0.006563,,69.112,4.9462,0.42,136.17
97600,1951,-2.66115,50,0.6909,0.00629,,73.204,7.0519,0.5,258.12
97650,1952,-4.47724,50,0.6908,0.007087,,73.248,9.8722,0.62,455.84
97700,1953,-0.27242,50,0.6906,0.00662,,77.85,1.8153,0.14,21.53
97750,1954,-2.08561,50,0.6905,0.0052,,66.98,5.1566,0.44,224.28
97800,1955,-3.98671,50,0.6903,0.005901,,74.038,8.5438,0.56,421.62
97850,1956,-3.8987,50,0.6901,0.006047,,62.286,7.0702,0.52,452.74
97900,1957,-3.5277,50,0.69,0.005507,,67.063,8.5324,0.64,349.21
97950,1958,-3.32565,50,0.6898,0.006103,,67.744,7.601,0.56,342.1
98000,1959,-0.82736,50,0.6897,0.005537,,74.673,2.9984,0.3,77.29
98050,1960,-1.45879,50,0.6895,0.006838,,65.125,4.54,0.44,145.31
98100,1961,-1.60563,50,0.6894,0.006707,,67.594,4.44,0.38,169.8
98150,1962,-4.6142,50,0.6892,0.006047,,76.461,9.1575,0.54,495.23
98200,1963,-7.86204,50,0.689,0.006529,,66.863,13.247,0.68,891.42
98250,1964,-1.85731,50,0.6889,0.005326,,72.858,4.4823,0.36,200.97
98300,1965,-0.50624,50,0.6887,0.006461,,74.371,2.7175,0.28,43.66
98350,1966,-3.01973,50,0.6886,0.005433,,74.596,6.5286,0.42,323.09
98400,1967,-0.01425,50,0.6884,0.006001,,79.463,0.8169,0.12,17.78
98450,1968,-4.37417,50,0.6882,0.006159,,74.0,9.1155,0.58,471.97
98500,1969,-0.21378,50,0.6881,0.006783,,80.521,1.874,0.1,20.67
98550,1970,-2.91521,50,0.6879,0.006382,,64.848,7.1004,0.64,294.88
98600,1971,-0.57626,50,0.6878,0.005536,,61.72,2.8358,0.22,50.36
98650,1972,-0.92617,50,0.6876,0.005696,,61.082,3.1945,0.36,96.77
98700,1973,-2.59406,50,0.6875,0.006255,,74.003,5.7545,0.38,275.63
98750,1974,-2.99792,50,0.6873,0.006229,,66.446,5.405,0.42,353.17
98800,1975,-3.45276,50,0.6871,0.005882,,65.0,5.9144,0.56,411.13
98850,1976,-2.27316,50,0.687,0.006405,,63.75,6.1527,0.48,223.38
98900,1977,-0.86845,50,0.6868,0.006663,,69.99,3.375,0.3,80.59
98950,1978,-3.26439,50,0.6867,0.005584,,83.787,6.4117,0.4,357.32
99000,1979,-0.93599,50,0.6865,0.006319,,73.747,3.6612,0.36,80.2
99050,1980,-3.75109,50,0.6863,0.006249,,76.338,10.1338,0.6,342.62
99100,1981,-3.8074,50,0.6862,0.006085,,72.835,6.9788,0.48,431.17
99150,1982,-1.75504,50,0.686,0.006476,,68.614,4.6113,0.42,187.24
99200,1983,-4.43012,50,0.6859,0.006366,,64.986,9.2815,0.54,473.2
99250,1984,-2.73759,50,0.6857,0.005972,,64.934,7.5022,0.5,258.42
99300,1985,-0.78503,50,0.6855,0.006303,,67.375,3.3927,0.4,73.55
99350,1986,-3.71901,50,0.6854,0.005563,,63.537,6.758,0.48,422.36
99400,1987,-1.34801,50,0.6852,0.006187,,66.353,3.8202,0.4,138.43
99450,1988,-4.02964,50,0.6851,0.006456,,69.6,9.2798,0.62,410.45
99500,1989,-4.73239,50,0.6849,0.007432,,74.198,9.3165,0.62,513.79
99550,1990,-4.40809,50,0.6848,0.006304,,77.667,10.5175,0.62,431.98
99600,1991,-0.75456,50,0.6846,0.006736,,70.094,2.9929,0.3,76.23
99650,1992,-0.68467,50,0.6844,0.006046,,67.625,3.1075,0.32,62.3
99700,1993,-3.47657,50,0.6843,0.005883,,74.612,8.0005,0.56,351.53
99750,1994,-2.65165,50,0.6841,0.00583,,70.411,5.9662,0.48,286.69
99800,1995,-5.82745,50,0.684,0.006456,,69.61,11.5017,0.8,623.73
99850,1996,-1.32922,50,0.6838,0.005161,,74.883,3.8338,0.32,142.67
99900,1997,-4.84552,50,0.6836,0.006208,,63.626,9.1493,0.66,541.51
99950,1998,-0.26301,50,0.6835,0.006663,,72.497,1.7853,0.14,28.98
100000,1999,-0.66776,50,0.6833,0.005622,,66.593,3.2452,0.28,60.23
100050,2000,-3.06227,50,0.6832,0.006847,,69.0,7.242,0.48,314.82
100100,2001,-4.21511,50,0.683,0.005543,,62.859,7.7517,0.72,483.64
100150,2002,-2.13483,50,0.6829,0.005631,,65.0,5.7127,0.46,213.16
100200,2003,-0.08878,50,0.6827,0.005068,,60.973,1.1857,0.14,10.57
100250,2004,-1.02108,50,0.6825,0.006436,,63.775,3.8397,0.32,95.56
100300,2005,-1.11125,50,0.6824,0.006304,,71.551,3.9231,0.36,114.9
100350,2006,-4.26649,50,0.6822,0.006653,,67.756,8.4168,0.54,465.02
100400,2007,-1.16122,50,0.6821,0.007483,,65.646,3.2511,0.36,139.52
100450,2008,-4.17629,50,0.6819,0.00702,,72.668,9.4078,0.5,427.28
100500,2009,-2.59898,50,0.6818,0.006409,,80.778,6.3187,0.46,268.23
100550,2010,-0.65281,50,0.6816,0.006385,,74.25,2.2537,0.18,80.26
100600,2011,-2.23565,50,0.6814,0.005669,,76.393,5.7568,0.42,223.35
100650,2012,-2.04553,50,0.6813,0.005893,,70.469,5.6187,0.38,205.32
100700,2013,-2.09806,50,0.6811,0.006573,,66.394,5.3679,0.44,218.85
100750,2014,-3.74613,50,0.681,0.006648,,68.518,7.5213,0.44,407.15
100800,2015,-0.16366,50,0.6808,0.006271,,61.132,1.1921,0.18,22.44
100850,2016,-4.93761,50,0.6806,0.006132,,68.509,8.3152,0.58,572.76
100900,2017,-1.7307,50,0.6805,0.006455,,62.555,4.8529,0.44,174.47
100950,2018,-1.78326,50,0.6803,0.005164,,63.591,4.3183,0.44,198.67
101000,2019,-5.32652,50,0.6802,0.005891,,69.166,11.1799,0.58,556.22
101050,2020,-8.16621,50,0.68,0.005159,,67.561,14.4806,0.78,901.14
101100,2021,-3.2495,50,0.6799,0.006144,,67.482,7.1472,0.52,344.82
101150,2022,-2.6714,50,0.6797,0.006632,,73.411,7.1439,0.46,255.97
101200,2023,-3.75431,50,0.6795,0.006976,,76.708,7.2497,0.5,418.09
101250,2024,-2.17708,50,0.6794,0.006574,,73.349,5.6943,0.38,224.55
101300,2025,-1.93821,50,0.6792,0.006289,,63.394,4.9186,0.38,205.55
101350,2026,-7.20556,50,0.6791,0.005923,,74.339,11.8994,0.68,828.11
101400,2027,-3.98157,50,0.6789,0.006964,,65.0,8.8786,0.68,414.32
101450,2028,-0.0864,50,0.6787,0.005978,,76.55,1.531,0.08,8.17
101500,2029,-1.69098,50,0.6786,0.006306,,71.344,4.2225,0.48,189.6
101550,2030,-2.87142,50,0.6784,0.005823,,62.154,7.707,0.64,277.84
101600,2031,-2.71627,50,0.6783,0.006298,,61.838,6.1755,0.56,289.79
101650,2032,-4.20156,50,0.6781,0.006252,,70.149,8.0658,0.52,470.52
101700,2033,-3.88998,50,0.678,0.006903,,76.662,8.134,0.6,420.18
101750,2034,-2.55022,50,0.6778,0.006505,,63.177,6.4307,0.54,261.57
101800,2035,-0.88506,50,0.6776,0.005978,,62.719,3.3279,0.3,85.77
101850,2036,-1.54944,50,0.6775,0.005124,,73.13,4.993,0.42,142.34
101900,2037,-3.17149,50,0.6773,0.007213,,69.703,6.9249,0.5,342.35
101950,2038,-4.19306,50,0.6772,0.005574,,67.296,6.5384,0.44,509.34
102000,2039,-4.52566,50,0.677,0.006126,,67.428,9.1446,0.68,484.91
102050,2040,-5.27807,50,0.6768,0.007056,,73.392,9.6595,0.62,590.99
102100,2041,-1.77299,50,0.6767,0.005552,,72.329,4.5895,0.4,188.89
102150,2042,-3.7948,50,0.6765,0.007048,,68.0,8.8296,0.56,387.12
102200,2043,-0.41392,50,0.6764,0.005658,,70.52,1.4893,0.16,57.58
102250,2044,-1.3991,50,0.6762,0.005797,,71.287,4.547,0.4,125.15
102300,2045,-3.65003,50,0.6761,0.005591,,66.503,9.1506,0.64,356.52
102350,2046,-3.77969,50,0.6759,0.005713,,64.176,7.99,0.56,407.46
102400,2047,-5.62318,50,0.6757,0.005769,,75.052,11.3175,0.74,598.63
102450,2048,-1.99136,50,0.6756,0.006541,,70.135,5.6971,0.52,186.48
102500,2049,-3.1351,50,0.6754,0.005477,,65.54,7.4684,0.56,315.85
102550,2050,-3.5053,50,0.6753,0.006485,,71.683,8.8803,0.66,337.46
102600,2051,-2.47049,50,0.6751,0.00552,,74.374,6.0724,0.52,248.57
102650,2052,-0.5764,50,0.6749,0.005593,,60.47,2.4881,0.2,61.49
102700,2053,-2.59444,50,0.6748,0.006139,,72.316,5.6895,0.46,287.94
102750,2054,-0.15604,50,0.6746,0.005942,,70.83,1.6084,0.16,16.71
102800,2055,-1.56611,50,0.6745,0.005497,,68.792,4.7787,0.36,150.1
102850,2056,-3.33131,50,0.6743,0.006383,,71.974,7.254,0.62,350.93
102900,2057,-3.17427,50,0.6742,0.006072,,69.475,7.4936,0.52,330.39
102950,2058,-2.98104,50,0.674,0.005658,,68.602,7.3036,0.62,294.71
103000,2059,-3.8443,50,0.6738,0.005476,,66.897,8.6444,0.52,397.27
103050,2060,-0.54995,50,0.6737,0.005368,,71.965,2.3868,0.26,65.76
103100,2061,-4.38958,50,0.6735,0.005609,,74.497,10.3323,0.7,440.47
103150,2062,-3.17725,50,0.6734,0.006305,,70.321,6.1103,0.4,366.62
103200,2063,-2.74683,50,0.6732,0.005372,,63.342,6.6809,0.5,282.28
103250,2064,-1.87402,50,0.673,0.005821,,75.58,5.2824,0.48,188.0
103300,2065,-3.23955,50,0.6729,0.005752,,62.626,7.4482,0.56,335.69
103350,2066,-1.6809,50,0.6727,0.005929,,76.608,5.6732,0.44,143.9
103400,2067,-2.27844,50,0.6726,0.006016,,70.0,4.7266,0.48,264.3
103450,2068,-1.61901,50,0.6724,0.005503,,71.223,5.4803,0.42,132.75
103500,2069,-3.96034,50,0.6723,0.005569,,70.0,9.463,0.62,389.55
103550,2070,-0.70015,50,0.6721,0.005188,,78.05,2.5817,0.16,72.13
103600,2071,-1.50417,50,0.6719,0.006261,,70.477,5.2029,0.42,132.37
103650,2072,-3.10329,50,0.6718,0.006036,,68.79,7.5986,0.6,307.26
103700,2073,-2.11546,50,0.6716,0.006241,,66.9,5.478,0.36,220.52
103750,2074,-2.29725,50,0.6715,0.006279,,69.848,5.5064,0.38,245.43
103800,2075,-2.99173,50,0.6713,0.006976,,73.75,7.0612,0.56,305.13
103850,2076,-0.6206,50,0.6711,0.00566,,71.518,3.4133,0.18,48.08
103900,2077,-1.66417,50,0.671,0.007023,,65.326,5.2227,0.44,155.64
103950,2078,-3.93444,50,0.6708,0.006647,,67.791,7.1162,0.5,450.73
104000,2079,-3.06827,50,0.6707,0.006164,,76.358,7.243,0.48,312.37
104050,2080,-0.93699,50,0.6705,0.006172,,69.997,3.2395,0.38,88.44
104100,2081,-5.92138,50,0.6704,0.005955,,79.273,11.4514,0.62,639.25
104150,2082,-0.3344,50,0.6702,0.00663,,70.065,2.0383,0.14,30.02
104200,2083,-2.63199,50,0.67,0.006266,,79.575,5.9527,0.4,279.53
104250,2084,-1.13619,50,0.6699,0.005584,,64.204,4.1478,0.5,105.14
104300,2085,-2.15884,50,0.6697,0.005471,,77.381,4.8867,0.3,240.62
104350,2086,-4.99045,50,0.6696,0.006298,,67.253,9.1394,0.64,560.69
104400,2087,-2.20282,50,0.6694,0.006486,,67.0,5.9993,0.42,216.68
104450,2088,-0.38712,50,0.6692,0.006143,,73.121,1.5158,0.16,44.66
104500,2089,-2.84733,50,0.6691,0.006127,,71.039,7.3238,0.5,278.15
104550,2090,-6.16964,50,0.6689,0.00581,,63.797,11.0756,0.8,692.89
104600,2091,-1.84548,50,0.6688,0.005518,,63.199,5.2114,0.46,179.71
104650,2092,-1.5431,50,0.6686,0.005619,,69.786,5.1641,0.5,145.57
104700,2093,-1.38654,50,0.6684,0.006059,,73.271,3.3621,0.3,162.3
104750,2094,-1.52405,50,0.6683,0.005275,,67.452,4.1519,0.4,173.68
104800,2095,-4.81106,50,0.6681,0.005639,,69.157,9.9466,0.6,513.13
104850,2096,-1.077,50,0.668,0.005834,,70.676,3.3231,0.38,120.44
104900,2097,-1.86686,50,0.6678,0.00629,,66.384,4.8343,0.42,198.0
104950,2098,-5.33817,50,0.6677,0.005968,,71.28,10.8714,0.6,570.21
105000,2099,-1.37632,50,0.6675,0.006023,,66.081,4.2726,0.36,135.28
105050,2100,-2.36702,50,0.6673,0.006691,,69.686,5.85,0.5,243.66
105100,2101,-4.15341,50,0.6672,0.006263,,72.661,9.4139,0.64,419.26
105150,2102,-0.64802,50,0.667,0.006572,,73.12,2.7282,0.3,66.53
105200,2103,-3.74073,50,0.6669,0.00662,,64.223,8.0748,0.64,400.08
105250,2104,-1.79472,50,0.6667,0.006368,,67.038,5.7111,0.44,159.06
105300,2105,-2.0668,50,0.6665,0.006232,,69.389,5.996,0.44,203.85
105350,2106,-1.75982,50,0.6664,0.00689,,73.698,4.579,0.32,188.58
105400,2107,-4.058,50,0.6662,0.006999,,70.953,8.254,0.6,443.13
105450,2108,-1.90253,50,0.6661,0.006889,,59.658,5.152,0.54,195.51
105500,2109,-4.58461,50,0.6659,0.00599,,69.845,9.9921,0.6,478.35
105550,2110,-2.86846,50,0.6658,0.005642,,72.924,6.9045,0.52,297.98
105600,2111,-1.16117,50,0.6656,0.005448,,71.125,3.9213,0.36,116.26
105650,2112,-0.09614,50,0.6654,0.005505,,67.301,1.6258,0.24,16.6
105700,2113,-5.08116,50,0.6653,0.006529,,67.881,10.5626,0.64,528.41
105750,2114,-3.31671,50,0.6651,0.006727,,72.664,7.1575,0.46,352.17
105800,2115,-2.44649,50,0.665,0.005744,,69.421,6.453,0.56,237.53
105850,2116,-3.77005,50,0.6648,0.00692,,59.347,7.9173,0.68,407.55
105900,2117,-1.63623,50,0.6646,0.00564,,68.727,4.9221,0.42,163.71
105950,2118,-1.87071,50,0.6645,0.007519,,70.042,4.7801,0.36,197.67
106000,2119,-3.86032,50,0.6643,0.006319,,64.234,9.3465,0.68,387.05
106050,2120,-2.71053,50,0.6642,0.007394,,63.564,7.0823,0.56,270.64
106100,2121,-0.47818,50,0.664,0.006429,,69.716,2.5431,0.18,42.53
106150,2122,-2.29562,50,0.6639,0.006562,,77.481,5.2953,0.36,242.01
106200,2123,-2.66331,50,0.6637,0.005328,,68.867,6.1737,0.5,292.81
106250,2124,-2.93544,50,0.6635,0.0067,,69.6,6.6589,0.46,311.31
106300,2125,-0.7454,50,0.6634,0.00578,,68.722,3.301,0.36,70.66
106350,2126,-2.95074,50,0.6632,0.006515,,67.553,8.2045,0.56,272.58
106400,2127,-5.22283,50,0.6631,0.005978,,75.251,11.6948,0.66,527.36
106450,2128,-3.63444,50,0.6629,0.006716,,66.517,7.4009,0.66,394.74
106500,2129,-2.41852,50,0.6627,0.00734,,71.781,5.367,0.44,270.41
106550,2130,-3.80769,50,0.6626,0.005575,,69.409,6.8716,0.48,440.86
106600,2131,-2.73973,50,0.6624,0.006475,,71.724,6.4298,0.48,281.38
106650,2132,-1.48283,50,0.6623,0.005928,,69.799,4.7315,0.34,137.53
106700,2133,-1.87718,50,0.6621,0.005356,,74.187,4.4962,0.32,204.92
106750,2134,-2.11482,50,0.662,0.005066,,70.306,6.0125,0.46,205.3
106800,2135,-0.91632,50,0.6618,0.006217,,60.201,3.1178,0.24,96.46
106850,2136,-0.91758,50,0.6616,0.005822,,82.089,3.5174,0.32,78.38
106900,2137,-2.1122,50,0.6615,0.005787,,69.079,5.2437,0.52,221.67
106950,2138,-3.36403,50,0.6613,0.005738,,71.331,7.0516,0.5,365.43
107000,2139,-1.96816,50,0.6612,0.00581,,73.086,5.3907,0.42,194.49
107050,2140,-5.28803,50,0.661,0.006111,,74.521,11.8004,0.62,533.2
107100,2141,-3.06987,50,0.6609,0.00603,,71.61,6.9075,0.54,320.57
107150,2142,-1.70477,50,0.6607,0.00614,,66.3,4.7489,0.44,184.25
107200,2143,-8.63068,50,0.6605,0.005349,,66.512,13.0656,0.76,1012.37
107250,2144,-3.84821,50,0.6604,0.006552,,70.985,8.7817,0.52,396.59
107300,2145,-2.41688,50,0.6602,0.006601,,68.0,6.5277,0.54,229.91
107350,2146,-0.65145,50,0.6601,0.005792,,64.988,3.3821,0.3,53.06
107400,2147,-0.52468,50,0.6599,0.006227,,72.588,2.6172,0.24,44.78
107450,2148,-6.09194,50,0.6597,0.005807,,77.653,12.1729,0.68,649.33
107500,2149,-0.74988,50,0.6596,0.006198,,74.254,3.2855,0.24,65.24
107550,2150,-0.70839,50,0.6594,0.006975,,76.106,2.3516,0.18,75.98
107600,2151,-4.29339,50,0.6593,0.006355,,76.276,9.9642,0.56,422.91
107650,2152,-3.47293,50,0.6591,0.006256,,78.121,8.6272,0.64,340.28
107700,2153,-1.18819,50,0.659,0.00681,,66.931,3.5838,0.28,121.52
107750,2154,-0.70999,50,0.6588,0.007416,,68.744,3.5086,0.32,57.31
107800,2155,-2.67984,50,0.6586,0.006174,,69.628,6.3864,0.46,278.79
107850,2156,-4.72668,50,0.6585,0.006197,,68.0,9.0212,0.54,521.57
107900,2157,-2.78857,50,0.6583,0.006205,,81.637,6.4015,0.44,284.55
107950,2158,-1.25348,50,0.6582,0.006304,,65.256,3.3886,0.3,139.54
108000,2159,-5.0013,50,0.658,0.006551,,74.916,10.597,0.62,522.45
108050,2160,-1.86042,50,0.6578,0.006647,,70.372,3.8787,0.42,220.33
108100,2161,-4.87581,50,0.6577,0.005529,,75.601,9.0409,0.62,547.15
108150,2162,-3.39119,50,0.6575,0.005799,,68.6,8.9619,0.54,318.75
108200,2163,-0.56913,50,0.6574,0.006071,,71.359,2.6401,0.22,47.97
108250,2164,-0.23607,50,0.6572,0.006305,,66.277,1.5074,0.18,26.47
108300,2165,-2.06945,50,0.6571,0.006308,,68.814,5.2248,0.56,218.27
108350,2166,-4.19644,50,0.6569,0.006005,,71.995,8.7557,0.54,455.13
108400,2167,-2.61942,50,0.6567,0.006703,,66.751,7.3865,0.62,236.8
108450,2168,-0.42589,50,0.6566,0.005545,,69.196,1.9383,0.18,52.18
108500,2169,-1.61276,50,0.6564,0.005829,,65.487,4.4586,0.46,162.62
108550,2170,-1.33211,50,0.6563,0.006134,,67.107,3.8309,0.4,141.32
108600,2171,-2.84463,50,0.6561,0.005059,,74.088,6.7197,0.44,300.0
108650,2172,-2.7068,50,0.6559,0.005862,,71.19,5.375,0.44,308.55
108700,2173,-2.98775,50,0.6558,0.006637,,75.57,6.9385,0.54,315.36
108750,2174,-3.41098,50,0.6556,0.006076,,64.268,8.136,0.64,352.78
108800,2175,-3.98414,50,0.6555,0.0061,,69.34,8.6076,0.56,414.99
108850,2176,-1.41127,50,0.6553,0.005688,,67.697,3.4203,0.3,163.73
108900,2177,-2.02683,50,0.6552,0.005625,,68.152,5.4302,0.46,207.1
108950,2178,-1.82251,50,0.655,0.006291,,66.212,4.7615,0.44,187.72
109000,2179,-3.21364,50,0.6548,0.005684,,66.647,6.7443,0.58,364.68
109050,2180,-0.12558,50,0.6547,0.005908,,70.939,1.206,0.14,17.1
109100,2181,-3.34314,50,0.6545,0.005285,,74.232,6.8715,0.48,368.6
109150,2182,-7.01877,50,0.6544,0.006308,,73.782,11.8069,0.66,793.82
109200,2183,-2.60877,50,0.6542,0.006697,,69.571,7.0401,0.46,252.11
109250,2184,-2.20739,50,0.654,0.00595,,60.0,5.6076,0.48,225.04
109300,2185,-0.81647,50,0.6539,0.006537,,72.373,2.1854,0.24,103.13
109350,2186,-3.10261,50,0.6537,0.006576,,72.81,7.3917,0.48,318.7
109400,2187,-4.19078,50,0.6536,0.006668,,61.0,9.1962,0.7,437.04
109450,2188,-2.4861,50,0.6534,0.005421,,70.0,6.2829,0.52,253.9
109500,2189,-1.74506,50,0.6532,0.006154,,71.904,5.221,0.42,160.25
109550,2190,-0.32331,50,0.6531,0.005414,,71.693,1.7058,0.16,42.6
109600,2191,-1.03519,50,0.6529,0.005832,,59.421,2.7875,0.34,125.46
109650,2192,-3.50243,50,0.6528,0.005743,,76.165,6.7039,0.54,395.22
109700,2193,-0.32263,50,0.6526,0.005915,,78.433,1.9126,0.14,38.54
109750,2194,-1.60171,50,0.6525,0.005958,,79.882,4.8357,0.36,153.56
109800,2195,-2.82105,50,0.6523,0.005561,,64.577,6.8371,0.6,290.19
109850,2196,-4.65664,50,0.6521,0.005554,,71.979,9.3186,0.66,509.49
109900,2197,-1.48922,50,0.652,0.005765,,67.406,4.3752,0.36,162.16
109950,2198,-3.0732,50,0.6518,0.006053,,71.781,7.7098,0.62,304.92
110000,2199,-2.74981,50,0.6517,0.005896,,68.003,6.9656,0.6,271.6
110050,2200,-2.6686,50,0.6515,0.006484,,71.007,6.4235,0.54,274.43
110100,2201,-0.45392,50,0.6514,0.005581,,67.295,2.4992,0.26,47.38
110150,2202,-3.66052,50,0.6512,0.005883,,66.25,7.0386,0.5,415.47
110200,2203,-1.43522,50,0.651,0.005727,,66.214,4.2875,0.32,145.95
110250,2204,-2.67418,50,0.6509,0.005563,,75.074,6.2801,0.42,274.05
110300,2205,-3.63731,50,0.6507,0.006335,,65.897,8.5625,0.6,368.65
110350,2206,-4.38123,50,0.6506,0.005772,,68.009,9.2721,0.64,459.87
110400,2207,-0.94465,50,0.6504,0.005563,,69.115,3.7763,0.4,80.1
110450,2208,-3.72135,50,0.6502,0.005908,,76.25,7.172,0.52,415.04
110500,2209,-5.62597,50,0.6501,0.005725,,76.24,10.0784,0.66,627.55
110550,2210,-0.22877,50,0.6499,0.005269,,69.208,1.2046,0.14,39.93
110600,2211,-1.50001,50,0.6498,0.005571,,70.78,4.7603,0.4,138.06
110650,2212,-5.14328,50,0.6496,0.005046,,67.381,9.571,0.56,575.47
110700,2213,-5.04623,50,0.6495,0.006017,,70.57,9.8408,0.64,552.94
110750,2214,-1.42422,50,0.6493,0.005784,,60.473,4.1856,0.46,142.9
110800,2215,-2.36812,50,0.6491,0.005021,,68.07,5.4986,0.46,254.68
110850,2216,-3.58164,50,0.649,0.00612,,68.488,8.0853,0.56,371.98
110900,2217,-1.33085,50,0.6488,0.00527,,70.883,3.9737,0.24,134.53
110950,2218,-1.17304,50,0.6487,0.00598,,67.011,4.4745,0.36,107.2
111000,2219,-0.73575,50,0.6485,0.00543,,79.858,3.436,0.2,59.87
111050,2220,-6.47125,50,0.6483,0.005662,,74.738,12.1675,0.78,706.36
111100,2221,-1.33053,50,0.6482,0.00527,,68.163,3.9243,0.22,140.69
111150,2222,-2.94384,50,0.648,0.007519,,81.604,6.6368,0.48,305.16
111200,2223,-2.08088,50,0.6479,0.007019,,64.117,5.5179,0.5,209.92
111250,2224,-1.50391,50,0.6477,0.005819,,73.75,3.0901,0.24,184.78
111300,2225,-0.27041,50,0.6476,0.00598,,70.098,1.5825,0.16,29.91
111350,2226,-1.12403,50,0.6474,0.006121,,70.123,3.5276,0.34,111.45
111400,2227,-0.26026,50,0.6472,0.007674,,63.999,1.7641,0.16,24.99
111450,2228,-1.99744,50,0.6471,0.00548,,72.488,6.0939,0.46,180.55
111500,2229,-0.75162,50,0.6469,0.005389,,65.957,2.7634,0.28,79.57
111550,2230,-3.48748,50,0.6468,0.006135,,71.666,7.1579,0.5,390.54
111600,2231,-1.9319,50,0.6466,0.005761,,63.789,6.0372,0.46,181.17
111650,2232,-2.0057,50,0.6464,0.005349,,60.936,5.5019,0.54,205.0
111700,2233,-3.2589,50,0.6463,0.00599,,65.831,7.7468,0.56,337.24
111750,2234,-3.2613,50,0.6461,0.005575,,72.397,7.0498,0.52,352.88
111800,2235,-5.17066,50,0.646,0.005916,,73.994,10.494,0.62,554.98
111850,2236,-3.58734,50,0.6458,0.005898,,61.925,7.9586,0.54,377.29
111900,2237,-3.06137,50,0.6457,0.005206,,78.287,6.4157,0.44,325.33
111950,2238,-3.0692,50,0.6455,0.005649,,64.608,7.1968,0.52,322.29
112000,2239,-5.48551,50,0.6453,0.005742,,75.665,10.8959,0.66,594.43
112050,2240,-5.87635,50,0.6452,0.005456,,69.517,10.831,0.68,649.49
112100,2241,-4.75824,50,0.645,0.005827,,73.75,9.8628,0.6,497.83
112150,2242,-4.59565,50,0.6449,0.005414,,67.0,10.0644,0.72,469.75
112200,2243,-4.24209,50,0.6447,0.006146,,72.096,8.8568,0.6,445.41
112250,2244,-5.14795,50,0.6445,0.006358,,70.536,10.1845,0.66,560.42
112300,2245,-0.89718,50,0.6444,0.006031,,69.263,3.374,0.3,83.62
112350,2246,-3.38805,50,0.6442,0.006915,,70.158,7.5405,0.58,368.63
112400,2247,-3.05132,50,0.6441,0.006073,,71.343,5.8865,0.44,359.84
112450,2248,-0.76336,50,0.6439,0.007266,,70.001,3.428,0.26,63.68
112500,2249,-1.60331,50,0.6438,0.006198,,65.148,3.9159,0.44,186.15
112550,2250,-6.58275,50,0.6436,0.005225,,74.863,12.8691,0.72,704.94
112600,2251,-4.14716,50,0.6434,0.006505,,77.518,9.7553,0.54,408.21
112650,2252,-1.72206,50,0.6433,0.006787,,72.338,5.4443,0.42,159.18
112700,2253,-0.15248,50,0.6431,0.007006,,66.708,1.0546,0.12,30.46
112750,2254,-0.43823,50,0.643,0.006068,,71.638,2.4555,0.24,37.77
112800,2255,-0.74782,50,0.6428,0.005884,,68.708,3.0418,0.28,70.82
112850,2256,-4.56369,50,0.6426,0.006102,,71.009,10.06,0.66,464.63
112900,2257,-2.50697,50,0.6425,0.005588,,69.273,5.2605,0.44,282.11
112950,2258,-1.63659,50,0.6423,0.005797,,75.0,4.48,0.42,161.97
113000,2259,-0.90127,50,0.6422,0.005225,,69.933,3.059,0.32,90.9
113050,2260,-2.49741,50,0.642,0.006187,,69.393,5.5861,0.54,285.18
113100,2261,-2.94543,50,0.6419,0.006151,,73.297,7.1476,0.48,295.57
113150,2262,-3.67218,50,0.6417,0.006448,,67.199,8.1481,0.5,388.98
113200,2263,-1.09181,50,0.6415,0.005653,,65.522,4.0987,0.46,96.47
113250,2264,-6.25277,50,0.6414,0.006908,,76.134,10.7054,0.64,701.09
113300,2265,-0.36649,50,0.6412,0.005596,,69.241,1.748,0.22,44.45
113350,2266,-1.27216,50,0.6411,0.006708,,72.954,3.4513,0.32,132.96
113400,2267,-3.08781,50,0.6409,0.006504,,72.108,7.074,0.58,328.92
113450,2268,-1.11122,50,0.6407,0.005548,,66.537,3.7898,0.36,107.1
113500,2269,-1.15046,50,0.6406,0.006422,,78.699,3.7034,0.26,112.08
113550,2270,-2.42999,50,0.6404,0.005868,,77.965,6.4775,0.5,241.49
113600,2271,-1.86207,50,0.6403,0.005495,,69.648,4.8489,0.38,187.8
113650,2272,-1.84845,50,0.6401,0.00594,,66.481,4.9201,0.4,199.41
113700,2273,-1.80768,50,0.64,0.006272,,66.4,5.7709,0.46,162.7
113750,2274,-0.56401,50,0.6398,0.006368,,68.329,3.038,0.22,45.32
113800,2275,-1.35422,50,0.6396,0.006637,,68.785,4.6912,0.4,119.24
113850,2276,-4.16989,50,0.6395,0.005447,,66.182,7.0064,0.52,491.37
113900,2277,-2.6052,50,0.6393,0.006235,,71.748,6.3862,0.46,261.2
113950,2278,-2.96826,50,0.6392,0.005843,,65.725,7.7087,0.6,285.04
114000,2279,-1.80082,50,0.639,0.00592,,68.898,5.2153,0.46,176.65
114050,2280,-1.92813,50,0.6388,0.006961,,70.844,3.8641,0.26,233.98
114100,2281,-4.35799,50,0.6387,0.007069,,69.404,8.6399,0.62,478.35
114150,2282,-0.54405,50,0.6385,0.005655,,70.396,2.5316,0.16,57.75
114200,2283,-2.64795,50,0.6384,0.005544,,68.747,6.8826,0.58,255.73
114250,2284,-5.70261,50,0.6382,0.006366,,63.652,10.6423,0.72,630.4
114300,2285,-1.85431,50,0.6381,0.005716,,74.502,3.181,0.26,229.37
114350,2286,-2.66687,50,0.6379,0.007773,,72.406,6.1225,0.54,279.53
114400,2287,-0.20093,50,0.6377,0.006636,,74.208,1.555,0.12,16.24
114450,2288,-4.33973,50,0.6376,0.006413,,77.19,9.3136,0.64,454.57
114500,2289,-1.47767,50,0.6374,0.006409,,63.855,4.79,0.38,145.24
114550,2290,-1.82407,50,0.6373,0.007237,,64.893,5.7671,0.42,164.38
114600,2291,-2.71991,50,0.6371,0.005591,,69.0,7.441,0.58,255.59
114650,2292,-2.33949,50,0.6369,0.005436,,58.75,5.4165,0.5,255.33
114700,2293,-1.25605,50,0.6368,0.006502,,71.771,3.6609,0.34,126.03
114750,2294,-3.22598,50,0.6366,0.005954,,67.809,7.3403,0.48,341.35
114800,2295,-4.61034,50,0.6365,0.006643,,75.56,9.7579,0.56,487.22
114850,2296,-1.7936,50,0.6363,0.006722,,66.267,5.2477,0.42,172.64
114900,2297,-2.88026,50,0.6361,0.007191,,69.953,7.5589,0.46,275.99
114950,2298,-1.67598,50,0.636,0.006859,,62.778,5.2999,0.5,159.02
115000,2299,-3.52585,50,0.6358,0.005665,,71.678,8.7717,0.56,353.13
115050,2300,-0.16647,50,0.6357,0.005593,,74.805,1.5609,0.22,16.41
115100,2301,-1.039,50,0.6355,0.007314,,69.298,3.907,0.36,92.79
115150,2302,-1.6095,50,0.6354,0.006197,,67.783,4.9783,0.38,150.88
115200,2303,-2.38833,50,0.6352,0.005917,,70.173,6.2657,0.44,236.96
115250,2304,-1.73427,50,0.635,0.005922,,71.805,4.8518,0.42,172.8
115300,2305,-4.98936,50,0.6349,0.005832,,72.651,9.3863,0.62,550.52
115350,2306,-2.83085,50,0.6347,0.005971,,69.274,6.8612,0.5,287.54
115400,2307,-3.85391,50,0.6346,0.006079,,66.944,7.46,0.56,431.76
115450,2308,-3.97847,50,0.6344,0.005537,,72.211,9.2243,0.6,399.58
115500,2309,-1.59543,50,0.6342,0.007226,,74.867,4.1792,0.28,179.57
115550,2310,-2.0365,50,0.6341,0.00773,,65.488,5.3502,0.5,205.54
115600,2311,-0.36309,50,0.6339,0.005754,,52.782,2.085,0.2,39.92
115650,2312,-1.04125,50,0.6338,0.005748,,62.829,3.6605,0.44,103.67
115700,2313,-2.07641,50,0.6336,0.006368,,60.281,5.8169,0.42,200.24
115750,2314,-0.14949,50,0.6335,0.005771,,67.388,1.7243,0.2,20.41
115800,2315,-1.33343,50,0.6333,0.006583,,70.465,4.0689,0.26,134.52
115850,2316,-4.17194,50,0.6331,0.006517,,66.996,8.3382,0.6,460.82
115900,2317,-2.53886,50,0.633,0.005709,,74.135,6.5316,0.52,259.53
115950,2318,-3.20483,50,0.6328,0.005113,,71.432,8.0088,0.6,314.53
116000,2319,-2.32987,50,0.6327,0.005872,,75.708,6.0428,0.46,226.18
116050,2320,-3.22966,50,0.6325,0.006381,,67.573,9.0101,0.56,294.57
116100,2321,-1.18711,50,0.6323,0.006029,,65.725,4.0899,0.48,114.41
116150,2322,0.05982,50,0.6322,0.005441,,75.767,0.5286,0.06,7.25
116200,2323,-2.90812,50,0.632,0.006495,,73.979,6.4344,0.4,311.82
116250,2324,-4.71503,50,0.6319,0.006234,,74.224,8.8088,0.56,529.74
116300,2325,-1.28442,50,0.6317,0.005997,,69.088,3.1062,0.32,149.2
116350,2326,-3.85888,50,0.6316,0.007165,,68.778,6.8105,0.5,445.28
116400,2327,-3.57813,50,0.6314,0.006903,,65.56,6.8219,0.52,402.82
116450,2328,-4.25681,50,0.6312,0.0064,,67.269,9.7905,0.66,434.22
116500,2329,-0.41715,50,0.6311,0.006138,,67.648,2.2069,0.24,41.98
116550,2330,-0.70612,50,0.6309,0.006704,,64.646,2.8666,0.32,77.94
116600,2331,-2.14542,50,0.6308,0.005303,,71.543,5.4094,0.42,226.57
116650,2332,-0.6616,50,0.6306,0.005908,,64.322,3.5182,0.26,49.5
116700,2333,-4.90298,50,0.6304,0.005974,,65.331,9.4812,0.66,542.08
116750,2334,-2.40277,50,0.6303,0.006509,,74.06,6.4428,0.48,234.81
116800,2335,-5.24173,50,0.6301,0.006033,,68.75,9.334,0.64,597.3
116850,2336,-1.66495,50,0.63,0.005799,,74.34,6.031,0.38,128.38
116900,2337,-3.96455,50,0.6298,0.005874,,63.619,9.6651,0.68,385.84
116950,2338,-3.56347,50,0.6297,0.006452,,64.976,7.6458,0.54,385.37
117000,2339,-1.12958,50,0.6295,0.005614,,69.65,3.9786,0.42,107.42
117050,2340,-0.47629,50,0.6293,0.005335,,59.892,2.4446,0.22,43.55
117100,2341,-3.25587,50,0.6292,0.005867,,62.403,6.0473,0.52,384.5
117150,2342,-0.00456,50,0.629,0.006517,,70.872,1.1914,0.1,10.45
117200,2343,-0.04968,50,0.6289,0.005594,,69.684,0.3967,0.08,22.14
117250,2344,-2.91839,50,0.6287,0.005496,,69.329,7.5447,0.6,281.63
117300,2345,-1.59152,50,0.6285,0.005796,,71.434,4.1774,0.36,169.26
117350,2346,-4.51993,50,0.6284,0.005654,,65.023,8.5117,0.64,510.0
117400,2347,-6.71498,50,0.6282,0.006882,,65.986,11.7348,0.72,757.35
117450,2348,-0.32502,50,0.6281,0.006155,,68.61,1.8889,0.22,42.37
117500,2349,-2.67532,50,0.6279,0.006735,,69.704,6.474,0.48,272.98
117550,2350,-4.991,50,0.6278,0.006222,,69.285,10.9183,0.74,520.15
117600,2351,-0.59828,50,0.6276,0.005874,,65.648,1.6892,0.18,81.4
117650,2352,-0.34282,50,0.6274,0.005775,,72.034,2.3148,0.24,27.13
117700,2353,-1.07932,50,0.6273,0.006021,,71.486,3.542,0.26,107.78
117750,2354,-3.30951,50,0.6271,0.005064,,72.707,5.6811,0.44,393.82
117800,2355,-1.69459,50,0.627,0.00556,,65.288,5.4263,0.5,152.18
117850,2356,-3.82537,50,0.6268,0.007008,,66.152,8.4495,0.58,396.28
117900,2357,-5.75441,50,0.6266,0.006265,,68.914,9.5638,0.66,665.32
117950,2358,-4.01652,50,0.6265,0.006761,,71.462,9.6152,0.64,390.54
118000,2359,-1.41644,50,0.6263,0.006181,,66.045,4.3555,0.48,134.32
118050,2360,-3.99449,50,0.6262,0.006112,,67.762,8.0205,0.6,440.56
118100,2361,-2.52186,50,0.626,0.005413,,68.374,4.9735,0.32,290.29
118150,2362,-2.21204,50,0.6259,0.005926,,71.375,4.976,0.44,235.81
118200,2363,-2.7152,50,0.6257,0.006189,,68.252,5.7758,0.42,303.6
118250,2364,-2.24882,50,0.6255,0.006837,,66.0,5.6518,0.5,233.08
118300,2365,-2.67054,50,0.6254,0.006107,,70.13,5.8499,0.44,295.68
118350,2366,-0.04327,50,0.6252,0.005777,,74.074,1.093,0.06,13.6
118400,2367,-2.98459,50,0.6251,0.006337,,69.653,7.0561,0.58,309.83
118450,2368,-0.45781,50,0.6249,0.005708,,63.14,2.3082,0.2,46.94
118500,2369,-3.67183,50,0.6248,0.005603,,81.006,8.2426,0.5,374.94
118550,2370,-0.06094,50,0.6246,0.005945,,56.471,1.2541,0.14,15.17
118600,2371,-2.25054,50,0.6244,0.006218,,76.69,5.6009,0.34,234.22
118650,2372,-0.74285,50,0.6243,0.005826,,67.383,2.9528,0.2,75.1
118700,2373,-2.06217,50,0.6241,0.005418,,69.31,5.4812,0.5,204.49
118750,2374,-1.32447,50,0.624,0.00664,,64.281,4.012,0.38,140.32
118800,2375,-2.00992,50,0.6238,0.006299,,59.996,5.5017,0.5,200.15
118850,2376,-1.57139,50,0.6236,0.005579,,77.491,4.7198,0.42,148.6
118900,2377,-0.53463,50,0.6235,0.006447,,72.157,2.3415,0.2,51.38
118950,2378,-0.41974,50,0.6233,0.006162,,70.006,2.1989,0.18,47.99
119000,2379,-2.48452,50,0.6232,0.005775,,71.138,5.1139,0.42,280.47
119050,2380,-1.43909,50,0.623,0.005935,,69.715,4.3962,0.38,136.75
119100,2381,-0.15295,50,0.6229,0.006024,,71.884,1.3035,0.16,21.92
119150,2382,-0.91675,50,0.6227,0.007035,,65.222,3.5309,0.32,82.69
119200,2383,-2.68213,50,0.6225,0.007625,,77.062,6.582,0.5,264.06
119250,2384,-2.19477,50,0.6224,0.005731,,67.712,5.9045,0.52,214.18
119300,2385,-4.48544,50,0.6222,0.005446,,65.563,10.3544,0.66,457.35
119350,2386,-1.44439,50,0.6221,0.006214,,67.451,4.1309,0.42,150.91
119400,2387,-4.78703,50,0.6219,0.006242,,73.264,8.6088,0.56,544.39
119450,2388,-5.18394,50,0.6217,0.005624,,71.088,10.0215,0.64,567.28
119500,2389,-2.81572,50,0.6216,0.006021,,69.156,7.3088,0.5,271.26
119550,2390,-3.53257,50,0.6214,0.006434,,72.348,7.621,0.54,379.56
119600,2391,-1.07514,50,0.6213,0.00611,,72.861,3.7109,0.36,101.55
119650,2392,-5.72363,50,0.6211,0.006941,,68.427,10.5472,0.76,633.93
119700,2393,-3.17988,50,0.621,0.005962,,73.145,8.2956,0.64,299.77
119750,2394,-3.40112,50,0.6208,0.005832,,67.215,6.2213,0.48,391.71
119800,2395,-0.27126,50,0.6206,0.004666,,68.696,1.6028,0.2,33.57
119850,2396,-2.01472,50,0.6205,0.006366,,69.15,5.2733,0.4,210.56
119900,2397,-6.65769,50,0.6203,0.006164,,76.704,12.5946,0.72,719.78
119950,2398,-1.93482,50,0.6202,0.006954,,66.603,4.8544,0.42,214.97
120000,2399,-3.21307,50,0.62,0.00583,,69.427,6.9537,0.56,345.31
120050,2400,-2.08999,50,0.6198,0.005967,,62.626,5.6735,0.46,209.17
120100,2401,-1.26733,50,0.6197,0.006997,,71.646,3.7126,0.24,131.89
120150,2402,-1.24747,50,0.6195,0.006328,,65.462,4.0528,0.36,121.17
120200,2403,-5.12409,50,0.6194,0.005725,,66.677,7.9774,0.46,614.03
120250,2404,-2.60805,50,0.6192,0.006108,,68.112,5.2761,0.36,303.72
120300,2405,-1.1032,50,0.619,0.006441,,65.898,3.3602,0.3,120.71
120350,2406,-0.89784,50,0.6189,0.005955,,67.459,3.1109,0.26,97.23
120400,2407,-0.63543,50,0.6187,0.006069,,78.233,2.4271,0.22,63.36
120450,2408,-2.85632,50,0.6186,0.006127,,62.711,7.3975,0.52,282.08
120500,2409,-2.25936,50,0.6184,0.006169,,77.792,5.7573,0.44,225.85
120550,2410,-0.77519,50,0.6183,0.005415,,65.318,3.338,0.28,68.42
120600,2411,-1.03214,50,0.6181,0.005663,,64.707,3.9511,0.32,94.42
120650,2412,-2.61245,50,0.6179,0.006168,,60.725,6.1177,0.46,279.22
120700,2413,-1.35391,50,0.6178,0.006989,,72.988,3.6851,0.38,150.37
120750,2414,-4.07331,50,0.6176,0.006307,,77.361,9.6883,0.66,401.94
120800,2415,-5.4279,50,0.6175,0.007206,,74.175,10.0289,0.7,597.84
120850,2416,-0.68831,50,0.6173,0.005394,,66.724,3.0197,0.36,63.32
120900,2417,-6.52609,50,0.6171,0.005929,,76.497,11.1347,0.64,736.2
120950,2418,-4.92661,50,0.617,0.006394,,64.521,8.689,0.64,561.38
121000,2419,-4.55963,50,0.6168,0.006153,,74.605,9.838,0.64,466.68
121050,2420,-4.16421,50,0.6167,0.006582,,76.257,8.6697,0.58,440.22
121100,2421,-1.58565,50,0.6165,0.005619,,66.334,4.3548,0.38,166.27
121150,2422,-2.35988,50,0.6164,0.007237,,76.34,5.0585,0.32,258.63
121200,2423,-1.14752,50,0.6162,0.005979,,67.634,2.9146,0.3,143.22
121250,2424,-2.41003,50,0.616,0.005519,,66.65,5.3154,0.38,267.05
121300,2425,-0.23717,50,0.6159,0.007142,,71.446,1.4848,0.14,26.21
121350,2426,-0.69714,50,0.6157,0.006488,,68.747,2.8156,0.26,74.47
121400,2427,-0.33611,50,0.6156,0.006641,,68.35,1.8564,0.2,37.18
121450,2428,-4.87927,50,0.6154,0.007278,,73.331,11.637,0.7,469.88
121500,2429,-2.16094,50,0.6153,0.005528,,69.834,5.8695,0.48,209.36
121550,2430,-3.93207,50,0.6151,0.006708,,74.09,8.3444,0.6,409.94
121600,2431,-3.1494,50,0.6149,0.00696,,67.887,6.7697,0.5,336.81
121650,2432,-2.53404,50,0.6148,0.004899,,63.284,6.1343,0.52,262.03
121700,2433,-0.14149,50,0.6146,0.005478,,72.694,1.2773,0.12,17.56
121750,2434,-0.20433,50,0.6145,0.006656,,69.989,1.63,0.18,22.98
121800,2435,-4.78111,50,0.6143,0.006051,,75.722,10.2966,0.62,493.58
121850,2436,-0.44108,50,0.6141,0.005867,,65.77,2.6097,0.26,36.45
121900,2437,-2.67667,50,0.614,0.00619,,60.404,5.8756,0.52,293.65
121950,2438,-2.05828,50,0.6138,0.006576,,65.296,4.9557,0.46,229.0
122000,2439,-0.4609,50,0.6137,0.005484,,59.0,1.9849,0.14,59.58
122050,2440,-3.63694,50,0.6135,0.006015,,69.042,6.9262,0.5,411.34
122100,2441,-2.6985,50,0.6134,0.006386,,62.917,5.926,0.46,293.65
122150,2442,-3.60927,50,0.6132,0.007147,,68.0,9.1274,0.72,350.46
122200,2443,-3.63219,50,0.613,0.005368,,75.762,6.2312,0.52,433.31
122250,2444,-1.86106,50,0.6129,0.005043,,69.947,5.7725,0.46,174.98
122300,2445,-0.87671,50,0.6127,0.006279,,69.238,2.4055,0.3,110.17
122350,2446,-1.8127,50,0.6126,0.007347,,65.974,5.6571,0.48,170.6
122400,2447,-3.86541,50,0.6124,0.006112,,67.084,9.8284,0.62,372.75
122450,2448,-1.64308,50,0.6122,0.006086,,70.38,4.815,0.36,163.83
122500,2449,-1.17184,50,0.6121,0.005014,,67.161,4.0944,0.36,111.1
122550,2450,-6.10953,50,0.6119,0.006329,,75.88,10.8562,0.68,683.41
122600,2451,-0.94142,50,0.6118,0.005202,,70.367,3.0532,0.24,100.45
122650,2452,-3.61973,50,0.6116,0.007361,,81.279,8.7854,0.6,354.48
122700,2453,-2.75246,50,0.6115,0.006392,,68.22,7.1122,0.58,265.76
122750,2454,-1.37952,50,0.6113,0.00636,,67.179,4.3871,0.34,141.33
122800,2455,-3.16555,50,0.6111,0.006569,,67.453,6.8396,0.54,347.26
122850,2456,-2.4503,50,0.611,0.006163,,73.75,5.4681,0.38,271.85
122900,2457,-4.88533,50,0.6108,0.005629,,71.3,9.4038,0.66,529.71
122950,2458,-4.90882,50,0.6107,0.006628,,82.134,10.3536,0.66,511.72
123000,2459,-1.93667,50,0.6105,0.006772,,68.007,5.0678,0.48,197.66
123050,2460,-2.72992,50,0.6103,0.005768,,68.654,6.7807,0.56,279.51
123100,2461,-2.3571,50,0.6102,0.005842,,72.43,6.0395,0.44,237.61
123150,2462,-0.6138,50,0.61,0.0057,,68.679,2.8304,0.22,53.82
123200,2463,-2.18377,50,0.6099,0.005489,,56.656,6.5003,0.6,195.75
123250,2464,-1.71833,50,0.6097,0.006351,,70.941,4.8916,0.44,174.46
123300,2465,-3.63792,50,0.6096,0.006775,,77.3,7.5509,0.56,394.39
123350,2466,-0.91832,50,0.6094,0.006541,,67.931,2.8174,0.34,101.0
123400,2467,-2.42566,50,0.6092,0.006567,,72.006,6.6116,0.42,232.4
123450,2468,-4.36072,50,0.6091,0.006214,,63.2,7.3631,0.62,511.07
123500,2469,-1.67229,50,0.6089,0.006177,,68.99,5.3936,0.5,149.06
123550,2470,-2.98493,50,0.6088,0.005496,,68.662,8.1446,0.52,280.97
123600,2471,-2.94571,50,0.6086,0.006644,,73.033,6.9048,0.46,303.45
123650,2472,-0.6531,50,0.6084,0.006188,,76.007,2.5337,0.26,69.99
123700,2473,-4.72408,50,0.6083,0.006282,,71.284,9.0086,0.66,523.52
123750,2474,-1.08196,50,0.6081,0.006878,,59.891,3.835,0.42,95.43
123800,2475,-3.49045,50,0.608,0.005476,,73.356,8.5857,0.62,338.06
123850,2476,-3.09533,50,0.6078,0.006784,,67.057,6.3508,0.56,343.35
123900,2477,-3.55041,50,0.6077,0.006543,,61.755,7.5356,0.6,380.91
123950,2478,-1.43629,50,0.6075,0.006919,,70.323,4.3524,0.44,144.86
124000,2479,-3.64972,50,0.6073,0.006614,,76.983,7.2849,0.54,406.61
124050,2480,-0.19905,50,0.6072,0.005952,,76.774,1.5823,0.14,23.81
124100,2481,-3.0766,50,0.607,0.006724,,68.925,6.9439,0.5,328.8
124150,2482,-1.70618,50,0.6069,0.006431,,70.573,4.5484,0.36,175.1
124200,2483,-2.6224,50,0.6067,0.006292,,70.003,5.9759,0.4,284.54
124250,2484,-4.8853,50,0.6065,0.006489,,66.113,10.0257,0.64,521.26
124300,2485,-3.01439,50,0.6064,0.007212,,69.479,8.2351,0.58,278.74
124350,2486,-6.05516,50,0.6062,0.005995,,72.574,12.5881,0.68,637.08
124400,2487,-2.17239,50,0.6061,0.006405,,76.104,4.9312,0.4,227.14
124450,2488,-3.51999,50,0.6059,0.005846,,67.711,7.9809,0.52,364.99
124500,2489,-0.37472,50,0.6058,0.006052,,69.437,2.2771,0.18,33.51
124550,2490,-3.65528,50,0.6056,0.006416,,67.553,7.8788,0.56,388.33
124600,2491,-0.64952,50,0.6054,0.00622,,71.657,2.8445,0.26,60.65
124650,2492,-2.12333,50,0.6053,0.006809,,67.36,5.2895,0.52,225.97
124700,2493,-1.20872,50,0.6051,0.006246,,63.508,3.1317,0.28,140.52
124750,2494,-2.91298,50,0.605,0.006021,,77.104,6.7785,0.4,298.91
124800,2495,-4.52958,50,0.6048,0.006715,,71.707,8.9491,0.56,493.38
124850,2496,-3.87671,50,0.6046,0.005633,,73.529,8.0792,0.64,413.27
124900,2497,-2.98082,50,0.6045,0.006713,,72.604,6.6544,0.48,321.04
124950,2498,-4.33773,50,0.6043,0.007723,,67.783,7.6807,0.48,504.44
125000,2499,-5.20807,50,0.6042,0.006184,,71.577,9.1182,0.62,591.46
125050,2500,-1.99863,50,0.604,0.006669,,64.0,5.6123,0.52,201.84
125100,2501,-1.29175,50,0.6038,0.006665,,70.045,4.1552,0.44,129.28
125150,2502,-3.24283,50,0.6037,0.006095,,60.421,5.3375,0.38,390.3
125200,2503,-0.14336,50,0.6035,0.006232,,70.132,1.6062,0.12,21.01
125250,2504,-1.21062,50,0.6034,0.007606,,67.348,4.1192,0.46,114.07
125300,2505,-1.84233,50,0.6032,0.006452,,67.703,5.4852,0.38,179.61
125350,2506,-1.53781,50,0.6031,0.006083,,72.583,5.1457,0.46,135.43
125400,2507,-5.30601,50,0.6029,0.007468,,70.65,10.4707,0.64,569.55
125450,2508,-6.08229,50,0.6027,0.006024,,67.528,9.3618,0.6,725.16
125500,2509,-0.43161,50,0.6026,0.006183,,64.148,2.5232,0.22,40.54
125550,2510,-1.79143,50,0.6024,0.006852,,78.19,4.4653,0.38,189.38
125600,2511,-1.76444,50,0.6023,0.007181,,66.367,4.1367,0.42,198.41
125650,2512,-5.94761,50,0.6021,0.00648,,76.128,10.3418,0.6,674.11
125700,2513,-4.94791,50,0.6019,0.005728,,67.944,10.5381,0.68,518.66
125750,2514,-5.22944,50,0.6018,0.006116,,70.047,11.5974,0.72,530.82
125800,2515,-0.83659,50,0.6016,0.006389,,67.029,3.5196,0.32,74.06
125850,2516,0.01985,50,0.6015,0.006543,,71.255,0.5999,0.08,9.54
125900,2517,-2.22604,50,0.6013,0.005429,,62.747,4.9021,0.48,255.71
125950,2518,-2.73335,50,0.6012,0.006137,,64.337,6.9847,0.52,272.15
126000,2519,0.02935,50,0.601,0.006859,,74.868,0.8665,0.04,3.85
126050,2520,-5.03811,50,0.6008,0.006987,,74.766,10.2021,0.72,533.46
126100,2521,-1.07309,50,0.6007,0.005822,,69.259,3.6282,0.32,109.52
126150,2522,-3.8763,50,0.6005,0.006841,,71.917,8.3034,0.68,411.8
126200,2523,-5.24072,50,0.6004,0.006748,,73.387,10.2745,0.6,567.89
126250,2524,-2.02394,50,0.6002,0.006607,,69.362,5.3166,0.5,213.3
126300,2525,-0.35943,50,0.6,0.006831,,78.469,2.1223,0.2,28.1
126350,2526,-1.61246,50,0.5999,0.006239,,67.655,4.8728,0.46,151.81
126400,2527,-0.88683,50,0.5997,0.006566,,70.298,2.6576,0.3,100.39
126450,2528,-3.71236,50,0.5996,0.006687,,70.504,8.9137,0.64,367.33
126500,2529,-3.33002,50,0.5994,0.005745,,67.183,7.4652,0.52,345.62
126550,2530,-0.33084,50,0.5993,0.006758,,76.197,1.8005,0.18,32.5
126600,2531,-2.51269,50,0.5991,0.006997,,71.871,6.1402,0.44,255.15
126650,2532,-1.89238,50,0.5989,0.006446,,76.843,4.4842,0.36,206.2
126700,2533,-3.14006,50,0.5988,0.007494,,74.521,7.2567,0.52,329.53
126750,2534,-2.81902,50,0.5986,0.005454,,74.163,6.8225,0.44,289.2
126800,2535,-2.50762,50,0.5985,0.005498,,58.49,5.1211,0.6,285.75
126850,2536,-3.97259,50,0.5983,0.006432,,70.096,7.7964,0.5,436.97
126900,2537,-2.91971,50,0.5981,0.006275,,67.5,7.1563,0.56,295.11
126950,2538,-1.74214,50,0.598,0.006902,,64.351,5.0482,0.44,177.01
127000,2539,-0.79065,50,0.5978,0.005988,,69.337,2.8499,0.3,75.44
127050,2540,-2.486,50,0.5977,0.007748,,67.419,5.4499,0.5,279.87
127100,2541,-5.0384,50,0.5975,0.00695,,69.622,11.1324,0.7,511.33
127150,2542,-5.71908,50,0.5974,0.006007,,63.0,12.3615,0.74,583.36
127200,2543,-6.33418,50,0.5972,0.005436,,74.483,12.0537,0.7,683.59
127250,2544,-2.68916,50,0.597,0.007874,,69.332,6.2223,0.44,284.04
127300,2545,-0.97301,50,0.5969,0.006544,,70.69,3.5624,0.42,95.56
127350,2546,-2.11808,50,0.5967,0.006109,,74.357,6.3456,0.52,188.41
127400,2547,-2.02801,50,0.5966,0.006939,,67.41,4.0651,0.44,238.6
127450,2548,-2.29245,50,0.5964,0.006459,,74.069,5.0627,0.42,251.48
127500,2549,-2.34025,50,0.5962,0.006601,,74.456,6.6232,0.54,230.54
127550,2550,-1.38324,50,0.5961,0.006239,,69.374,3.9463,0.36,145.73
127600,2551,-1.68131,50,0.5959,0.005917,,65.319,4.1163,0.32,185.14
127650,2552,-6.57794,50,0.5958,0.007363,,78.793,11.245,0.68,744.2
127700,2553,-3.43752,50,0.5956,0.006489,,62.049,6.0563,0.44,404.62
127750,2554,-0.84,50,0.5955,0.006378,,71.515,3.5445,0.32,74.11
127800,2555,-4.76527,50,0.5953,0.006014,,73.093,10.9929,0.64,470.92
127850,2556,-0.94728,50,0.5951,0.005953,,69.383,3.3639,0.38,88.63
127900,2557,-2.30991,50,0.595,0.007378,,66.0,5.7667,0.46,244.37
127950,2558,-4.74881,50,0.5948,0.00581,,70.299,9.3142,0.64,514.24
128000,2559,-3.28203,50,0.5947,0.006501,,65.345,7.6666,0.62,337.4
128050,2560,-1.5681,50,0.5945,0.006595,,70.436,4.5988,0.38,155.54
128100,2561,-2.4544,50,0.5944,0.006286,,64.722,6.0173,0.5,254.43
128150,2562,-0.47158,50,0.5942,0.006794,,65.005,2.7384,0.3,42.46
128200,2563,-0.65483,50,0.594,0.00609,,67.353,3.073,0.24,63.54
128250,2564,-3.08935,50,0.5939,0.005884,,63.499,6.0345,0.42,352.85
128300,2565,-1.59695,50,0.5937,0.007351,,68.122,4.2493,0.38,168.1
128350,2566,-4.58538,50,0.5936,0.006274,,68.925,8.2019,0.54,520.83
128400,2567,-3.51002,50,0.5934,0.006651,,67.881,7.8572,0.58,366.15
128450,2568,-1.4603,50,0.5932,0.007864,,65.532,4.6224,0.46,136.88
128500,2569,-1.12986,50,0.5931,0.006193,,66.438,3.7308,0.34,112.2
128550,2570,-1.08762,50,0.5929,0.006344,,71.737,3.3453,0.34,121.05
128600,2571,-1.40567,50,0.5928,0.006429,,81.715,3.8632,0.32,141.99
128650,2572,-0.12097,50,0.5926,0.007141,,71.131,1.1143,0.14,18.53
128700,2573,-5.10731,50,0.5925,0.006839,,66.154,9.1834,0.6,577.86
128750,2574,-3.99074,50,0.5923,0.006286,,63.336,7.0219,0.58,466.28
128800,2575,-3.73026,50,0.5921,0.006402,,66.335,7.3929,0.52,418.88
128850,2576,-1.58742,50,0.592,0.005935,,65.119,4.546,0.42,159.71
128900,2577,-2.93836,50,0.5918,0.006479,,73.657,7.4307,0.54,289.21
128950,2578,-0.75779,50,0.5917,0.006592,,68.227,2.3194,0.2,90.06
129000,2579,-2.8038,50,0.5915,0.007651,,62.898,6.2973,0.56,300.87
129050,2580,-0.26119,50,0.5913,0.005604,,67.514,1.7908,0.18,28.38
129100,2581,-4.30499,50,0.5912,0.006364,,75.732,7.9821,0.52,480.03
129150,2582,-2.33447,50,0.591,0.005853,,66.181,6.0039,0.48,234.0
129200,2583,-1.09778,50,0.5909,0.005843,,67.358,3.4688,0.42,105.39
129250,2584,-1.31796,50,0.5907,0.006117,,69.476,4.284,0.32,127.43
129300,2585,-1.33014,50,0.5906,0.005998,,65.507,4.2707,0.42,129.34
129350,2586,-2.96557,50,0.5904,0.006787,,67.719,7.5697,0.62,287.75
129400,2587,-0.26627,50,0.5902,0.005896,,68.303,1.9366,0.16,27.39
129450,2588,-3.16179,50,0.5901,0.006504,,73.597,6.0913,0.4,360.77
129500,2589,-4.27798,50,0.5899,0.006169,,73.388,8.3503,0.6,469.44
129550,2590,-2.46508,50,0.5898,0.007122,,60.319,5.3442,0.52,278.56
129600,2591,-2.01449,50,0.5896,0.007054,,61.476,5.3979,0.52,201.99
129650,2592,-0.82067,50,0.5894,0.006042,,62.787,2.8124,0.28,90.32
129700,2593,-2.39459,50,0.5893,0.006946,,70.458,6.0073,0.44,248.89
129750,2594,-1.74836,50,0.5891,0.0069,,69.07,5.2823,0.48,163.69
129800,2595,-1.23671,50,0.589,0.005872,,70.761,3.2401,0.28,132.03
129850,2596,-0.71443,50,0.5888,0.006053,,71.346,3.1784,0.28,65.92
129900,2597,-2.42404,50,0.5887,0.006549,,71.553,6.033,0.44,257.07
129950,2598,-4.56183,50,0.5885,0.006701,,66.238,8.5799,0.6,510.7
130000,2599,-0.46258,50,0.5883,0.006588,,67.182,1.9057,0.22,63.73
130050,2600,-3.73825,50,0.5882,0.006406,,69.882,8.8633,0.68,373.06
130100,2601,-1.85164,50,0.588,0.006996,,78.626,5.0039,0.42,184.36
130150,2602,-0.88832,50,0.5879,0.005714,,74.163,3.3569,0.32,83.94
130200,2603,-2.97875,50,0.5877,0.007041,,71.472,7.6451,0.7,288.08
130250,2604,-2.94827,50,0.5875,0.006391,,70.579,7.8843,0.6,279.35
130300,2605,-0.33934,50,0.5874,0.006897,,67.415,1.8343,0.22,41.75
130350,2606,-4.3022,50,0.5872,0.006312,,71.208,10.7941,0.74,408.96
130400,2607,-1.61743,50,0.5871,0.006771,,66.381,5.0481,0.46,149.23
130450,2608,-3.52673,50,0.5869,0.006092,,69.0,7.3698,0.58,387.4
130500,2609,-0.71485,50,0.5867,0.006519,,76.266,3.1556,0.28,61.65
130550,2610,-5.35231,50,0.5866,0.006319,,69.752,10.0283,0.6,586.75
130600,2611,-2.11548,50,0.5864,0.00581,,71.06,5.404,0.36,222.19
130650,2612,-3.75435,50,0.5863,0.006482,,68.751,8.0024,0.56,403.31
130700,2613,-4.59538,50,0.5861,0.006112,,67.21,8.6834,0.62,514.46
130750,2614,-5.27926,50,0.586,0.006401,,68.91,10.2571,0.64,572.66
130800,2615,-4.82423,50,0.5858,0.006488,,73.584,9.599,0.64,517.98
130850,2616,-3.03107,50,0.5856,0.006799,,71.116,8.0494,0.46,287.54
130900,2617,-3.95237,50,0.5855,0.005847,,71.28,8.774,0.62,410.22
130950,2618,-0.32838,50,0.5853,0.006956,,73.332,2.1131,0.22,24.54
131000,2619,-3.04054,50,0.5852,0.006961,,66.775,5.6544,0.42,350.3
131050,2620,-2.74938,50,0.585,0.007171,,62.284,6.2695,0.54,297.58
131100,2621,-5.51495,50,0.5849,0.006021,,70.0,10.2151,0.7,613.47
131150,2622,-2.96477,50,0.5847,0.006277,,65.689,7.2529,0.52,298.76
131200,2623,-2.69818,50,0.5845,0.006744,,70.169,5.9278,0.56,301.43
131250,2624,-3.94976,50,0.5844,0.007131,,81.555,10.7641,0.66,352.48
131300,2625,-1.49132,50,0.5842,0.00638,,72.597,5.145,0.48,130.6
131350,2626,-0.57231,50,0.5841,0.007014,,71.854,3.0233,0.26,41.52
131400,2627,-6.13242,50,0.5839,0.005883,,72.707,12.6714,0.74,641.51
131450,2628,-3.64757,50,0.5837,0.006164,,69.975,8.267,0.52,378.68
131500,2629,-2.23105,50,0.5836,0.006711,,74.872,5.6344,0.4,234.32
131550,2630,-3.08537,50,0.5834,0.006931,,69.393,6.8983,0.54,321.7
131600,2631,-0.82967,50,0.5833,0.00663,,78.154,3.2258,0.32,77.2
131650,2632,-2.99666,50,0.5831,0.006027,,72.062,7.2234,0.5,297.13
131700,2633,-2.89267,50,0.583,0.006415,,65.239,6.13,0.4,331.68
131750,2634,0.01509,50,0.5828,0.006065,,65.379,0.9944,0.08,9.36
131800,2635,-1.72919,50,0.5826,0.006825,,69.274,4.6815,0.42,184.61
131850,2636,-3.70987,50,0.5825,0.007464,,65.91,7.7343,0.56,401.06
131900,2637,-3.98334,50,0.5823,0.007603,,74.61,8.5885,0.62,421.14
131950,2638,-3.82256,50,0.5822,0.006388,,74.0,8.7684,0.56,388.87
132000,2639,-2.72361,50,0.582,0.006711,,69.349,5.5511,0.42,303.43
132050,2640,-1.66826,50,0.5818,0.006544,,64.958,5.3381,0.4,148.77
132100,2641,-4.75977,50,0.5817,0.00618,,73.102,9.4874,0.6,512.54
132150,2642,-1.63042,50,0.5815,0.006226,,63.002,4.8669,0.4,154.9
132200,2643,-2.06338,50,0.5814,0.006721,,66.167,5.3552,0.52,210.58
132250,2644,-3.82039,50,0.5812,0.006783,,71.542,8.0951,0.52,405.86
132300,2645,-2.09087,50,0.5811,0.006489,,66.112,6.1129,0.52,198.71
132350,2646,-0.77628,50,0.5809,0.0057,,63.399,2.7711,0.24,89.33
132400,2647,-0.85582,50,0.5807,0.006256,,71.554,2.6514,0.32,105.27
132450,2648,-0.24466,50,0.5806,0.006271,,74.021,1.2688,0.16,36.5
132500,2649,-1.43791,50,0.5804,0.006167,,72.988,4.3347,0.34,138.77
132550,2650,-3.75305,50,0.5803,0.00611,,65.034,8.6818,0.64,387.71
132600,2651,-2.19752,50,0.5801,0.006735,,64.453,5.7475,0.5,225.76
132650,2652,-6.80625,50,0.5799,0.006469,,75.151,14.689,0.74,683.78
132700,2653,-4.14395,50,0.5798,0.007515,,69.898,8.863,0.64,441.15
132750,2654,-0.58929,50,0.5796,0.006342,,69.104,2.316,0.26,65.9
132800,2655,-0.99335,50,0.5795,0.006487,,69.687,3.2064,0.24,108.52
132850,2656,-3.05833,50,0.5793,0.00657,,57.151,6.1429,0.52,349.76
132900,2657,-0.09697,50,0.5792,0.007669,,80.151,1.0384,0.12,19.43
132950,2658,-1.29387,50,0.579,0.005606,,66.995,3.8341,0.34,134.2
133000,2659,-2.26954,50,0.5788,0.006997,,67.554,6.4182,0.46,217.32
133050,2660,-3.58414,50,0.5787,0.005451,,67.9,8.737,0.7,350.88
133100,2661,-4.21658,50,0.5785,0.007416,,69.479,9.1185,0.6,442.69
133150,2662,-3.32808,50,0.5784,0.006058,,66.868,7.8361,0.56,342.26
133200,2663,-4.59958,50,0.5782,0.006523,,70.959,11.3752,0.74,443.01
133250,2664,-2.58325,50,0.578,0.008115,,69.563,6.3039,0.48,263.75
133300,2665,-3.35952,50,0.5779,0.006731,,64.091,7.5152,0.6,349.54
133350,2666,-2.27557,50,0.5777,0.006226,,67.0,6.455,0.64,225.88
133400,2667,-0.49985,50,0.5776,0.006393,,71.667,2.2634,0.18,56.89
133450,2668,-3.65325,50,0.5774,0.006534,,75.351,7.1231,0.48,408.02
133500,2669,-1.44335,50,0.5773,0.007738,,69.939,4.7911,0.46,129.96
133550,2670,-4.79354,50,0.5771,0.006554,,73.75,10.4369,0.6,494.66
133600,2671,-2.65421,50,0.5769,0.00671,,72.16,5.5597,0.4,290.41
133650,2672,-3.24088,50,0.5768,0.006996,,73.501,7.4922,0.52,332.22
133700,2673,-3.37842,50,0.5766,0.006963,,73.806,7.6017,0.42,352.72
133750,2674,-1.35128,50,0.5765,0.006599,,64.251,4.9209,0.48,126.89
133800,2675,-4.51027,50,0.5763,0.006734,,72.1,10.2631,0.7,453.95
133850,2676,-5.32602,50,0.5761,0.006609,,73.907,9.2706,0.72,615.21
133900,2677,-2.69389,50,0.576,0.007137,,70.383,6.7889,0.54,268.51
133950,2678,-2.96626,50,0.5758,0.006624,,68.435,5.2124,0.4,366.67
134000,2679,-0.66116,50,0.5757,0.005854,,64.259,2.1321,0.24,91.21
134050,2680,-4.31145,50,0.5755,0.006336,,67.366,8.0665,0.54,482.62
134100,2681,-1.09302,50,0.5754,0.007002,,67.917,3.2054,0.26,115.27
134150,2682,-1.58276,50,0.5752,0.006714,,66.558,4.6429,0.48,155.09
134200,2683,-1.99124,50,0.575,0.006944,,64.906,5.2857,0.5,204.29
134250,2684,-2.41852,50,0.5749,0.006767,,63.529,4.6483,0.38,283.18
134300,2685,-3.012,50,0.5747,0.006614,,68.888,6.7569,0.54,315.53
134350,2686,-5.72481,50,0.5746,0.006871,,72.463,9.9817,0.66,648.43
134400,2687,-1.10135,50,0.5744,0.006442,,69.195,4.2304,0.4,93.94
134450,2688,-4.34029,50,0.5742,0.007296,,74.566,7.9573,0.54,485.93
134500,2689,-6.27172,50,0.5741,0.007906,,71.735,14.0788,0.74,616.75
134550,2690,-0.9764,50,0.5739,0.006268,,61.498,3.3117,0.32,105.97
134600,2691,-4.42654,50,0.5738,0.006701,,70.608,9.9388,0.64,448.43
134650,2692,-2.69261,50,0.5736,0.006404,,62.5,6.9926,0.58,267.18
134700,2693,-0.60495,50,0.5735,0.006736,,66.949,2.4601,0.24,62.93
134750,2694,-0.55739,50,0.5733,0.006007,,71.942,2.3838,0.3,58.64
134800,2695,-3.20065,50,0.5731,0.007282,,61.159,7.5563,0.52,333.31
134850,2696,-1.34221,50,0.573,0.006935,,65.6,4.6644,0.48,125.14
134900,2697,-1.54257,50,0.5728,0.00605,,68.735,5.0497,0.4,144.18
134950,2698,0.01737,50,0.5727,0.006345,,73.987,0.7168,0.14,10.49
135000,2699,-3.70728,50,0.5725,0.006912,,68.236,7.6385,0.62,407.34
135050,2700,-3.45222,50,0.5723,0.00641,,68.75,9.0712,0.62,335.38
135100,2701,-2.25471,50,0.5722,0.007051,,68.967,6.4767,0.48,214.7
135150,2702,-3.24619,50,0.572,0.006617,,72.897,6.8296,0.48,348.86
135200,2703,-3.5692,50,0.5719,0.006961,,67.596,7.1926,0.52,390.85
135250,2704,-0.41846,50,0.5717,0.006813,,68.126,2.0477,0.16,56.18
135300,2705,-1.16354,50,0.5716,0.006575,,69.754,3.8744,0.3,117.59
135350,2706,-2.52254,50,0.5714,0.006985,,74.406,7.166,0.6,233.93
135400,2707,-0.65607,50,0.5712,0.007136,,68.451,2.6781,0.32,64.91
135450,2708,-1.82841,50,0.5711,0.007111,,60.739,4.8574,0.5,187.43
135500,2709,-1.83437,50,0.5709,0.006823,,66.888,4.5603,0.44,193.79
135550,2710,-1.28452,50,0.5708,0.007262,,77.299,4.6926,0.42,105.68
135600,2711,-5.48101,50,0.5706,0.007933,,67.936,9.8759,0.64,616.21
135650,2712,-4.88478,50,0.5704,0.006546,,67.599,9.86,0.56,528.6
135700,2713,-4.50573,50,0.5703,0.006163,,72.212,9.1581,0.6,476.1
135750,2714,-6.34254,50,0.5701,0.007114,,70.469,11.1646,0.64,713.81
135800,2715,-1.18575,50,0.57,0.006708,,68.0,4.9509,0.42,92.51
135850,2716,-3.38134,50,0.5698,0.006598,,70.576,7.4852,0.6,365.59
135900,2717,-1.71315,50,0.5696,0.007146,,74.402,5.0927,0.48,159.74
135950,2718,-0.88697,50,0.5695,0.007449,,70.136,3.7377,0.28,70.47
136000,2719,-1.03349,50,0.5693,0.006928,,74.173,4.6827,0.4,89.02
136050,2720,-0.42511,50,0.5692,0.007582,,65.122,2.0205,0.3,48.67
136100,2721,-5.66966,50,0.569,0.007103,,65.043,10.1217,0.7,632.89
136150,2722,-2.91871,50,0.5689,0.006608,,60.013,7.1463,0.6,292.35
136200,2723,-0.1229,50,0.5687,0.006546,,65.731,1.461,0.12,15.41
136250,2724,-0.7289,50,0.5685,0.007457,,77.44,2.9872,0.2,62.2
136300,2725,-1.67843,50,0.5684,0.006476,,67.878,5.0414,0.34,160.67
136350,2726,-0.86912,50,0.5682,0.006576,,79.804,2.8275,0.24,84.64
136400,2727,-2.97241,50,0.5681,0.006762,,68.136,6.9272,0.48,305.64
136450,2728,-1.32407,50,0.5679,0.006607,,69.182,3.7636,0.34,133.56
136500,2729,-6.01649,50,0.5677,0.00678,,76.25,12.2782,0.76,630.04
136550,2730,-3.58045,50,0.5676,0.008701,,71.219,8.3392,0.5,363.19
136600,2731,-0.40485,50,0.5674,0.006791,,71.881,2.6545,0.18,26.18
136650,2732,-0.57726,50,0.5673,0.006242,,67.5,2.5799,0.32,59.44
136700,2733,-1.99558,50,0.5671,0.007606,,69.119,6.0073,0.52,186.4
136750,2734,-0.84425,50,0.567,0.007709,,65.97,3.2397,0.26,82.36
136800,2735,-4.70476,50,0.5668,0.006216,,68.587,8.9495,0.68,525.24
136850,2736,-4.98726,50,0.5666,0.006695,,66.786,9.576,0.7,544.48
136900,2737,-0.34394,50,0.5665,0.007146,,63.776,2.0473,0.26,35.47
136950,2738,-2.0966,50,0.5663,0.00725,,69.675,5.146,0.4,220.03
137000,2739,-1.70064,50,0.5662,0.006248,,64.102,4.6108,0.46,182.89
137050,2740,-3.12504,50,0.566,0.00684,,64.494,7.5227,0.64,313.55
137100,2741,-4.83657,50,0.5658,0.007075,,74.053,10.0258,0.62,507.46
137150,2742,-2.20844,50,0.5657,0.006957,,77.5,6.0875,0.42,215.95
137200,2743,-2.06275,50,0.5655,0.006907,,70.188,5.5137,0.42,206.6
137250,2744,-2.66354,50,0.5654,0.007151,,70.391,6.9822,0.5,258.51
137300,2745,-1.18728,50,0.5652,0.006671,,67.366,3.787,0.32,119.18
137350,2746,-1.5342,50,0.5651,0.007115,,69.194,4.7057,0.4,154.47
137400,2747,-5.27409,50,0.5649,0.007169,,66.4,10.7468,0.68,561.35
137450,2748,-4.91823,50,0.5647,0.00715,,72.212,9.1279,0.54,543.33
137500,2749,-0.87975,50,0.5646,0.0067,,68.331,3.1562,0.28,86.33
137550,2750,-3.88568,50,0.5644,0.006937,,72.209,9.0777,0.54,383.34
137600,2751,-1.46994,50,0.5643,0.007002,,69.941,4.5084,0.44,138.46
137650,2752,-0.26568,50,0.5641,0.007716,,71.132,1.7269,0.2,29.19
137700,2753,-4.19302,50,0.5639,0.006909,,69.366,7.6123,0.52,479.3
137750,2754,-0.06875,50,0.5638,0.00759,,63.254,1.0376,0.12,14.7
137800,2755,-1.89165,50,0.5636,0.007486,,68.39,4.8678,0.46,189.42
137850,2756,-1.07932,50,0.5635,0.006682,,70.375,3.645,0.4,106.75
137900,2757,-3.65673,50,0.5633,0.007379,,64.084,7.6342,0.62,398.45
137950,2758,-3.52394,50,0.5632,0.006299,,68.092,8.4481,0.56,356.07
138000,2759,-1.64186,50,0.563,0.007605,,63.474,4.4077,0.42,174.81
138050,2760,-5.96596,50,0.5628,0.006844,,72.164,12.803,0.76,609.18
138100,2761,-1.86972,50,0.5627,0.006331,,66.539,4.8485,0.4,196.6
138150,2762,-2.71114,50,0.5625,0.006663,,70.585,7.0283,0.44,268.07
138200,2763,-2.42317,50,0.5624,0.007,,74.548,6.721,0.56,229.85
138250,2764,-3.17203,50,0.5622,0.007365,,67.437,6.8949,0.6,341.03
138300,2765,-1.20942,50,0.562,0.006295,,73.768,4.1986,0.3,114.3
138350,2766,-3.27229,50,0.5619,0.007659,,65.618,7.8362,0.64,326.87
138400,2767,-0.62042,50,0.5617,0.006354,,66.265,2.8116,0.3,54.31
138450,2768,-2.12637,50,0.5616,0.007815,,71.914,6.4748,0.54,193.18
138500,2769,-2.62097,50,0.5614,0.007124,,74.056,6.6984,0.58,255.67
138550,2770,-2.6137,50,0.5613,0.006541,,66.511,6.5155,0.54,268.23
138600,2771,-1.95906,50,0.5611,0.007259,,66.912,5.082,0.48,203.82
138650,2772,0.05005,50,0.5609,0.006391,,70.047,0.8623,0.02,1.6
138700,2773,-2.40186,50,0.5608,0.00751,,67.425,6.1864,0.48,235.27
138750,2774,-3.14075,50,0.5606,0.006397,,65.0,5.1645,0.46,384.85
138800,2775,-0.18258,50,0.5605,0.00711,,69.121,1.5922,0.18,24.36
138850,2776,-2.95231,50,0.5603,0.00672,,73.027,7.2189,0.48,301.94
138900,2777,-7.05902,50,0.5601,0.007087,,75.0,12.6146,0.74,784.74
138950,2778,-2.89895,50,0.56,0.006786,,68.457,7.5176,0.54,277.46
139000,2779,-0.54619,50,0.5598,0.007114,,69.104,2.2283,0.22,59.57
139050,2780,-1.50648,50,0.5597,0.007195,,72.128,4.372,0.38,149.84
139100,2781,-1.95413,50,0.5595,0.007076,,69.827,5.4874,0.56,191.43
139150,2782,-1.37242,50,0.5594,0.007679,,73.906,4.0739,0.32,148.71
139200,2783,-1.6773,50,0.5592,0.006388,,70.462,5.1984,0.48,157.86
139250,2784,-1.50504,50,0.559,0.007128,,61.501,4.7065,0.48,149.77
139300,2785,-2.91185,50,0.5589,0.006883,,68.919,7.2677,0.56,288.1
139350,2786,-2.95921,50,0.5587,0.007503,,68.719,6.4244,0.54,323.34
139400,2787,-5.35686,50,0.5586,0.008886,,73.774,10.661,0.66,572.31
139450,2788,-5.04411,50,0.5584,0.007928,,65.43,9.0482,0.58,562.33
139500,2789,-4.22566,50,0.5583,0.007012,,70.922,7.9774,0.54,470.77
139550,2790,-2.29592,50,0.5581,0.006656,,72.5,5.4874,0.36,242.22
139600,2791,-4.08863,50,0.5579,0.007682,,71.25,9.1575,0.64,418.74
139650,2792,-5.75505,50,0.5578,0.007798,,75.798,9.872,0.58,656.21
139700,2793,-1.41355,50,0.5576,0.006581,,70.293,4.1844,0.34,138.6
139750,2794,-0.58728,50,0.5575,0.007699,,66.192,2.7298,0.26,58.14
139800,2795,0.06772,50,0.5573,0.006355,,76.874,0.725,0.06,5.57
139850,2796,-0.81575,50,0.5571,0.008043,,62.193,2.8207,0.3,80.11
139900,2797,-3.41053,50,0.557,0.007248,,72.947,7.2306,0.56,365.71
139950,2798,-2.57292,50,0.5568,0.007146,,68.217,6.9592,0.48,245.6
140000,2799,-1.70922,50,0.5567,0.007161,,73.183,5.8629,0.5,143.92
140050,2800,-3.46646,50,0.5565,0.007422,,75.87,7.8761,0.48,353.42
140100,2801,-2.27535,50,0.5564,0.006323,,69.001,4.8053,0.38,269.99
140150,2802,-0.87854,50,0.5562,0.006788,,70.985,2.9286,0.36,102.94
140200,2803,0.10276,50,0.556,0.007186,,77.656,0.5719,0.06,3.76
140250,2804,-1.41744,50,0.5559,0.008329,,80.48,3.8361,0.3,145.84
140300,2805,-4.28272,50,0.5557,0.006916,,67.0,8.2825,0.66,478.06
140350,2806,-5.45201,50,0.5556,0.007443,,67.945,9.7096,0.54,615.12
140400,2807,-3.33917,50,0.5554,0.007368,,65.751,7.232,0.5,356.55
140450,2808,-4.4065,50,0.5552,0.007203,,65.311,9.0026,0.7,471.5
140500,2809,-1.5243,50,0.5551,0.007579,,62.579,4.3725,0.44,162.24
140550,2810,-3.44373,50,0.5549,0.007016,,60.851,6.4206,0.46,392.44
140600,2811,-0.79978,50,0.5548,0.006646,,72.5,3.3093,0.22,70.62
140650,2812,-3.17018,50,0.5546,0.007135,,70.038,6.5175,0.52,355.98
140700,2813,-3.64302,50,0.5545,0.006431,,71.632,8.3155,0.58,370.68
140750,2814,-0.86508,50,0.5543,0.007556,,75.241,2.4761,0.22,103.99
140800,2815,-0.85853,50,0.5541,0.007032,,73.642,2.9234,0.28,96.03
140850,2816,-2.65785,50,0.554,0.00739,,67.5,6.9308,0.56,264.81
140900,2817,-1.61922,50,0.5538,0.006567,,60.55,4.1376,0.4,176.57
140950,2818,-3.35809,50,0.5537,0.007505,,63.846,6.3145,0.4,384.14
141000,2819,-0.19563,50,0.5535,0.007091,,72.306,1.6661,0.16,22.53
141050,2820,-5.61694,50,0.5533,0.007012,,65.228,10.062,0.66,627.75
141100,2821,-0.69855,50,0.5532,0.006861,,64.123,2.779,0.34,67.5
141150,2822,-1.29421,50,0.553,0.006541,,73.01,4.0902,0.42,122.38
141200,2823,-2.89364,50,0.5529,0.008095,,76.47,6.5887,0.46,307.55
141250,2824,-2.70287,50,0.5527,0.00688,,69.394,5.416,0.42,307.17
141300,2825,-3.49345,50,0.5526,0.007467,,70.243,7.5216,0.6,372.3
141350,2826,-4.58705,50,0.5524,0.006993,,68.464,10.0617,0.6,473.88
141400,2827,-0.56474,50,0.5522,0.008018,,71.234,2.6925,0.28,51.6
141450,2828,-0.98668,50,0.5521,0.006987,,70.495,3.8391,0.34,88.65
141500,2829,-4.87259,50,0.5519,0.006714,,75.0,9.053,0.66,545.34
141550,2830,-3.11732,50,0.5518,0.007004,,65.539,6.6081,0.52,348.83
141600,2831,-4.27611,50,0.5516,0.008775,,69.153,8.1311,0.62,477.36
141650,2832,-2.95089,50,0.5514,0.007286,,68.68,6.7459,0.54,308.58
141700,2833,-3.17978,50,0.5513,0.006096,,72.083,6.8807,0.46,340.29
141750,2834,-4.36211,50,0.5511,0.006675,,67.034,9.2475,0.68,457.52
141800,2835,-1.90683,50,0.551,0.007808,,79.543,5.2491,0.34,188.57
141850,2836,-2.43162,50,0.5508,0.007141,,64.319,5.6046,0.38,263.18
141900,2837,-0.30304,50,0.5507,0.006512,,80.349,1.4783,0.12,35.2
141950,2838,-0.3152,50,0.5505,0.007143,,80.222,1.6424,0.14,35.78
142000,2839,-1.7173,50,0.5503,0.007175,,63.936,5.303,0.54,158.36
142050,2840,-2.80312,50,0.5502,0.007112,,61.887,6.6766,0.56,290.58
142100,2841,-1.67963,50,0.55,0.00801,,67.0,4.4718,0.4,181.15
142150,2842,-6.11705,50,0.5499,0.007206,,87.169,9.734,0.54,704.32
142200,2843,-4.89471,50,0.5497,0.007309,,70.299,10.6223,0.76,506.08
142250,2844,-3.02794,50,0.5495,0.00679,,66.564,7.5799,0.6,297.09
142300,2845,-2.79486,50,0.5494,0.007474,,73.662,7.9083,0.56,256.94
142350,2846,-3.92976,50,0.5492,0.007222,,65.589,8.0369,0.64,427.3
142400,2847,-2.87543,50,0.5491,0.006576,,65.248,6.7977,0.54,294.09
142450,2848,-1.99789,50,0.5489,0.007075,,71.136,4.8984,0.4,207.58
142500,2849,-1.42018,50,0.5488,0.007664,,67.396,4.5431,0.38,138.48
142550,2850,-5.01093,50,0.5486,0.007486,,72.891,9.8447,0.54,542.29
142600,2851,-1.32046,50,0.5484,0.006587,,67.069,3.3654,0.36,155.17
142650,2852,-3.65262,50,0.5483,0.006705,,69.524,8.4906,0.62,375.47
142700,2853,-3.18525,50,0.5481,0.006948,,69.796,7.8031,0.54,318.42
142750,2854,-3.11781,50,0.548,0.006503,,65.24,6.3758,0.54,356.66
142800,2855,-0.88015,50,0.5478,0.006366,,70.691,3.5922,0.36,84.59
142850,2856,-5.94137,50,0.5476,0.007481,,75.0,11.9673,0.68,628.53
142900,2857,-0.44725,50,0.5475,0.007141,,71.512,2.3238,0.16,46.2
142950,2858,-2.736,50,0.5473,0.007322,,68.266,6.0692,0.5,299.9
143000,2859,-3.903,50,0.5472,0.006799,,68.626,8.3036,0.6,408.84
143050,2860,-8.95014,50,0.547,0.007875,,72.298,14.1953,0.74,1028.48
143100,2861,-0.81938,50,0.5469,0.006651,,69.92,3.1854,0.4,74.26
143150,2862,-0.43015,50,0.5467,0.008202,,64.0,2.5576,0.26,34.96
143200,2863,-2.53023,50,0.5465,0.008024,,61.0,5.8229,0.48,280.45
143250,2864,-3.40804,50,0.5464,0.007334,,61.512,7.5341,0.58,371.21
143300,2865,-0.28941,50,0.5462,0.007356,,79.715,1.58,0.12,29.4
143350,2866,-1.73691,50,0.5461,0.007461,,69.982,4.9656,0.38,170.53
143400,2867,-2.34806,50,0.5459,0.006214,,72.337,5.7413,0.52,242.61
143450,2868,-4.04457,50,0.5457,0.007894,,80.029,7.0104,0.58,464.38
143500,2869,-2.89776,50,0.5456,0.007563,,68.016,6.4654,0.4,307.29
143550,2870,-1.65816,50,0.5454,0.007291,,72.578,5.8555,0.46,135.33
143600,2871,-6.08804,50,0.5453,0.007635,,80.205,9.3528,0.48,721.02
143650,2872,-5.74416,50,0.5451,0.007532,,68.343,12.1377,0.7,592.25
143700,2873,-3.17217,50,0.545,0.006823,,73.889,5.7606,0.46,380.7
143750,2874,-1.12508,50,0.5448,0.007041,,69.432,3.5691,0.28,115.13
143800,2875,-3.14825,50,0.5446,0.006713,,74.395,7.5993,0.56,311.52
143850,2876,-1.20472,50,0.5445,0.006441,,68.271,4.1419,0.36,114.07
143900,2877,-2.73579,50,0.5443,0.006849,,69.83,7.4768,0.58,253.27
143950,2878,0.00185,50,0.5442,0.006732,,71.756,0.8972,0.12,9.07
144000,2879,-2.81276,50,0.544,0.007939,,67.221,5.9267,0.5,314.48
144050,2880,-1.25012,50,0.5438,0.007356,,74.038,4.0745,0.36,112.77
144100,2881,-2.67527,50,0.5437,0.006758,,68.595,5.1598,0.36,313.6
144150,2882,-2.49864,50,0.5435,0.007324,,73.031,6.3442,0.54,250.39
144200,2883,-1.38439,50,0.5434,0.007587,,65.212,3.6993,0.4,156.95
144250,2884,-4.261,50,0.5432,0.008113,,74.0,8.1717,0.54,473.55
144300,2885,-2.70976,50,0.5431,0.007163,,68.75,7.0868,0.56,261.84
144350,2886,-2.1852,50,0.5429,0.007721,,64.666,5.9483,0.48,216.98
144400,2887,-2.29671,50,0.5427,0.007649,,70.968,4.9291,0.42,259.97
144450,2888,-3.48047,50,0.5426,0.006851,,71.312,7.9567,0.64,357.26
144500,2889,-1.04183,50,0.5424,0.00786,,67.589,3.9003,0.4,88.81
144550,2890,-0.95003,50,0.5423,0.006813,,67.769,3.7248,0.44,83.28
144600,2891,-0.25966,50,0.5421,0.007044,,64.49,1.7824,0.24,30.94
144650,2892,-3.47383,50,0.5419,0.006537,,75.674,6.9636,0.5,381.63
144700,2893,-2.21691,50,0.5418,0.006303,,68.024,6.1237,0.42,216.71
144750,2894,-1.07259,50,0.5416,0.008596,,67.999,3.4234,0.32,105.75
144800,2895,-3.17322,50,0.5415,0.006935,,71.577,7.8355,0.6,313.41
144850,2896,-1.15354,50,0.5413,0.00594,,70.169,4.0116,0.42,109.1
144900,2897,-0.33696,50,0.5412,0.006423,,71.337,1.6266,0.12,45.2
144950,2898,-4.02456,50,0.541,0.007486,,66.0,7.9001,0.58,448.46
145000,2899,-2.66935,50,0.5408,0.007325,,65.547,6.9979,0.6,258.97
145050,2900,-0.15671,50,0.5407,0.00697,,62.676,1.3309,0.22,26.28
145100,2901,-1.87149,50,0.5405,0.007382,,67.181,5.2874,0.52,184.3
145150,2902,-0.99747,50,0.5404,0.006459,,69.65,3.3785,0.3,97.42
145200,2903,-2.05202,50,0.5402,0.008746,,65.104,4.9036,0.42,227.59
145250,2904,-3.27806,50,0.54,0.00785,,69.767,7.4078,0.56,345.89
145300,2905,-2.76864,50,0.5399,0.008416,,67.262,6.68,0.58,282.29
145350,2906,-2.31401,50,0.5397,0.007581,,75.942,5.0364,0.36,266.81
145400,2907,-3.39548,50,0.5396,0.007915,,63.024,7.7075,0.5,361.21
145450,2908,-4.42716,50,0.5394,0.007511,,69.655,10.4667,0.58,438.16
145500,2909,-3.26284,50,0.5393,0.006762,,72.212,6.913,0.52,353.92
145550,2910,-2.93037,50,0.5391,0.008352,,68.42,7.2769,0.54,290.02
145600,2911,-2.17647,50,0.5389,0.008325,,63.75,6.5873,0.52,200.77
145650,2912,-1.28054,50,0.5388,0.007937,,70.06,4.7154,0.4,106.8
145700,2913,-1.75072,50,0.5386,0.008034,,66.405,4.8654,0.42,182.31
145750,2914,-0.15562,50,0.5385,0.008107,,66.009,1.4217,0.12,18.14
145800,2915,-3.48525,50,0.5383,0.006872,,73.059,8.1373,0.58,355.38
145850,2916,-1.70831,50,0.5381,0.006673,,71.484,5.0992,0.46,163.98
145900,2917,-3.24262,50,0.538,0.007647,,70.772,7.9813,0.6,320.92
145950,2918,-0.12838,50,0.5378,0.00874,,72.921,1.1404,0.18,33.43
146000,2919,-1.35938,50,0.5377,0.006841,,62.901,3.9646,0.48,145.1
146050,2920,-3.64541,50,0.5375,0.008629,,70.5,7.0782,0.56,404.62
146100,2921,-2.3122,50,0.5373,0.00791,,66.534,6.1346,0.44,226.9
146150,2922,-1.29574,50,0.5372,0.008953,,64.173,3.4852,0.32,143.51
146200,2923,-1.85597,50,0.537,0.009601,,73.68,5.2115,0.42,180.45
146250,2924,-6.57168,50,0.5369,0.008488,,75.433,10.7871,0.58,758.69
146300,2925,-1.04588,50,0.5367,0.008825,,61.351,3.5669,0.32,99.96
146350,2926,-5.67554,50,0.5366,0.007425,,75.518,10.1374,0.66,636.44
146400,2927,-0.19796,50,0.5364,0.009505,,73.099,1.6763,0.16,17.07
146450,2928,-1.56875,50,0.5362,0.00809,,66.937,4.1879,0.42,167.92
146500,2929,-5.62334,50,0.5361,0.00779,,72.387,13.5962,0.68,543.74
146550,2930,-2.47662,50,0.5359,0.007013,,62.0,6.524,0.54,243.36
146600,2931,-1.61382,50,0.5358,0.008514,,66.83,4.465,0.42,170.59
146650,2932,-0.63984,50,0.5356,0.007719,,66.492,3.0547,0.22,50.7
146700,2933,-1.83102,50,0.5354,0.007321,,68.469,5.083,0.42,184.36
146750,2934,-1.00541,50,0.5353,0.007174,,69.439,3.7736,0.36,94.39
146800,2935,-1.12536,50,0.5351,0.008769,,64.446,2.7766,0.32,144.02
146850,2936,-2.78227,50,0.535,0.009085,,72.8,6.2816,0.44,311.74
146900,2937,-1.51295,50,0.5348,0.007998,,74.002,4.3888,0.36,156.42
146950,2938,-0.06645,50,0.5347,0.006847,,69.965,1.1456,0.1,15.86
147000,2939,-0.00701,50,0.5345,0.007266,,73.286,0.9248,0.16,11.9
147050,2940,-1.68314,50,0.5343,0.00872,,75.017,5.2882,0.4,158.02
147100,2941,-1.17338,50,0.5342,0.008173,,76.425,4.2052,0.38,106.59
147150,2942,-4.41847,50,0.534,0.008053,,65.458,8.006,0.68,496.85
147200,2943,-1.09495,50,0.5339,0.009321,,71.583,2.6248,0.24,134.81
147250,2944,-0.5048,50,0.5337,0.007602,,73.506,2.0746,0.3,58.1
147300,2945,-1.18126,50,0.5335,0.008354,,74.956,3.5678,0.26,115.36
147350,2946,-0.30606,50,0.5334,0.008825,,71.542,1.4693,0.14,46.86
147400,2947,-0.94531,50,0.5332,0.007992,,66.841,3.6194,0.34,92.74
147450,2948,-4.29737,50,0.5331,0.0073,,72.0,8.4193,0.54,474.47
147500,2949,-1.28736,50,0.5329,0.007998,,69.118,4.77,0.4,104.02
147550,2950,-1.90054,50,0.5328,0.007998,,62.298,5.3108,0.52,190.9
147600,2951,-2.32095,50,0.5326,0.007489,,73.415,5.1506,0.4,251.4
147650,2952,-2.74422,50,0.5324,0.007982,,63.875,7.154,0.68,266.58
147700,2953,-3.96605,50,0.5323,0.008978,,74.507,9.0423,0.6,406.44
147750,2954,-0.42816,50,0.5321,0.008016,,71.962,2.4931,0.2,32.68
147800,2955,-4.25868,50,0.532,0.007899,,68.151,8.1761,0.58,470.54
147850,2956,-4.3824,50,0.5318,0.009061,,66.856,9.742,0.58,450.69
147900,2957,-3.84065,50,0.5316,0.007836,,70.431,8.4513,0.66,404.98
147950,2958,-2.08015,50,0.5315,0.008401,,72.546,5.3076,0.44,216.84
148000,2959,-2.53625,50,0.5313,0.008622,,67.303,5.9334,0.58,268.06
148050,2960,-2.03674,50,0.5312,0.008091,,71.525,5.5866,0.4,197.31
148100,2961,-2.60643,50,0.531,0.008131,,67.041,5.7429,0.52,277.86
148150,2962,-2.71514,50,0.5309,0.008243,,69.56,7.0931,0.54,270.59
148200,2963,-1.63158,50,0.5307,0.007172,,74.0,5.1085,0.34,148.56
148250,2964,-4.86907,50,0.5305,0.007295,,69.042,10.9186,0.68,495.81
148300,2965,-2.31462,50,0.5304,0.008525,,68.329,6.5253,0.54,217.08
148350,2966,-2.16357,50,0.5302,0.00758,,63.052,5.0537,0.52,244.16
148400,2967,-4.61833,50,0.5301,0.007554,,70.695,8.5701,0.46,518.62
148450,2968,-0.12726,50,0.5299,0.008086,,69.087,1.2808,0.14,14.56
148500,2969,-2.17473,50,0.5297,0.008307,,71.644,5.6213,0.44,215.8
148550,2970,-0.80902,50,0.5296,0.007802,,73.48,2.7002,0.24,84.29
148600,2971,-2.50161,50,0.5294,0.00741,,67.765,6.0985,0.38,266.23
148650,2972,-3.03893,50,0.5293,0.007983,,69.0,8.328,0.66,282.18
148700,2973,-1.02131,50,0.5291,0.008218,,76.311,3.2026,0.22,107.18
148750,2974,-3.3647,50,0.529,0.007881,,72.933,8.5224,0.52,328.11
148800,2975,-0.78691,50,0.5288,0.007488,,68.487,3.6014,0.38,60.38
148850,2976,-2.43755,50,0.5286,0.007639,,73.382,5.7506,0.52,252.54
148900,2977,-5.71971,50,0.5285,0.007908,,71.25,11.0009,0.72,619.77
148950,2978,-1.74749,50,0.5283,0.007532,,68.422,5.193,0.42,172.05
149000,2979,-2.3348,50,0.5282,0.008644,,68.475,6.1062,0.46,236.61
149050,2980,-1.39505,50,0.528,0.008217,,64.672,3.5395,0.38,160.31
149100,2981,-2.78735,50,0.5279,0.008482,,74.829,6.3474,0.46,289.26
149150,2982,-3.4302,50,0.5277,0.007794,,59.328,7.5528,0.62,361.05
149200,2983,-3.93679,50,0.5275,0.008125,,65.833,7.6948,0.56,443.28
149250,2984,-0.39709,50,0.5274,0.007949,,64.897,1.7642,0.18,53.48
149300,2985,-3.28211,50,0.5272,0.008528,,77.18,8.6661,0.52,313.15
149350,2986,-4.22725,50,0.5271,0.008014,,66.781,7.8418,0.64,476.98
149400,2987,-2.99551,50,0.5269,0.007023,,72.801,6.7912,0.38,315.54
149450,2988,-1.41603,50,0.5267,0.007385,,72.458,4.6736,0.4,130.85
149500,2989,-0.28748,50,0.5266,0.007401,,64.658,1.9159,0.24,27.81
149550,2990,-0.06153,50,0.5264,0.00763,,73.048,1.2586,0.1,10.75
149600,2991,-0.00084,50,0.5263,0.008921,,88.028,0.7964,0.02,5.17
149650,2992,-3.90424,50,0.5261,0.008848,,67.45,7.4212,0.58,436.0
149700,2993,-1.97059,50,0.526,0.008059,,65.0,5.0223,0.46,213.93
149750,2994,-0.48124,50,0.5258,0.007839,,67.204,2.3124,0.28,52.29
149800,2995,-3.68256,50,0.5256,0.007341,,71.25,8.3375,0.64,382.1
149850,2996,-0.3598,50,0.5255,0.007861,,64.774,2.0722,0.24,34.95
149900,2997,-3.9078,50,0.5253,0.008229,,82.056,9.1957,0.48,395.77
149950,2998,-2.16351,50,0.5252,0.007705,,66.377,5.9956,0.46,217.77
150000,2999,-1.74279,50,0.525,0.007591,,71.247,5.2171,0.56,163.15
150050,3000,-8.31064,50,0.5248,0.008043,,72.94,12.2766,0.56,985.14
150100,3001,-3.08144,50,0.5247,0.006657,,78.441,5.8573,0.46,355.7
150150,3002,-1.61583,50,0.5245,0.007067,,70.331,4.2859,0.38,178.58
150200,3003,-1.49867,50,0.5244,0.007179,,62.975,4.4025,0.42,155.4
150250,3004,-2.04164,50,0.5242,0.007551,,73.599,5.3327,0.46,220.56
150300,3005,-3.95336,50,0.5241,0.007745,,70.036,9.1814,0.58,403.16
150350,3006,-3.44616,50,0.5239,0.006835,,63.75,8.2037,0.7,342.21
150400,3007,-2.70522,50,0.5237,0.007615,,63.75,6.7983,0.54,276.54
150450,3008,-2.59612,50,0.5236,0.008335,,71.849,6.1568,0.5,278.26
150500,3009,-2.52273,50,0.5234,0.007777,,74.976,5.5726,0.46,279.37
150550,3010,-2.02337,50,0.5233,0.007674,,64.536,4.9597,0.46,213.73
150600,3011,-2.71792,50,0.5231,0.008363,,71.349,5.5381,0.4,310.11
150650,3012,-3.70548,50,0.5229,0.007408,,75.282,7.8222,0.58,392.32
150700,3013,-2.10566,50,0.5228,0.006716,,72.29,5.1752,0.4,222.76
150750,3014,-0.52923,50,0.5226,0.007399,,60.105,1.7359,0.16,75.69
150800,3015,-5.49648,50,0.5225,0.007003,,70.708,10.8267,0.66,590.04
150850,3016,-3.98925,50,0.5223,0.007681,,74.049,8.8229,0.52,419.82
150900,3017,-2.33018,50,0.5222,0.007337,,71.773,5.3651,0.54,256.92
150950,3018,-1.29026,50,0.522,0.00624,,68.912,4.7057,0.4,114.8
151000,3019,-4.8244,50,0.5218,0.007293,,69.463,9.2426,0.58,531.46
151050,3020,-4.89899,50,0.5217,0.007937,,73.332,9.7357,0.68,534.62
151100,3021,-3.13226,50,0.5215,0.008275,,64.436,7.8383,0.5,312.58
151150,3022,-0.47177,50,0.5214,0.007398,,66.721,2.4404,0.22,42.23
151200,3023,-1.56148,50,0.5212,0.00638,,63.798,4.2577,0.4,167.28
151250,3024,-1.93558,50,0.521,0.007415,,71.12,5.6208,0.46,181.22
151300,3025,-4.55828,50,0.5209,0.008674,,70.064,8.3962,0.62,516.06
151350,3026,-0.60611,50,0.5207,0.008662,,66.568,2.8781,0.24,65.61
151400,3027,-1.04292,50,0.5206,0.008442,,69.496,3.4597,0.36,103.11
151450,3028,-1.49753,50,0.5204,0.006664,,67.011,3.6336,0.36,176.45
151500,3029,-1.0483,50,0.5203,0.007741,,76.875,3.7998,0.28,100.46
151550,3030,-5.07842,50,0.5201,0.007498,,68.239,9.8881,0.64,552.16
151600,3031,-1.34456,50,0.5199,0.008312,,65.296,3.5858,0.38,146.19
151650,3032,-1.78061,50,0.5198,0.007992,,71.73,5.3885,0.4,166.4
151700,3033,-3.03176,50,0.5196,0.006446,,66.432,6.2092,0.56,334.65
151750,3034,-3.182,50,0.5195,0.008471,,71.331,7.1212,0.52,334.56
151800,3035,-4.14544,50,0.5193,0.007663,,72.392,9.9379,0.6,406.01
151850,3036,-0.99457,50,0.5191,0.008123,,62.492,3.463,0.28,98.28
151900,3037,-4.28283,50,0.519,0.007748,,67.1,9.2214,0.7,448.66
151950,3038,-2.26938,50,0.5188,0.008073,,70.941,4.9881,0.4,252.52
152000,3039,-0.60177,50,0.5187,0.007037,,71.958,2.4394,0.18,59.25
152050,3040,-6.61904,50,0.5185,0.007031,,73.548,13.9684,0.72,679.92
152100,3041,-0.95873,50,0.5184,0.008377,,59.932,3.0876,0.42,102.78
152150,3042,-0.12209,50,0.5182,0.007974,,77.808,1.3336,0.2,21.42
152200,3043,-1.00406,50,0.518,0.007277,,68.214,3.5329,0.3,97.51
152250,3044,-0.08641,50,0.5179,0.007086,,70.844,1.3198,0.08,10.72
152300,3045,-0.27211,50,0.5177,0.008587,,63.068,2.0002,0.18,26.24
152350,3046,-2.36719,50,0.5176,0.007857,,74.468,6.962,0.52,215.77
152400,3047,-0.05249,50,0.5174,0.007198,,78.231,1.2766,0.1,6.51
152450,3048,-0.3784,50,0.5172,0.006949,,67.878,1.8439,0.22,42.19
152500,3049,-2.47917,50,0.5171,0.007054,,70.329,5.772,0.52,257.37
152550,3050,-0.91085,50,0.5169,0.00812,,68.469,3.0558,0.34,96.64
152600,3051,-2.04988,50,0.5168,0.007866,,64.728,5.5846,0.46,207.32
152650,3052,-2.08351,50,0.5166,0.007604,,67.656,4.6799,0.42,239.88
152700,3053,-5.70299,50,0.5165,0.006779,,75.263,9.4232,0.6,660.39
152750,3054,-1.33995,50,0.5163,0.006952,,66.269,4.1901,0.4,130.02
152800,3055,-2.00219,50,0.5161,0.007505,,68.303,5.4409,0.36,206.22
152850,3056,-3.10008,50,0.516,0.006855,,72.211,6.7694,0.56,336.32
152900,3057,-3.35082,50,0.5158,0.008182,,75.938,7.2843,0.42,356.63
152950,3058,-4.45059,50,0.5157,0.006991,,75.165,8.8455,0.68,482.21
153000,3059,-0.98571,50,0.5155,0.007553,,68.209,2.7887,0.28,113.66
153050,3060,-4.7791,50,0.5153,0.008365,,67.379,9.6902,0.62,517.15
153100,3061,-1.84998,50,0.5152,0.007214,,68.218,4.683,0.36,194.9
153150,3062,-0.00855,50,0.515,0.007994,,77.431,0.6278,0.06,9.32
153200,3063,-5.85063,50,0.5149,0.007086,,68.178,9.9494,0.7,670.54
153250,3064,-1.08787,50,0.5147,0.007862,,64.93,4.1084,0.42,97.56
153300,3065,-1.64793,50,0.5146,0.006815,,71.488,5.3591,0.48,156.71
153350,3066,-1.82408,50,0.5144,0.008007,,63.635,4.7452,0.36,189.6
153400,3067,-2.29061,50,0.5142,0.007649,,76.565,5.321,0.38,240.71
153450,3068,-1.7958,50,0.5141,0.007761,,70.397,4.9163,0.42,178.48
153500,3069,-0.1074,50,0.5139,0.00818,,76.716,1.1901,0.1,15.08
153550,3070,-2.77663,50,0.5138,0.008258,,72.285,5.6693,0.46,321.87
153600,3071,-3.58651,50,0.5136,0.008272,,62.932,8.5959,0.7,358.33
153650,3072,-4.31532,50,0.5134,0.007373,,67.755,8.0466,0.6,488.41
153700,3073,-1.99933,50,0.5133,0.008868,,72.443,5.2393,0.54,202.85
153750,3074,-1.80829,50,0.5131,0.007269,,70.974,4.0848,0.34,212.08
153800,3075,-3.00404,50,0.513,0.006735,,72.792,6.8907,0.52,310.12
153850,3076,-3.51144,50,0.5128,0.007709,,76.708,7.8256,0.54,365.73
153900,3077,-2.25665,50,0.5127,0.006724,,72.665,6.3019,0.52,223.72
153950,3078,-0.66013,50,0.5125,0.008099,,72.8,2.495,0.2,75.12
154000,3079,-1.66045,50,0.5123,0.008444,,63.968,5.0471,0.44,156.87
154050,3080,-1.65215,50,0.5122,0.008578,,66.531,3.9954,0.26,185.55
154100,3081,-1.87791,50,0.512,0.006873,,74.229,4.7501,0.32,200.69
154150,3082,-3.96316,50,0.5119,0.007977,,72.559,7.4541,0.54,453.43
154200,3083,-2.8632,50,0.5117,0.007414,,72.745,6.7691,0.46,303.7
154250,3084,-3.29161,50,0.5115,0.008853,,69.325,7.3803,0.54,353.73
154300,3085,-1.17962,50,0.5114,0.008365,,66.362,3.0023,0.36,135.64
154350,3086,-3.17859,50,0.5112,0.007691,,67.839,7.1131,0.56,334.93
154400,3087,-2.70121,50,0.5111,0.007951,,67.798,7.2733,0.58,260.2
154450,3088,-0.2161,50,0.5109,0.007307,,71.074,1.8488,0.14,21.21
154500,3089,-4.40635,50,0.5108,0.007002,,69.814,9.8543,0.64,458.52
154550,3090,-0.67465,50,0.5106,0.009156,,70.802,2.5959,0.26,69.43
154600,3091,-2.52583,50,0.5104,0.00843,,68.229,6.7692,0.46,247.26
154650,3092,-3.64712,50,0.5103,0.007599,,72.5,7.23,0.58,411.99
154700,3093,-3.29839,50,0.5101,0.007548,,75.709,8.0353,0.52,323.05
154750,3094,-5.69155,50,0.51,0.0076,,69.487,11.439,0.72,613.0
154800,3095,-1.09484,50,0.5098,0.00707,,66.21,2.8457,0.3,127.82
154850,3096,-4.9261,50,0.5096,0.007687,,77.658,10.0851,0.66,527.02
154900,3097,-6.05888,50,0.5095,0.007417,,74.212,12.0253,0.64,641.69
154950,3098,-4.53749,50,0.5093,0.006613,,65.357,9.9218,0.64,475.98
155000,3099,-5.44405,50,0.5092,0.007997,,69.444,9.3367,0.7,625.96
155050,3100,-0.40443,50,0.509,0.007684,,67.785,2.0264,0.18,48.53
155100,3101,-0.93123,50,0.5089,0.008496,,73.276,2.461,0.18,110.72
155150,3102,-0.76531,50,0.5087,0.008393,,79.618,3.41,0.34,71.21
155200,3103,-7.10047,50,0.5085,0.007852,,65.385,12.3619,0.76,802.91
155250,3104,-1.27421,50,0.5084,0.007188,,68.592,4.3642,0.34,126.55
155300,3105,-0.60952,50,0.5082,0.008353,,85.521,2.1357,0.14,69.29
155350,3106,-3.15865,50,0.5081,0.008161,,70.525,8.3067,0.48,290.01
155400,3107,-0.84001,50,0.5079,0.007615,,65.652,2.9439,0.34,86.69
155450,3108,-1.45389,50,0.5077,0.007552,,70.172,5.3398,0.56,125.87
155500,3109,-4.34375,50,0.5076,0.007393,,66.82,8.8953,0.68,476.82
155550,3110,-3.23024,50,0.5074,0.008513,,61.553,7.7374,0.58,322.11
155600,3111,-4.14636,50,0.5073,0.008251,,72.502,8.0077,0.5,455.78
155650,3112,-3.07308,50,0.5071,0.008257,,69.594,7.2014,0.38,314.49
155700,3113,-3.61347,50,0.507,0.008104,,69.242,8.7478,0.52,358.95
155750,3114,-1.20809,50,0.5068,0.007463,,67.865,3.319,0.3,135.99
155800,3115,-4.02096,50,0.5066,0.009255,,72.257,9.9457,0.6,389.77
155850,3116,-0.40921,50,0.5065,0.007596,,73.355,2.8363,0.28,27.06
155900,3117,-5.21154,50,0.5063,0.007472,,69.31,9.5176,0.64,577.75
155950,3118,-0.0339,50,0.5062,0.007441,,72.826,1.1176,0.16,12.13
156000,3119,-1.7779,50,0.506,0.009158,,67.726,5.4091,0.46,171.27
156050,3120,-2.41228,50,0.5058,0.007559,,73.55,6.2149,0.46,243.14
156100,3121,-0.42769,50,0.5057,0.007536,,63.845,2.513,0.26,39.45
156150,3122,-1.16661,50,0.5055,0.007872,,74.003,3.3841,0.34,119.28
156200,3123,-2.32319,50,0.5054,0.008813,,67.223,5.5732,0.48,242.71
156250,3124,-2.10845,50,0.5052,0.009723,,61.337,5.0752,0.42,230.74
156300,3125,-2.16467,50,0.505,0.007918,,71.523,5.088,0.36,234.83
156350,3126,-2.79593,50,0.5049,0.007127,,71.836,5.8313,0.42,313.27
156400,3127,-2.87477,50,0.5047,0.007131,,75.317,5.9576,0.42,329.98
156450,3128,-3.26411,50,0.5046,0.006735,,71.654,8.2503,0.66,318.32
156500,3129,-0.95043,50,0.5044,0.008332,,68.081,3.617,0.32,86.94
156550,3130,-1.27978,50,0.5043,0.007945,,71.724,4.5182,0.42,111.5
156600,3131,-2.70246,50,0.5041,0.007397,,70.019,5.9583,0.48,301.74
156650,3132,-2.89701,50,0.5039,0.007877,,68.624,6.2381,0.52,312.8
156700,3133,-3.36589,50,0.5038,0.009478,,71.22,7.8986,0.58,348.16
156750,3134,-0.05859,50,0.5036,0.008842,,64.974,1.1967,0.2,22.06
156800,3135,-0.41991,50,0.5035,0.007149,,71.46,1.9227,0.16,50.99
156850,3136,-1.48161,50,0.5033,0.008323,,66.011,4.3666,0.4,146.33
156900,3137,-2.62277,50,0.5031,0.007819,,67.0,6.1778,0.46,275.88
156950,3138,-2.28341,50,0.503,0.007511,,64.605,6.1967,0.46,230.64
157000,3139,-3.98477,50,0.5028,0.008202,,65.22,7.657,0.52,445.18
157050,3140,-2.16509,50,0.5027,0.008186,,72.138,5.1572,0.46,239.27
157100,3141,-0.08324,50,0.5025,0.007844,,73.406,1.296,0.12,11.35
157150,3142,-2.63236,50,0.5024,0.008276,,76.714,6.4656,0.56,272.94
157200,3143,-2.58213,50,0.5022,0.007325,,66.0,6.3803,0.42,264.07
157250,3144,-4.71785,50,0.502,0.007346,,80.473,9.8429,0.54,495.33
157300,3145,-2.27532,50,0.5019,0.00758,,64.1,5.3357,0.44,247.3
157350,3146,-2.5372,50,0.5017,0.007523,,72.42,5.1955,0.38,280.71
157400,3147,-3.17983,50,0.5016,0.007119,,69.473,7.0085,0.46,334.42
157450,3148,-2.35425,50,0.5014,0.008369,,66.737,5.8798,0.58,247.72
157500,3149,-0.64853,50,0.5012,0.008132,,75.146,3.3236,0.22,49.31
157550,3150,-0.62868,50,0.5011,0.007351,,73.327,2.4342,0.26,67.79
157600,3151,-6.24404,50,0.5009,0.007316,,71.637,11.4629,0.62,692.14
157650,3152,-2.15203,50,0.5008,0.007673,,75.496,6.4735,0.46,189.51
157700,3153,-1.23767,50,0.5006,0.007038,,70.012,4.3796,0.36,110.17
157750,3154,-1.97566,50,0.5005,0.007534,,73.57,5.7738,0.44,180.38
157800,3155,-5.26972,50,0.5003,0.00798,,73.516,10.0512,0.58,581.97
157850,3156,-1.80975,50,0.5001,0.007183,,71.183,4.666,0.42,189.19
157900,3157,-2.60548,50,0.5,0.00803,,72.48,5.682,0.42,286.51
157950,3158,-2.34593,50,0.4998,0.008474,,76.329,5.7865,0.38,247.13
158000,3159,-2.22397,50,0.4997,0.00786,,67.646,4.6765,0.38,256.53
158050,3160,-3.14308,50,0.4995,0.008451,,71.61,7.7808,0.58,318.07
158100,3161,-3.58709,50,0.4993,0.007661,,72.37,7.4432,0.52,389.97
158150,3162,-1.86214,50,0.4992,0.008189,,63.761,5.5756,0.36,173.6
158200,3163,-0.86915,50,0.499,0.008714,,73.708,3.6612,0.32,71.89
158250,3164,-3.81322,50,0.4989,0.007213,,66.517,8.0311,0.5,410.78
158300,3165,-0.43991,50,0.4987,0.009072,,69.972,1.884,0.18,52.2
158350,3166,-1.08394,50,0.4986,0.008544,,66.985,4.1312,0.36,95.93
158400,3167,-0.21866,50,0.4984,0.007841,,76.605,1.3125,0.2,30.92
158450,3168,-0.58099,50,0.4982,0.008577,,73.137,2.716,0.22,53.91
158500,3169,-0.75239,50,0.4981,0.007431,,71.592,3.4072,0.28,59.63
158550,3170,-1.58275,50,0.4979,0.006821,,69.945,4.1448,0.3,163.53
158600,3171,-1.39207,50,0.4978,0.008511,,67.581,3.2528,0.3,160.54
158650,3172,-2.65928,50,0.4976,0.007625,,75.856,6.5584,0.48,272.96
158700,3173,-0.59029,50,0.4974,0.008797,,68.16,1.9574,0.12,75.04
158750,3174,-0.65974,50,0.4973,0.007992,,76.848,2.9099,0.28,62.62
158800,3175,-4.13968,50,0.4971,0.010351,,74.234,7.5349,0.54,469.28
158850,3176,-2.66683,50,0.497,0.007618,,63.508,7.1915,0.66,257.69
158900,3177,-4.94354,50,0.4968,0.00801,,71.616,11.172,0.54,493.99
158950,3178,-1.11047,50,0.4967,0.007203,,61.0,3.6676,0.4,111.02
159000,3179,-3.01822,50,0.4965,0.007612,,65.0,6.1978,0.54,337.46
159050,3180,-3.40551,50,0.4963,0.00729,,70.42,7.3611,0.54,363.45
159100,3181,-2.19472,50,0.4962,0.007331,,77.421,6.0313,0.54,210.94
159150,3182,-3.38715,50,0.496,0.00706,,64.258,8.0511,0.7,347.95
159200,3183,-0.21054,50,0.4959,0.00771,,71.002,1.8536,0.12,18.3
159250,3184,-2.22256,50,0.4957,0.007024,,78.978,5.804,0.44,227.68
159300,3185,-1.87208,50,0.4956,0.008241,,65.97,5.2355,0.42,187.33
159350,3186,-6.10792,50,0.4954,0.007436,,75.0,12.4027,0.66,644.36
159400,3187,-2.856,50,0.4952,0.007285,,68.293,6.7502,0.46,299.21
159450,3188,-1.72334,50,0.4951,0.007967,,76.616,4.5597,0.34,180.56
159500,3189,-1.04703,50,0.4949,0.008804,,71.758,3.6523,0.32,101.07
159550,3190,-4.22332,50,0.4948,0.008951,,69.34,9.457,0.64,434.45
159600,3191,-1.85725,50,0.4946,0.008673,,76.768,4.7344,0.4,194.86
159650,3192,-2.76782,50,0.4944,0.007708,,71.328,5.4087,0.48,318.68
159700,3193,-0.67921,50,0.4943,0.008291,,67.815,2.6446,0.24,74.49
159750,3194,-0.25209,50,0.4941,0.006676,,62.431,1.5356,0.12,32.68
159800,3195,-4.50617,50,0.494,0.009431,,74.0,8.5742,0.52,502.86
159850,3196,-0.64105,50,0.4938,0.008369,,69.519,2.9879,0.26,57.94
159900,3197,-1.01018,50,0.4937,0.008996,,70.496,3.6214,0.24,97.43
159950,3198,-2.54611,50,0.4935,0.007579,,60.345,6.9017,0.62,244.0
160000,3199,-1.89828,50,0.4933,0.009476,,60.458,5.6179,0.58,181.13
160050,3200,-2.45305,50,0.4932,0.007478,,68.772,6.1968,0.6,249.99
160100,3201,-1.35349,50,0.493,0.006551,,73.111,4.1143,0.4,128.29
160150,3202,-3.3274,50,0.4929,0.007357,,79.908,8.5395,0.56,325.12
160200,3203,-1.93107,50,0.4927,0.008093,,71.599,6.1645,0.5,165.0
160250,3204,-3.98516,50,0.4925,0.007874,,69.165,7.3021,0.48,453.17
160300,3205,-1.2298,50,0.4924,0.008162,,65.652,3.6923,0.32,127.4
160350,3206,-2.00151,50,0.4922,0.007856,,62.469,5.297,0.48,214.78
160400,3207,-1.28144,50,0.4921,0.008537,,75.049,4.192,0.36,118.2
160450,3208,-3.39877,50,0.4919,0.007666,,67.446,7.4032,0.56,365.04
160500,3209,-4.39698,50,0.4918,0.007973,,70.955,9.4244,0.52,459.11
160550,3210,-1.57509,50,0.4916,0.008744,,64.81,3.9666,0.36,178.01
160600,3211,-4.38981,50,0.4914,0.008503,,71.482,9.9894,0.72,446.23
160650,3212,-2.00665,50,0.4913,0.007669,,67.5,4.4614,0.46,225.68
160700,3213,-1.08377,50,0.4911,0.007295,,64.538,3.6345,0.42,109.39
160750,3214,-1.63879,50,0.491,0.00776,,75.526,3.6929,0.28,188.51
160800,3215,-1.17954,50,0.4908,0.007068,,65.281,4.0711,0.48,118.36
160850,3216,-0.70162,50,0.4906,0.007817,,71.736,2.9319,0.3,64.85
160900,3217,-2.84885,50,0.4905,0.008007,,72.07,6.9421,0.54,289.2
160950,3218,-3.75695,50,0.4903,0.007589,,84.521,7.7859,0.44,394.44
161000,3219,-2.91965,50,0.4902,0.006851,,68.687,6.3314,0.44,321.08
161050,3220,-2.99637,50,0.49,0.007841,,81.93,5.6643,0.38,337.38
161100,3221,-0.06197,50,0.4899,0.008057,,74.382,1.4002,0.12,11.49
161150,3222,-0.3421,50,0.4897,0.007911,,67.26,1.7119,0.12,48.36
161200,3223,-0.38317,50,0.4895,0.007178,,77.754,1.9212,0.2,44.64
161250,3224,-2.32906,50,0.4894,0.007548,,65.251,5.8303,0.44,246.89
161300,3225,-1.78916,50,0.4892,0.007575,,69.815,5.041,0.48,175.71
161350,3226,-3.53079,50,0.4891,0.007656,,66.721,8.2185,0.6,357.89
161400,3227,-4.19253,50,0.4889,0.008869,,76.578,7.7391,0.54,474.95
161450,3228,-1.15605,50,0.4887,0.007163,,68.276,4.2896,0.48,105.22
161500,3229,-0.01807,50,0.4886,0.006617,,67.52,1.3073,0.04,4.9
161550,3230,-6.27052,50,0.4884,0.006926,,73.344,10.4773,0.7,718.05
161600,3231,-5.63643,50,0.4883,0.007634,,75.792,12.8995,0.64,558.38
161650,3232,-3.31161,50,0.4881,0.007782,,65.201,7.7307,0.52,338.57
161700,3233,-1.4526,50,0.4879,0.008555,,69.151,4.5581,0.32,139.3
161750,3234,0.13873,50,0.4878,0.00837,,75.645,0.4319,0.04,2.97
161800,3235,-2.87444,50,0.4876,0.00751,,68.75,5.7173,0.52,331.0
161850,3236,-0.51938,50,0.4875,0.007499,,66.436,2.7663,0.26,44.33
161900,3237,-3.25985,50,0.4873,0.007946,,66.924,8.3979,0.6,317.03
161950,3238,-1.08984,50,0.4872,0.009012,,73.699,3.2019,0.28,119.59
162000,3239,-6.54566,50,0.487,0.008124,,72.531,10.6444,0.62,757.37
162050,3240,-4.67738,50,0.4868,0.00722,,70.0,10.4283,0.66,477.7
162100,3241,-2.16213,50,0.4867,0.008376,,79.391,5.4036,0.36,222.85
162150,3242,-3.97276,50,0.4865,0.007767,,73.815,8.8736,0.58,414.53
162200,3243,-1.1754,50,0.4864,0.007758,,73.024,3.7025,0.38,114.9
162250,3244,-0.74009,50,0.4862,0.007204,,63.311,2.9088,0.32,75.06
162300,3245,-1.87288,50,0.486,0.007954,,70.411,5.0683,0.44,182.55
162350,3246,-2.38627,50,0.4859,0.007085,,76.596,6.6725,0.5,216.72
162400,3247,-2.59336,50,0.4857,0.007991,,71.287,6.8387,0.6,248.52
162450,3248,-2.5516,50,0.4856,0.009704,,68.572,5.3999,0.44,285.93
162500,3249,-3.64307,50,0.4854,0.008038,,69.487,5.6968,0.42,444.95
162550,3250,0.06751,50,0.4853,0.007424,,67.752,0.7614,0.06,3.99
162600,3251,-1.7646,50,0.4851,0.008547,,60.8,5.4914,0.48,166.52
162650,3252,-5.03824,50,0.4849,0.007339,,75.553,8.3393,0.54,588.26
162700,3253,-3.88293,50,0.4848,0.007535,,70.412,8.7594,0.58,402.46
162750,3254,-0.1226,50,0.4846,0.008249,,73.797,1.2598,0.12,20.32
162800,3255,-0.33093,50,0.4845,0.007669,,77.781,2.0158,0.14,35.89
162850,3256,-2.17943,50,0.4843,0.007044,,69.58,5.7574,0.46,223.13
162900,3257,-2.07866,50,0.4841,0.008847,,73.161,5.6649,0.46,208.24
162950,3258,-1.88901,50,0.484,0.008162,,74.407,5.0356,0.48,193.46
163000,3259,-2.74403,50,0.4838,0.008362,,66.622,6.7727,0.5,281.61
163050,3260,-2.25637,50,0.4837,0.008046,,65.794,5.8314,0.56,228.5
163100,3261,-2.41122,50,0.4835,0.007452,,67.0,6.4181,0.54,241.1
163150,3262,-2.81577,50,0.4834,0.007865,,68.0,5.8707,0.52,320.94
163200,3263,-1.41764,50,0.4832,0.008116,,70.557,4.1237,0.36,156.78
163250,3264,-1.00365,50,0.483,0.007927,,66.657,2.8393,0.3,116.13
163300,3265,-1.69355,50,0.4829,0.007702,,67.842,3.8546,0.3,199.43
163350,3266,-1.72036,50,0.4827,0.008366,,67.717,4.5013,0.32,174.96
163400,3267,-1.30674,50,0.4826,0.007436,,69.776,4.9843,0.4,105.58
163450,3268,-1.58273,50,0.4824,0.007549,,68.162,4.7537,0.36,148.06
163500,3269,-3.00729,50,0.4822,0.007858,,68.677,7.033,0.48,315.84
163550,3270,-3.76318,50,0.4821,0.008808,,73.748,7.6651,0.5,399.55
163600,3271,-3.60283,50,0.4819,0.007458,,62.727,7.1402,0.58,406.23
163650,3272,-2.34989,50,0.4818,0.008243,,63.119,5.9766,0.54,239.56
163700,3273,-8.27712,50,0.4816,0.00889,,68.118,13.2828,0.7,955.33
163750,3274,-3.97323,50,0.4815,0.008774,,65.532,8.5582,0.6,423.22
163800,3275,-1.36612,50,0.4813,0.007526,,74.416,4.3544,0.36,125.43
163850,3276,-2.46531,50,0.4811,0.007414,,78.717,6.3069,0.42,243.08
163900,3277,-2.32335,50,0.481,0.008461,,67.853,6.1319,0.5,235.13
163950,3278,-1.54988,50,0.4808,0.007929,,75.768,4.0308,0.32,172.6
164000,3279,-3.08287,50,0.4807,0.007099,,68.75,6.6181,0.58,337.04
164050,3280,-0.23227,50,0.4805,0.008829,,63.89,1.8341,0.14,30.92
164100,3281,-6.09998,50,0.4803,0.008084,,74.272,10.8592,0.64,684.54
164150,3282,-0.60548,50,0.4802,0.007548,,75.811,2.7201,0.3,56.78
164200,3283,-1.70873,50,0.48,0.007682,,68.707,4.2335,0.44,183.76
164250,3284,-0.34759,50,0.4799,0.007947,,71.275,1.68,0.16,42.41
164300,3285,-1.35102,50,0.4797,0.007245,,70.244,4.1058,0.42,147.93
164350,3286,-3.42016,50,0.4796,0.008039,,68.766,8.1046,0.52,345.87
164400,3287,-4.25572,50,0.4794,0.008174,,75.06,7.6361,0.56,490.06
164450,3288,-0.73105,50,0.4792,0.008926,,62.619,2.8998,0.38,76.61
164500,3289,-1.51158,50,0.4791,0.007743,,68.712,3.8663,0.32,166.05
164550,3290,-1.37839,50,0.4789,0.008842,,69.027,4.5905,0.42,125.43
164600,3291,-1.07958,50,0.4788,0.008101,,69.32,3.6525,0.32,103.07
164650,3292,-2.68729,50,0.4786,0.007658,,77.168,7.6543,0.56,239.48
164700,3293,-2.40122,50,0.4784,0.00774,,76.819,5.3215,0.42,259.99
164750,3294,-1.20757,50,0.4783,0.008968,,68.173,3.8197,0.32,122.04
164800,3295,-1.44292,50,0.4781,0.007163,,74.409,4.8854,0.46,124.9
164850,3296,-3.14294,50,0.478,0.007367,,70.465,7.5583,0.58,310.59
164900,3297,-1.15649,50,0.4778,0.007971,,74.43,4.2429,0.46,102.38
164950,3298,-3.44152,50,0.4777,0.008016,,73.156,7.7122,0.56,365.7
165000,3299,-0.8748,50,0.4775,0.008165,,71.181,3.3903,0.32,78.39
165050,3300,-1.36286,50,0.4773,0.008381,,71.644,3.4744,0.36,159.58
165100,3301,-0.57167,50,0.4772,0.007871,,63.251,1.9044,0.18,67.93
165150,3302,-1.92186,50,0.477,0.008163,,71.41,5.6564,0.54,180.58
165200,3303,-0.81703,50,0.4769,0.007906,,72.654,3.0933,0.28,74.91
165250,3304,-3.0252,50,0.4767,0.008775,,69.813,7.136,0.48,308.64
165300,3305,-1.03541,50,0.4766,0.00798,,63.496,3.4174,0.34,107.63
165350,3306,-1.95581,50,0.4764,0.007889,,74.628,5.4476,0.38,191.49
165400,3307,-0.73792,50,0.4762,0.008116,,70.718,2.7652,0.32,71.71
165450,3308,-1.82671,50,0.4761,0.007486,,66.639,5.6976,0.52,163.94
165500,3309,-0.5922,50,0.4759,0.008604,,67.164,2.2819,0.22,68.76
165550,3310,-1.55952,50,0.4758,0.00816,,65.263,4.3813,0.44,169.66
165600,3311,-2.67147,50,0.4756,0.007889,,66.171,6.3234,0.5,286.98
165650,3312,-0.21146,50,0.4754,0.008871,,60.919,1.3808,0.14,35.06
165700,3313,-1.5347,50,0.4753,0.007785,,63.882,4.2454,0.4,164.78
165750,3314,-4.10463,50,0.4751,0.007441,,68.118,8.4496,0.52,449.58
165800,3315,-4.42625,50,0.475,0.009333,,68.147,7.7117,0.58,514.0
165850,3316,-1.25854,50,0.4748,0.008499,,60.554,3.8031,0.36,137.66
165900,3317,-0.28809,50,0.4747,0.008259,,85.394,1.9827,0.12,20.52
165950,3318,-2.71227,50,0.4745,0.00829,,78.603,7.1468,0.5,260.51
166000,3319,-2.90446,50,0.4743,0.008838,,67.272,7.4755,0.48,284.26
166050,3320,-2.99183,50,0.4742,0.007158,,69.459,6.2409,0.52,331.79
166100,3321,-1.22068,50,0.474,0.008775,,70.01,3.6537,0.28,127.54
166150,3322,-5.01288,50,0.4739,0.008039,,71.25,10.3939,0.62,528.03
166200,3323,-3.61891,50,0.4737,0.007739,,73.111,8.1524,0.56,368.74
166250,3324,-2.3928,50,0.4735,0.008526,,63.036,5.1185,0.4,269.46
166300,3325,-4.2058,50,0.4734,0.007919,,69.072,8.0352,0.56,471.9
166350,3326,-2.3736,50,0.4732,0.008346,,65.004,5.1767,0.5,267.31
166400,3327,-0.23333,50,0.4731,0.008301,,60.371,2.0695,0.2,27.01
166450,3328,-2.26154,50,0.4729,0.007781,,66.421,5.5191,0.48,235.23
166500,3329,-4.30311,50,0.4728,0.008135,,68.529,7.9369,0.58,486.78
166550,3330,-2.5924,50,0.4726,0.007939,,63.872,5.7258,0.42,279.8
166600,3331,-0.75261,50,0.4724,0.006932,,74.696,3.1772,0.22,71.78
166650,3332,-3.55237,50,0.4723,0.008134,,74.268,9.3503,0.66,335.25
166700,3333,-3.32938,50,0.4721,0.0073,,68.313,8.0582,0.54,329.52
166750,3334,-3.3247,50,0.472,0.008241,,67.739,8.1513,0.52,325.15
166800,3335,-0.69211,50,0.4718,0.008119,,64.546,2.7,0.26,81.23
166850,3336,-2.36091,50,0.4716,0.007799,,74.376,6.0344,0.5,238.66
166900,3337,-1.02955,50,0.4715,0.008347,,67.758,3.5713,0.28,97.07
166950,3338,-0.15195,50,0.4713,0.007012,,62.296,1.2865,0.14,25.77
167000,3339,-4.09185,50,0.4712,0.007858,,75.859,9.3515,0.6,411.78
167050,3340,-2.16196,50,0.471,0.00797,,73.75,5.8645,0.46,216.28
167100,3341,-0.73641,50,0.4708,0.007594,,71.15,2.9392,0.26,78.88
167150,3342,-1.58332,50,0.4707,0.008117,,63.493,4.9789,0.44,152.02
167200,3343,-1.51493,50,0.4705,0.007661,,67.44,4.156,0.4,155.26
167250,3344,-1.66878,50,0.4704,0.009813,,77.477,4.3616,0.34,175.89
167300,3345,-0.73177,50,0.4702,0.00766,,69.821,3.2269,0.4,63.68
167350,3346,-4.20892,50,0.4701,0.00774,,75.643,8.6546,0.6,458.08
167400,3347,-4.67778,50,0.4699,0.008629,,75.429,9.0639,0.58,512.42
167450,3348,-1.29814,50,0.4697,0.008464,,65.353,4.2226,0.42,130.62
167500,3349,-1.63189,50,0.4696,0.007039,,75.957,4.6257,0.4,164.11
167550,3350,-2.59591,50,0.4694,0.009732,,65.741,6.0246,0.64,281.54
167600,3351,-4.36863,50,0.4693,0.009214,,67.248,8.7175,0.66,476.84
167650,3352,-1.08799,50,0.4691,0.008003,,71.846,3.2859,0.22,115.27
167700,3353,-0.61329,50,0.4689,0.00849,,69.617,3.2385,0.2,48.01
167750,3354,0.0495,50,0.4688,0.008652,,81.276,0.6101,0.06,2.36
167800,3355,-1.35812,50,0.4686,0.008596,,68.223,4.1909,0.4,140.19
167850,3356,-1.26974,50,0.4685,0.008027,,64.477,3.9676,0.34,120.55
167900,3357,-1.12957,50,0.4683,0.008498,,72.707,3.0723,0.24,124.08
167950,3358,-0.5889,50,0.4682,0.009111,,65.708,2.986,0.32,50.41
168000,3359,-0.39947,50,0.468,0.008397,,80.504,2.245,0.16,34.02
168050,3360,-4.61373,50,0.4678,0.00901,,61.982,7.2983,0.58,553.52
168100,3361,-1.52335,50,0.4677,0.008392,,71.545,4.9238,0.44,133.63
168150,3362,-2.44517,50,0.4675,0.008435,,75.987,6.9373,0.48,226.36
168200,3363,-2.22543,50,0.4674,0.009119,,80.901,4.6617,0.32,255.48
168250,3364,-2.76144,50,0.4672,0.008404,,67.933,6.231,0.48,305.08
168300,3365,-2.98036,50,0.467,0.008709,,66.031,5.3603,0.54,353.47
168350,3366,-2.66785,50,0.4669,0.009691,,68.753,6.3348,0.54,286.95
168400,3367,-3.76086,50,0.4667,0.007522,,63.218,9.4574,0.68,359.84
168450,3368,-2.43761,50,0.4666,0.007942,,73.847,4.9974,0.36,274.78
168500,3369,-1.32216,50,0.4664,0.008247,,65.362,3.8519,0.24,144.62
168550,3370,-2.65407,50,0.4663,0.009772,,77.91,5.8395,0.42,289.59
168600,3371,-3.93572,50,0.4661,0.008513,,66.257,8.1645,0.6,429.87
168650,3372,-5.27732,50,0.4659,0.008217,,73.064,11.7841,0.72,534.34
168700,3373,-1.07754,50,0.4658,0.008218,,65.5,3.8972,0.3,99.48
168750,3374,-1.27922,50,0.4656,0.008287,,74.922,3.5556,0.34,133.19
168800,3375,-2.67667,50,0.4655,0.008638,,67.249,6.552,0.6,277.57
168850,3376,-3.31679,50,0.4653,0.00802,,67.126,7.8274,0.58,336.67
168900,3377,-1.26443,50,0.4652,0.007829,,68.713,3.4995,0.36,137.6
168950,3378,-3.02064,50,0.465,0.00719,,63.2,6.8361,0.52,317.98
169000,3379,-1.07196,50,0.4648,0.008167,,68.968,3.6514,0.36,110.94
169050,3380,-0.86348,50,0.4647,0.007988,,73.61,2.4737,0.28,103.29
169100,3381,-1.67348,50,0.4645,0.007731,,70.784,4.7787,0.44,161.06
169150,3382,-0.16754,50,0.4644,0.009471,,69.745,1.6402,0.22,18.54
169200,3383,-2.42363,50,0.4642,0.008441,,65.884,5.2357,0.48,272.87
169250,3384,-0.01073,50,0.464,0.008508,,70.925,0.7772,0.12,9.5
169300,3385,-0.57338,50,0.4639,0.008065,,67.51,2.8331,0.34,44.03
169350,3386,-2.73355,50,0.4637,0.007646,,81.25,7.11,0.48,262.18
169400,3387,-3.23372,50,0.4636,0.008273,,70.317,7.9726,0.54,317.19
169450,3388,-5.68743,50,0.4634,0.007886,,72.019,12.4962,0.76,583.95
169500,3389,-2.59752,50,0.4633,0.007788,,63.105,6.1749,0.48,278.49
169550,3390,-0.51179,50,0.4631,0.007803,,78.025,1.737,0.22,61.76
169600,3391,-0.63503,50,0.4629,0.008166,,67.968,2.5217,0.32,73.79
169650,3392,-4.53158,50,0.4628,0.008952,,69.09,9.2625,0.58,480.11
169700,3393,-2.04873,50,0.4626,0.008229,,74.033,5.6353,0.46,197.92
169750,3394,-2.22456,50,0.4625,0.008281,,65.019,5.1068,0.4,249.19
169800,3395,-3.19699,50,0.4623,0.007571,,70.9,7.1112,0.52,341.48
169850,3396,-4.37764,50,0.4621,0.008159,,71.517,8.0272,0.44,500.54
169900,3397,-6.39592,50,0.462,0.008759,,67.742,12.1987,0.74,698.77
169950,3398,-4.34968,50,0.4618,0.007512,,69.614,9.7712,0.66,447.45
170000,3399,-2.00613,50,0.4617,0.009113,,66.084,4.8684,0.5,218.06
170050,3400,-0.67511,50,0.4615,0.008064,,59.207,2.9197,0.34,63.78
170100,3401,-1.64311,50,0.4614,0.008935,,79.975,4.5049,0.36,174.84
170150,3402,-3.27691,50,0.4612,0.009191,,70.0,7.8328,0.6,335.16
170200,3403,-1.23469,50,0.461,0.00831,,69.468,4.6153,0.38,104.37
170250,3404,-3.5121,50,0.4609,0.007547,,70.055,8.1716,0.62,359.07
170300,3405,-1.07817,50,0.4607,0.011166,,66.549,3.4384,0.28,112.17
170350,3406,-2.46329,50,0.4606,0.007484,,73.98,5.5537,0.48,272.0
170400,3407,-2.72679,50,0.4604,0.008114,,59.097,5.8548,0.44,304.56
170450,3408,-0.96018,50,0.4602,0.008906,,65.935,3.6588,0.42,90.86
170500,3409,-0.80872,50,0.4601,0.008434,,67.216,3.4352,0.36,67.86
170550,3410,-5.1161,50,0.4599,0.008476,,68.738,10.6644,0.66,533.92
170600,3411,-1.3752,50,0.4598,0.007843,,68.43,4.5356,0.4,125.37
170650,3412,-0.54503,50,0.4596,0.008966,,76.683,2.4184,0.22,52.83
170700,3413,-4.46904,50,0.4595,0.007747,,73.237,10.6913,0.64,435.46
170750,3414,-3.69066,50,0.4593,0.008674,,69.789,7.9022,0.54,389.62
170800,3415,-2.06743,50,0.4591,0.008286,,68.524,6.6003,0.5,182.86
170850,3416,-3.03057,50,0.459,0.008261,,77.41,6.4522,0.5,331.09
170900,3417,-0.77206,50,0.4588,0.008294,,72.52,3.4779,0.26,67.51
170950,3418,-0.96774,50,0.4587,0.00808,,78.414,2.9477,0.26,98.84
171000,3419,-0.19551,50,0.4585,0.009312,,66.052,1.7658,0.18,25.07
171050,3420,-3.5088,50,0.4583,0.008896,,71.245,7.5905,0.54,369.11
171100,3421,-2.75359,50,0.4582,0.008434,,71.259,7.178,0.64,263.97
171150,3422,-1.42594,50,0.458,0.008308,,70.761,3.856,0.32,153.15
171200,3423,-6.10978,50,0.4579,0.008345,,68.806,11.693,0.72,664.17
171250,3424,-4.22519,50,0.4577,0.008586,,70.306,8.5909,0.66,452.73
171300,3425,-2.88085,50,0.4576,0.007801,,64.687,7.0498,0.58,293.89
171350,3426,-0.24624,50,0.4574,0.007819,,68.942,1.1542,0.14,36.07
171400,3427,-4.53796,50,0.4572,0.00895,,77.42,9.3908,0.52,480.48
171450,3428,0.11067,50,0.4571,0.008505,,60.426,0.7868,0.14,6.83
171500,3429,-4.94571,50,0.4569,0.007754,,70.952,10.558,0.72,511.43
171550,3430,-1.08873,50,0.4568,0.007644,,66.223,4.2236,0.38,95.33
171600,3431,-1.70992,50,0.4566,0.007412,,67.184,4.5862,0.5,170.73
171650,3432,-0.24119,50,0.4564,0.008925,,77.547,1.5869,0.08,22.92
171700,3433,-4.94092,50,0.4563,0.008451,,70.325,8.599,0.52,570.37
171750,3434,-0.09983,50,0.4561,0.008004,,69.24,1.3471,0.16,20.56
171800,3435,-1.57306,50,0.456,0.008116,,66.742,4.6467,0.36,154.09
171850,3436,-6.08416,50,0.4558,0.00841,,84.215,10.592,0.64,683.3
171900,3437,-1.24402,50,0.4557,0.00747,,76.527,4.0135,0.42,126.01
171950,3438,-3.6455,50,0.4555,0.008627,,65.407,7.3709,0.68,410.95
172000,3439,-0.86466,50,0.4553,0.007848,,75.713,3.4678,0.3,75.06
172050,3440,-0.48665,50,0.4552,0.008403,,68.936,2.5177,0.24,53.06
172100,3441,-3.72263,50,0.455,0.007502,,64.663,6.6978,0.62,429.81
172150,3442,-0.79439,50,0.4549,0.008499,,67.769,3.5191,0.32,72.07
172200,3443,-2.85836,50,0.4547,0.008012,,66.487,6.8165,0.62,299.08
172250,3444,-0.85634,50,0.4545,0.007659,,65.003,2.6893,0.36,95.42
172300,3445,-1.37481,50,0.4544,0.008474,,76.542,4.1751,0.28,132.39
172350,3446,-2.41966,50,0.4542,0.007356,,63.173,6.4604,0.54,232.73
172400,3447,-0.68423,50,0.4541,0.008476,,73.164,3.3641,0.28,61.34
172450,3448,-1.47005,50,0.4539,0.007815,,67.092,4.2235,0.32,149.22
172500,3449,-0.2036,50,0.4538,0.008813,,69.175,1.3546,0.2,33.39
172550,3450,-2.49407,50,0.4536,0.007925,,65.045,6.2619,0.46,258.25
172600,3451,-3.98906,50,0.4534,0.008231,,73.717,10.1224,0.56,377.84
172650,3452,-0.13197,50,0.4533,0.007877,,71.981,1.1126,0.12,21.38
172700,3453,-5.12814,50,0.4531,0.00844,,70.257,9.1491,0.52,585.9
172750,3454,-1.10851,50,0.453,0.009393,,70.424,4.3302,0.38,89.9
172800,3455,-1.54706,50,0.4528,0.007988,,69.272,4.7583,0.4,151.19
172850,3456,-0.55373,50,0.4526,0.009746,,76.936,2.8373,0.28,46.07
172900,3457,-1.40534,50,0.4525,0.008838,,66.353,3.9329,0.4,156.57
172950,3458,-1.28503,50,0.4523,0.0086,,74.29,4.6875,0.4,112.61
173000,3459,-2.15199,50,0.4522,0.008154,,66.284,5.0921,0.44,233.36
173050,3460,-3.43031,50,0.452,0.007795,,65.777,8.1636,0.6,341.14
173100,3461,-5.2474,50,0.4519,0.0088,,80.504,9.5721,0.6,581.1
173150,3462,-0.29006,50,0.4517,0.008459,,68.949,2.3527,0.2,18.93
173200,3463,-1.64519,50,0.4515,0.009456,,73.479,3.9944,0.34,181.11
173250,3464,-0.83878,50,0.4514,0.008671,,70.791,3.6347,0.36,72.03
173300,3465,-1.182,50,0.4512,0.009504,,69.259,3.4547,0.4,126.17
173350,3466,-0.47783,50,0.4511,0.007764,,59.468,2.177,0.24,52.77
173400,3467,-7.27958,50,0.4509,0.007968,,69.269,12.7402,0.68,813.14
173450,3468,-3.61276,50,0.4507,0.00845,,64.544,7.0388,0.64,404.72
173500,3469,-1.56808,50,0.4506,0.008414,,66.25,4.7132,0.34,149.4
173550,3470,-5.51639,50,0.4504,0.008949,,71.513,11.4865,0.76,575.34
173600,3471,-2.08791,50,0.4503,0.007762,,66.554,5.1194,0.44,224.79
173650,3472,-1.88562,50,0.4501,0.009322,,68.767,4.0797,0.36,217.1
173700,3473,-4.88952,50,0.45,0.008114,,74.226,10.101,0.64,511.01
173750,3474,-0.21857,50,0.4498,0.00834,,72.99,1.701,0.2,18.9
173800,3475,-2.82172,50,0.4496,0.008424,,64.607,6.5518,0.56,297.39
173850,3476,-1.72872,50,0.4495,0.00809,,63.662,4.6631,0.54,181.92
173900,3477,-0.4742,50,0.4493,0.007863,,66.057,2.4597,0.3,41.26
173950,3478,-0.82148,50,0.4492,0.008287,,64.851,3.3116,0.36,78.98
174000,3479,-0.66129,50,0.449,0.009029,,66.106,3.6184,0.3,47.27
174050,3480,-2.98895,50,0.4488,0.008366,,65.166,7.9795,0.68,284.35
174100,3481,-1.39508,50,0.4487,0.00808,,71.36,3.7897,0.36,149.68
174150,3482,-3.82118,50,0.4485,0.008447,,69.324,7.3115,0.52,430.31
174200,3483,-1.02953,50,0.4484,0.008792,,68.814,3.5688,0.38,98.28
174250,3484,-2.61335,50,0.4482,0.008088,,66.25,6.3699,0.56,269.99
174300,3485,-1.3807,50,0.4481,0.007636,,70.166,5.0845,0.48,107.12
174350,3486,-1.35764,50,0.4479,0.00883,,69.628,4.9586,0.42,109.61
174400,3487,-1.14981,50,0.4477,0.007644,,65.127,4.1265,0.48,108.82
174450,3488,-0.40935,50,0.4476,0.008651,,76.232,2.7095,0.14,29.33
174500,3489,-1.80047,50,0.4474,0.008042,,64.214,5.5816,0.44,172.59
174550,3490,-4.15961,50,0.4473,0.008644,,70.482,9.0798,0.54,432.43
174600,3491,-0.46739,50,0.4471,0.00781,,76.722,2.5022,0.26,36.64
174650,3492,-0.62374,50,0.4469,0.007652,,69.995,2.9754,0.26,52.16
174700,3493,-0.60921,50,0.4468,0.007784,,73.915,2.0879,0.2,69.01
174750,3494,-1.9595,50,0.4466,0.008649,,74.702,5.8415,0.44,175.37
174800,3495,-1.00318,50,0.4465,0.008386,,75.521,3.2738,0.28,104.58
174850,3496,-5.06715,50,0.4463,0.008955,,68.838,9.9987,0.64,544.5
174900,3497,-2.175,50,0.4462,0.00762,,69.243,5.7197,0.36,221.64
174950,3498,-3.54322,50,0.446,0.006888,,75.74,8.3307,0.58,363.09
175000,3499,-0.42086,50,0.4458,0.007955,,74.456,2.4001,0.22,42.17
175050,3500,-0.38036,50,0.4457,0.007576,,64.119,2.4249,0.22,36.24
175100,3501,-2.73959,50,0.4455,0.008467,,64.527,6.7606,0.62,278.63
175150,3502,-0.64199,50,0.4454,0.007619,,62.141,2.9312,0.28,59.09
175200,3503,-3.28741,50,0.4452,0.008171,,71.25,8.0165,0.52,324.84
175250,3504,-0.47532,50,0.445,0.00794,,68.704,2.4382,0.18,49.91
175300,3505,-2.12397,50,0.4449,0.007597,,66.477,6.0366,0.48,207.82
175350,3506,-1.09117,50,0.4447,0.00828,,66.62,3.6004,0.3,109.83
175400,3507,-5.50551,50,0.4446,0.008268,,77.753,10.336,0.6,598.75
175450,3508,-2.6132,50,0.4444,0.007674,,70.236,6.7242,0.56,258.05
175500,3509,-1.75162,50,0.4443,0.008127,,67.929,4.8097,0.4,185.77
175550,3510,-0.55196,50,0.4441,0.008324,,68.688,2.7092,0.38,49.83
175600,3511,-2.36121,50,0.4439,0.00784,,68.264,5.2857,0.44,256.15
175650,3512,-0.67675,50,0.4438,0.008038,,72.341,2.1842,0.24,81.96
175700,3513,-2.83658,50,0.4436,0.008132,,70.795,6.9193,0.52,289.78
175750,3514,-0.70297,50,0.4435,0.008139,,71.86,2.4653,0.22,78.11
175800,3515,-6.71045,50,0.4433,0.007827,,71.938,10.5146,0.64,789.58
175850,3516,-1.52017,50,0.4431,0.008137,,65.277,4.6617,0.46,147.81
175900,3517,-2.94345,50,0.443,0.008382,,69.521,7.5538,0.52,289.27
175950,3518,-2.97898,50,0.4428,0.007825,,66.484,7.8607,0.54,278.74
176000,3519,-1.45322,50,0.4427,0.007464,,70.963,3.8595,0.4,163.32
176050,3520,-1.7917,50,0.4425,0.007486,,61.956,4.8268,0.44,186.84
176100,3521,-0.6405,50,0.4424,0.007214,,62.773,3.182,0.3,54.86
176150,3522,-3.40501,50,0.4422,0.007942,,69.166,7.3234,0.58,373.57
176200,3523,-0.2839,50,0.442,0.00834,,67.434,1.9639,0.2,30.19
176250,3524,-0.13187,50,0.4419,0.007371,,71.08,1.8376,0.12,10.43
176300,3525,-5.50872,50,0.4417,0.008335,,76.039,11.2457,0.72,584.84
176350,3526,-4.37606,50,0.4416,0.008605,,70.962,8.4298,0.66,492.4
176400,3527,-0.92557,50,0.4414,0.007861,,62.068,3.2862,0.3,92.79
176450,3528,-4.9326,50,0.4412,0.007533,,73.047,9.9295,0.68,526.8
176500,3529,-3.24905,50,0.4411,0.009282,,68.785,6.5179,0.54,365.29
176550,3530,-0.91792,50,0.4409,0.008721,,74.42,3.5732,0.24,86.08
176600,3531,-5.03649,50,0.4408,0.007107,,66.052,10.3592,0.62,533.8
176650,3532,-0.77731,50,0.4406,0.008076,,64.826,2.2216,0.22,100.51
176700,3533,-2.42582,50,0.4405,0.007818,,71.251,5.6171,0.52,262.79
176750,3534,-2.03008,50,0.4403,0.00735,,69.7,5.7456,0.48,190.57
176800,3535,-2.91984,50,0.4401,0.007214,,68.75,7.4548,0.48,291.8
176850,3536,-0.25228,50,0.44,0.008023,,70.191,1.6914,0.12,32.23
176900,3537,-4.04731,50,0.4398,0.008236,,70.299,9.2346,0.58,409.4
176950,3538,-1.1452,50,0.4397,0.007151,,62.442,3.6424,0.32,119.19
177000,3539,-2.7153,50,0.4395,0.008356,,70.367,6.6013,0.5,279.81
177050,3540,-0.81143,50,0.4393,0.00827,,62.313,3.0247,0.26,82.85
177100,3541,-0.35733,50,0.4392,0.007554,,68.385,1.973,0.18,30.87
177150,3542,-5.26775,50,0.439,0.007505,,75.2,11.8078,0.74,528.06
177200,3543,-2.26806,50,0.4389,0.007454,,59.058,5.9825,0.54,221.79
177250,3544,-0.32785,50,0.4387,0.007489,,61.649,1.6741,0.16,43.73
177300,3545,-1.09407,50,0.4386,0.008269,,71.211,3.6011,0.44,108.66
177350,3546,-0.52414,50,0.4384,0.007455,,64.846,2.1448,0.22,61.87
177400,3547,-3.45714,50,0.4382,0.007578,,71.436,8.8401,0.62,327.33
177450,3548,-0.85799,50,0.4381,0.008267,,72.959,3.2936,0.32,78.74
177500,3549,-3.4028,50,0.4379,0.007993,,71.0,8.4697,0.68,334.58
177550,3550,-2.26489,50,0.4378,0.008285,,69.0,5.8921,0.5,231.94
177600,3551,-0.90353,50,0.4376,0.008064,,76.323,3.4464,0.32,77.64
177650,3552,-6.04281,50,0.4374,0.008595,,77.309,12.0284,0.7,641.62
177700,3553,-0.28633,50,0.4373,0.007841,,76.95,2.06,0.22,33.58
177750,3554,-4.96607,50,0.4371,0.007566,,72.637,9.3684,0.58,544.4
177800,3555,-1.44376,50,0.437,0.008072,,64.856,4.113,0.44,151.23
177850,3556,-0.38023,50,0.4368,0.00931,,66.849,1.8653,0.22,47.21
177900,3557,-1.14366,50,0.4367,0.007654,,74.473,4.107,0.46,101.22
177950,3558,-2.18898,50,0.4365,0.008228,,64.587,5.5075,0.42,222.64
178000,3559,-0.98898,50,0.4363,0.009216,,60.013,3.7627,0.36,89.69
178050,3560,-2.48065,50,0.4362,0.006929,,69.225,5.4284,0.46,275.34
178100,3561,-0.76239,50,0.436,0.007659,,74.561,3.3167,0.22,56.35
178150,3562,-0.55954,50,0.4359,0.008453,,69.787,2.4474,0.28,57.16
178200,3563,-3.1704,50,0.4357,0.007349,,70.17,7.3245,0.62,320.78
178250,3564,-1.86966,50,0.4355,0.007388,,77.142,4.2515,0.28,216.83
178300,3565,-2.06139,50,0.4354,0.008294,,68.376,5.6366,0.5,204.73
178350,3566,-1.50211,50,0.4352,0.007956,,64.26,4.3659,0.46,159.74
178400,3567,-1.14958,50,0.4351,0.007827,,68.999,3.8393,0.38,117.75
178450,3568,-1.33016,50,0.4349,0.007542,,67.123,4.057,0.4,132.16
178500,3569,-1.45794,50,0.4348,0.007154,,73.473,4.1111,0.36,144.83
178550,3570,-3.37855,50,0.4346,0.007784,,67.456,7.6507,0.66,349.38
178600,3571,-1.39748,50,0.4344,0.006897,,66.13,4.3111,0.44,132.43
178650,3572,-3.27322,50,0.4343,0.008026,,63.898,6.1978,0.5,378.99
178700,3573,-0.50631,50,0.4341,0.008614,,73.943,2.3407,0.22,48.02
178750,3574,-2.76384,50,0.434,0.00738,,68.841,6.6126,0.48,290.69
178800,3575,-3.83667,50,0.4338,0.007648,,64.676,8.563,0.62,397.78
178850,3576,-1.68765,50,0.4336,0.007582,,74.197,4.9492,0.46,159.34
178900,3577,-1.02017,50,0.4335,0.007875,,63.962,3.4146,0.36,112.2
178950,3578,-2.01709,50,0.4333,0.007715,,61.549,5.1096,0.44,211.68
179000,3579,-2.39845,50,0.4332,0.007626,,70.09,6.1683,0.48,240.91
179050,3580,-3.15143,50,0.433,0.006911,,70.519,7.2203,0.52,328.42
179100,3581,-3.52321,50,0.4329,0.008363,,74.952,6.4577,0.52,410.33
179150,3582,-1.75554,50,0.4327,0.008038,,74.238,5.2089,0.42,169.97
179200,3583,-5.42949,50,0.4325,0.00914,,68.0,9.8047,0.6,615.02
179250,3584,-1.48538,50,0.4324,0.007828,,81.734,3.9987,0.32,157.84
179300,3585,-1.50956,50,0.4322,0.008576,,71.431,4.5947,0.38,145.87
179350,3586,-0.3771,50,0.4321,0.007446,,75.112,2.3891,0.14,35.57
179400,3587,-2.15845,50,0.4319,0.007076,,68.647,6.0413,0.48,210.85
179450,3588,-2.10821,50,0.4317,0.007148,,63.75,5.4262,0.56,217.51
179500,3589,-0.31365,50,0.4316,0.007455,,74.612,2.2652,0.24,31.56
179550,3590,-2.39203,50,0.4314,0.008485,,67.873,5.3286,0.46,267.52
179600,3591,-1.5997,50,0.4313,0.007184,,74.135,4.9389,0.42,148.39
179650,3592,-0.28337,50,0.4311,0.008174,,81.585,1.6083,0.1,35.64
179700,3593,-3.10724,50,0.431,0.007198,,72.683,6.6718,0.48,326.46
179750,3594,-1.11748,50,0.4308,0.00815,,73.096,3.9638,0.32,104.98
179800,3595,-0.96223,50,0.4306,0.008467,,65.928,3.7805,0.42,79.53
179850,3596,-2.91039,50,0.4305,0.007633,,73.0,7.8443,0.5,276.33
179900,3597,-0.17457,50,0.4303,0.008354,,74.505,1.6831,0.12,21.65
179950,3598,-0.77346,50,0.4302,0.007638,,64.309,3.0459,0.44,71.68
180000,3599,-4.75742,50,0.43,0.008823,,74.671,9.3861,0.64,520.83
180050,3600,-4.56881,50,0.4298,0.007653,,77.801,9.4224,0.54,485.27
180100,3601,-3.50286,50,0.4297,0.007308,,68.306,8.4283,0.66,344.96
180150,3602,-2.19327,50,0.4295,0.007489,,65.64,5.7249,0.48,229.28
180200,3603,-1.39627,50,0.4294,0.007828,,76.763,4.7204,0.38,122.3
180250,3604,-2.84965,50,0.4292,0.007492,,66.088,6.6845,0.58,297.92
180300,3605,-4.32281,50,0.4291,0.008156,,69.572,8.7067,0.56,472.34
180350,3606,-3.3854,50,0.4289,0.008331,,81.006,6.8063,0.54,371.44
180400,3607,-4.3527,50,0.4287,0.008921,,70.397,8.3075,0.6,479.72
180450,3608,-3.49731,50,0.4286,0.006738,,73.204,7.6161,0.6,377.26
180500,3609,-0.93673,50,0.4284,0.008574,,66.827,3.6997,0.38,88.61
180550,3610,-1.2939,50,0.4283,0.007214,,71.251,4.6354,0.38,121.99
180600,3611,-2.19406,50,0.4281,0.007668,,72.734,5.4534,0.44,228.89
180650,3612,-1.95385,50,0.4279,0.00716,,71.023,5.053,0.5,202.18
180700,3613,-2.62237,50,0.4278,0.00759,,61.0,6.9569,0.58,250.08
180750,3614,-0.21889,50,0.4276,0.008077,,72.622,1.5107,0.12,26.28
180800,3615,-3.19425,50,0.4275,0.007612,,68.666,7.8372,0.62,325.52
180850,3616,-3.85473,50,0.4273,0.006866,,69.446,8.2138,0.64,407.8
180900,3617,-3.77264,50,0.4272,0.007594,,64.958,6.8619,0.54,433.0
180950,3618,-1.3306,50,0.427,0.008619,,68.895,4.4738,0.5,126.58
181000,3619,-4.9093,50,0.4268,0.00877,,69.581,9.8185,0.66,533.44
181050,3620,-2.07748,50,0.4267,0.006885,,64.298,4.9788,0.36,221.87
181100,3621,-3.86185,50,0.4265,0.007733,,70.524,8.3785,0.58,410.69
181150,3622,-1.95471,50,0.4264,0.007877,,66.25,6.0829,0.46,177.76
181200,3623,-3.91517,50,0.4262,0.007516,,66.645,7.9368,0.58,426.95
181250,3624,-1.62198,50,0.426,0.007764,,67.212,4.8607,0.48,157.09
181300,3625,-2.32121,50,0.4259,0.007043,,64.384,5.3227,0.46,253.37
181350,3626,-2.33204,50,0.4257,0.008,,71.145,5.8669,0.46,246.33
181400,3627,-3.56775,50,0.4256,0.007239,,73.67,6.9534,0.44,408.09
181450,3628,0.00678,50,0.4254,0.009115,,76.369,0.7739,0.06,8.95
181500,3629,-4.69068,50,0.4253,0.007524,,66.416,10.2558,0.76,486.89
181550,3630,-2.01142,50,0.4251,0.006915,,65.256,4.7198,0.42,224.25
181600,3631,-5.32853,50,0.4249,0.007905,,69.23,10.0434,0.5,593.3
181650,3632,-0.219,50,0.4248,0.0079,,81.561,1.5775,0.18,26.52
181700,3633,-4.66004,50,0.4246,0.00783,,65.0,8.9099,0.64,519.29
181750,3634,-1.64788,50,0.4245,0.008862,,72.544,4.4372,0.4,177.47
181800,3635,-0.56925,50,0.4243,0.008218,,65.792,2.4966,0.34,55.04
181850,3636,-2.17764,50,0.4241,0.00912,,68.0,5.617,0.56,224.06
181900,3637,-0.6319,50,0.424,0.009289,,70.682,3.2173,0.28,53.39
181950,3638,-1.33362,50,0.4238,0.0069,,65.267,3.8047,0.3,138.08
182000,3639,-3.21085,50,0.4237,0.007782,,72.293,7.1069,0.52,337.65
182050,3640,-3.17676,50,0.4235,0.007289,,73.309,6.5496,0.54,352.15
182100,3641,-0.99646,50,0.4234,0.008572,,70.973,3.7053,0.32,98.79
182150,3642,-1.51393,50,0.4232,0.006583,,69.439,5.3865,0.48,126.7
182200,3643,-0.05028,50,0.423,0.006944,,81.556,1.1382,0.16,11.7
182250,3644,-2.77405,50,0.4229,0.006924,,67.118,6.8054,0.56,282.38
182300,3645,-3.60035,50,0.4227,0.006844,,70.656,7.4226,0.54,398.51
182350,3646,-1.99471,50,0.4226,0.007339,,75.032,5.0437,0.36,206.62
182400,3647,-3.01628,50,0.4224,0.007522,,65.559,7.9677,0.62,290.22
182450,3648,-2.40585,50,0.4222,0.007463,,71.053,4.9964,0.44,276.65
182500,3649,0.02063,50,0.4221,0.007734,,72.58,0.9964,0.08,11.05
182550,3650,-0.16439,50,0.4219,0.007713,,66.44,1.7657,0.14,21.26
182600,3651,-1.008,50,0.4218,0.006648,,64.746,3.7291,0.32,102.09
182650,3652,-0.63014,50,0.4216,0.007461,,72.811,3.0639,0.22,54.07
182700,3653,-4.25284,50,0.4214,0.007334,,75.737,8.8189,0.6,450.46
182750,3654,-0.24902,50,0.4213,0.007073,,69.271,1.9181,0.14,16.84
182800,3655,-0.71963,50,0.4211,0.007961,,70.818,2.9966,0.32,65.92
182850,3656,-1.15521,50,0.421,0.006921,,73.496,3.2874,0.32,117.27
182900,3657,-3.5027,50,0.4208,0.006585,,68.194,7.8457,0.58,363.49
182950,3658,-0.22214,50,0.4207,0.00836,,69.641,1.8538,0.2,23.7
183000,3659,-2.37587,50,0.4205,0.007012,,71.192,4.9917,0.38,270.25
183050,3660,0.01017,50,0.4203,0.007631,,65.729,1.0718,0.12,12.44
183100,3661,-1.75494,50,0.4202,0.007553,,68.56,4.773,0.46,185.57
183150,3662,-0.53697,50,0.42,0.00707,,65.088,2.8585,0.34,49.29
183200,3663,-1.86386,50,0.4199,0.00629,,67.845,5.1012,0.46,188.06
183250,3664,-2.27226,50,0.4197,0.007562,,64.193,4.3603,0.48,271.53
183300,3665,-0.11465,50,0.4196,0.00701,,62.584,1.3269,0.1,25.0
183350,3666,-2.58477,50,0.4194,0.007939,,65.198,5.8854,0.44,280.73
183400,3667,-3.20534,50,0.4192,0.00689,,75.583,7.5365,0.54,325.43
183450,3668,-1.52393,50,0.4191,0.007732,,68.185,4.2351,0.42,166.89
183500,3669,-1.62802,50,0.4189,0.00803,,70.261,4.8286,0.34,159.66
183550,3670,-2.31774,50,0.4188,0.0071,,70.36,5.9959,0.52,228.88
183600,3671,-0.11527,50,0.4186,0.007379,,68.238,1.2682,0.12,17.21
183650,3672,-1.98976,50,0.4184,0.007311,,68.91,5.2009,0.42,207.43
183700,3673,-2.98789,50,0.4183,0.007029,,70.209,7.1898,0.52,305.45
183750,3674,-3.26349,50,0.4181,0.007267,,73.055,7.7922,0.5,329.77
183800,3675,-4.6151,50,0.418,0.007701,,74.55,9.3926,0.62,490.57
183850,3676,-0.67874,50,0.4178,0.007641,,69.45,3.3069,0.28,52.55
183900,3677,-1.13294,50,0.4177,0.007291,,71.498,4.0874,0.38,101.12
183950,3678,-1.63692,50,0.4175,0.008157,,76.255,5.4878,0.42,138.37
184000,3679,-1.98981,50,0.4173,0.007011,,69.061,5.7772,0.5,194.39
184050,3680,-1.03048,50,0.4172,0.007574,,73.181,3.6263,0.26,107.03
184100,3681,-2.23135,50,0.417,0.00831,,72.558,5.7447,0.4,232.0
184150,3682,-5.82336,50,0.4169,0.007546,,76.219,11.5085,0.66,625.65
184200,3683,-0.92348,50,0.4167,0.009337,,71.308,3.2795,0.32,96.28
184250,3684,-2.53583,50,0.4165,0.007102,,69.227,6.5383,0.46,255.25
184300,3685,-3.69517,50,0.4164,0.007922,,71.856,8.0095,0.58,383.09
184350,3686,-0.65518,50,0.4162,0.008478,,70.747,3.2632,0.32,55.68
184400,3687,-1.36322,50,0.4161,0.006738,,65.711,3.7339,0.3,151.41
184450,3688,-2.8751,50,0.4159,0.008317,,60.757,7.3237,0.58,287.83
184500,3689,-4.04773,50,0.4158,0.008554,,68.019,8.557,0.56,432.54
184550,3690,-4.36401,50,0.4156,0.00726,,68.872,9.3982,0.68,454.19
184600,3691,-0.08555,50,0.4154,0.007081,,72.657,1.1208,0.1,24.06
184650,3692,-4.0817,50,0.4153,0.008238,,62.439,8.4738,0.56,440.12
184700,3693,-0.69603,50,0.4151,0.007681,,74.99,3.3494,0.32,61.98
184750,3694,-1.10619,50,0.415,0.00762,,70.955,3.5881,0.3,109.54
184800,3695,-5.04902,50,0.4148,0.008724,,70.361,10.5918,0.66,533.71
184850,3696,-0.27973,50,0.4146,0.008063,,61.906,1.9398,0.18,30.56
184900,3697,-4.21701,50,0.4145,0.007902,,64.464,8.4671,0.66,460.4
184950,3698,-4.36953,50,0.4143,0.008154,,75.665,7.3746,0.5,509.72
185000,3699,-0.15215,50,0.4142,0.008007,,70.66,1.3178,0.12,17.27
185050,3700,-1.87656,50,0.414,0.00712,,66.139,5.3884,0.44,188.13
185100,3701,-3.93486,50,0.4139,0.006735,,68.113,7.5669,0.52,436.34
185150,3702,-1.3451,50,0.4137,0.007583,,67.527,3.5671,0.32,154.17
185200,3703,-2.09733,50,0.4135,0.008124,,72.637,5.8783,0.44,200.66
185250,3704,-0.19511,50,0.4134,0.007944,,70.0,1.754,0.2,19.8
185300,3705,-4.08333,50,0.4132,0.007596,,66.847,7.8819,0.56,455.81
185350,3706,-2.2059,50,0.4131,0.007932,,71.545,6.1772,0.48,210.47
185400,3707,-0.70459,50,0.4129,0.007471,,73.298,2.8329,0.22,68.58
185450,3708,-1.18955,50,0.4127,0.008443,,70.585,3.7486,0.3,123.73
185500,3709,-1.22447,50,0.4126,0.007265,,69.778,3.4814,0.4,134.51
185550,3710,-2.8975,50,0.4124,0.007705,,68.24,7.0553,0.48,300.21
185600,3711,-1.0138,50,0.4123,0.007535,,58.924,3.8454,0.34,100.02
185650,3712,-0.53242,50,0.4121,0.007289,,63.544,1.9043,0.12,75.95
185700,3713,-4.79469,50,0.412,0.006853,,72.5,10.2759,0.66,500.01
185750,3714,-2.6495,50,0.4118,0.009329,,67.419,6.3969,0.54,283.24
185800,3715,-5.11357,50,0.4116,0.009317,,70.322,8.2929,0.52,601.29
185850,3716,-0.50701,50,0.4115,0.007976,,68.75,2.6567,0.34,46.66
185900,3717,-5.77717,50,0.4113,0.00769,,75.951,12.1713,0.8,599.76
185950,3718,-2.05467,50,0.4112,0.007318,,76.447,4.8461,0.4,219.3
186000,3719,-3.45237,50,0.411,0.008319,,76.25,7.8673,0.52,360.94
186050,3720,-1.21182,50,0.4108,0.008174,,73.661,3.393,0.32,129.73
186100,3721,-2.2535,50,0.4107,0.007701,,82.88,4.3115,0.28,268.82
186150,3722,-0.21624,50,0.4105,0.006964,,74.536,1.6158,0.18,29.74
186200,3723,-2.63919,50,0.4104,0.008019,,66.383,7.0902,0.44,246.38
186250,3724,-1.75023,50,0.4102,0.008082,,61.444,5.5459,0.42,154.05
186300,3725,-1.75379,50,0.4101,0.007667,,68.294,4.8186,0.5,183.47
186350,3726,-3.52264,50,0.4099,0.007965,,62.2,7.6732,0.62,377.82
186400,3727,-1.40441,50,0.4097,0.008576,,64.059,4.4881,0.46,130.09
186450,3728,-4.13827,50,0.4096,0.008756,,65.0,8.8708,0.64,440.44
186500,3729,-0.98333,50,0.4094,0.008711,,74.592,2.7738,0.36,108.55
186550,3730,-1.42365,50,0.4093,0.007543,,67.088,4.6982,0.44,132.88
186600,3731,-4.49359,50,0.4091,0.008126,,68.48,9.412,0.54,476.01
186650,3732,-0.6892,50,0.4089,0.009144,,65.289,3.2537,0.34,58.72
186700,3733,-0.89192,50,0.4088,0.008302,,68.158,3.7323,0.32,78.25
186750,3734,-1.41404,50,0.4086,0.009368,,70.269,4.0218,0.36,138.16
186800,3735,-5.47994,50,0.4085,0.008213,,70.676,11.5447,0.72,567.22
186850,3736,-1.10319,50,0.4083,0.009,,66.764,4.5349,0.44,85.89
186900,3737,-1.05214,50,0.4082,0.008511,,69.264,3.0034,0.28,120.66
186950,3738,-4.10106,50,0.408,0.007677,,74.448,9.6168,0.64,414.1
187000,3739,-5.42369,50,0.4078,0.0067,,77.616,11.2027,0.72,569.65
187050,3740,-0.4007,50,0.4077,0.008303,,74.689,2.3747,0.2,34.79
187100,3741,-0.50629,50,0.4075,0.008541,,71.201,2.296,0.2,57.56
187150,3742,-0.35639,50,0.4074,0.00752,,83.182,1.7564,0.18,35.5
187200,3743,-1.64392,50,0.4072,0.008272,,68.717,5.2663,0.44,150.4
187250,3744,-1.0973,50,0.407,0.007,,69.0,3.1538,0.38,125.99
187300,3745,-1.23072,50,0.4069,0.006636,,66.445,4.3456,0.38,113.66
187350,3746,-1.72615,50,0.4067,0.007216,,71.106,4.6633,0.38,177.07
187400,3747,0.01956,50,0.4066,0.007836,,72.047,0.8587,0.06,5.95
187450,3748,-2.2738,50,0.4064,0.00703,,67.556,4.8573,0.5,259.18
187500,3749,-5.22194,50,0.4062,0.007548,,67.625,8.4865,0.58,614.91
187550,3750,-2.16242,50,0.4061,0.008025,,69.566,6.1732,0.5,204.72
187600,3751,-3.81281,50,0.4059,0.007413,,69.366,8.5028,0.7,395.13
187650,3752,-1.68226,50,0.4058,0.007343,,59.446,4.6254,0.4,180.15
187700,3753,-0.23848,50,0.4056,0.00857,,71.121,1.4665,0.22,33.89
187750,3754,-0.32819,50,0.4055,0.007126,,63.51,1.9314,0.2,29.35
187800,3755,-8.88974,50,0.4053,0.007606,,76.976,15.1246,0.78,996.5
187850,3756,-2.37317,50,0.4051,0.009194,,71.351,6.4774,0.46,234.37
187900,3757,-0.97753,50,0.405,0.00878,,72.145,3.8144,0.34,79.16
187950,3758,-2.21666,50,0.4048,0.007748,,70.341,5.2687,0.42,243.02
188000,3759,-0.54855,50,0.4047,0.006829,,64.343,2.5834,0.3,56.62
188050,3760,-0.90008,50,0.4045,0.007186,,67.952,3.1067,0.28,98.91
188100,3761,-1.07487,50,0.4043,0.006734,,66.837,3.6984,0.3,101.43
188150,3762,-0.3012,50,0.4042,0.007677,,62.476,1.8744,0.18,33.12
188200,3763,-0.71701,50,0.404,0.008756,,72.39,3.4232,0.34,56.25
188250,3764,-0.3053,50,0.4039,0.007728,,92.128,1.4435,0.16,34.3
188300,3765,-4.20692,50,0.4037,0.006937,,66.177,9.6086,0.64,421.77
188350,3766,-2.4216,50,0.4036,0.007142,,65.041,5.0181,0.44,282.05
188400,3767,-4.74881,50,0.4034,0.006915,,70.0,9.0587,0.68,523.46
188450,3768,-3.59222,50,0.4032,0.008373,,69.371,8.8718,0.56,363.27
188500,3769,-1.269,50,0.4031,0.008243,,74.426,3.4917,0.26,135.6
188550,3770,-1.53696,50,0.4029,0.008063,,72.093,4.6994,0.38,151.34
188600,3771,-2.60123,50,0.4028,0.009103,,61.091,6.2293,0.54,272.29
188650,3772,-3.59525,50,0.4026,0.007039,,75.519,7.9032,0.6,380.4
188700,3773,-2.32088,50,0.4024,0.009141,,70.963,4.3611,0.38,273.43
188750,3774,0.19229,50,0.4023,0.008075,,68.325,0.2663,0.0,0.0
188800,3775,-2.45675,50,0.4021,0.00838,,65.959,5.4728,0.48,271.02
188850,3776,-0.42329,50,0.402,0.008181,,70.094,2.3813,0.28,38.01
188900,3777,-3.03489,50,0.4018,0.008173,,66.233,6.7395,0.6,319.91
188950,3778,-4.27433,50,0.4017,0.007767,,72.257,8.8117,0.62,454.15
189000,3779,-3.46476,50,0.4015,0.008061,,75.698,7.2535,0.56,365.65
189050,3780,-3.92143,50,0.4013,0.008111,,71.943,8.6047,0.56,406.23
189100,3781,-1.47468,50,0.4012,0.007636,,70.728,4.4784,0.4,145.42
189150,3782,-0.93293,50,0.401,0.00912,,64.181,3.7647,0.36,89.86
189200,3783,-0.27659,50,0.4009,0.008471,,69.259,1.9095,0.24,30.53
189250,3784,-1.10749,50,0.4007,0.008514,,66.216,4.2143,0.44,103.04
189300,3785,-3.524,50,0.4006,0.0091,,69.29,8.6029,0.5,360.64
189350,3786,-1.02489,50,0.4004,0.008317,,65.726,3.2291,0.28,105.72
189400,3787,-2.15018,50,0.4002,0.007998,,68.002,5.773,0.5,216.25
189450,3788,-1.33122,50,0.4001,0.007221,,69.823,4.0655,0.38,141.4
189500,3789,-3.21217,50,0.3999,0.006715,,73.512,8.9596,0.58,291.18
189550,3790,-4.77628,50,0.3998,0.006553,,69.276,8.9366,0.66,524.41
189600,3791,-1.11834,50,0.3996,0.007233,,64.059,4.2535,0.4,102.63
189650,3792,-6.33468,50,0.3994,0.006725,,67.921,11.6639,0.7,699.19
189700,3793,-2.71651,50,0.3993,0.007159,,79.72,7.0365,0.58,261.09
189750,3794,-3.15019,50,0.3991,0.006815,,72.884,6.1051,0.42,360.64
189800,3795,-0.3179,50,0.399,0.007687,,72.027,2.0909,0.2,33.76
189850,3796,-4.48213,50,0.3988,0.008244,,73.315,8.3599,0.58,519.15
189900,3797,-2.41446,50,0.3987,0.006728,,65.569,6.3804,0.48,246.22
189950,3798,-2.7193,50,0.3985,0.008362,,63.988,7.3733,0.6,260.6
190000,3799,-1.07986,50,0.3983,0.008752,,70.429,3.7068,0.36,104.24
190050,3800,-1.40467,50,0.3982,0.007256,,64.397,4.5636,0.46,132.41
190100,3801,-3.59615,50,0.398,0.008533,,71.839,8.6909,0.54,368.17
190150,3802,-1.28936,50,0.3979,0.007918,,73.032,4.2581,0.32,122.0
190200,3803,-0.08441,50,0.3977,0.008213,,66.422,1.2069,0.16,14.17
190250,3804,-1.40758,50,0.3975,0.007785,,67.727,4.3316,0.42,142.61
190300,3805,-3.62436,50,0.3974,0.007906,,70.0,7.3376,0.52,395.6
190350,3806,-0.19581,50,0.3972,0.007204,,74.139,1.7092,0.16,18.09
190400,3807,-4.07606,50,0.3971,0.00747,,64.875,9.6078,0.44,409.18
190450,3808,-2.56639,50,0.3969,0.007822,,72.337,5.2196,0.46,293.5
190500,3809,-4.73805,50,0.3968,0.008625,,79.774,9.8239,0.58,499.5
190550,3810,-4.03146,50,0.3966,0.007285,,70.819,8.5948,0.52,422.19
190600,3811,-1.66938,50,0.3964,0.007182,,68.774,4.8338,0.52,170.8
190650,3812,-0.23,50,0.3963,0.007549,,68.453,2.0443,0.16,28.37
190700,3813,-2.29347,50,0.3961,0.007717,,71.49,6.4849,0.58,216.02
190750,3814,-1.33335,50,0.396,0.007506,,68.559,4.8147,0.4,114.2
190800,3815,-0.90982,50,0.3958,0.007222,,65.511,3.7606,0.38,81.11
190850,3816,-1.98735,50,0.3956,0.007711,,76.298,4.6245,0.52,215.26
190900,3817,-1.90642,50,0.3955,0.006922,,69.99,4.9654,0.44,194.29
190950,3818,-2.87639,50,0.3953,0.00826,,68.585,6.4882,0.48,307.25
191000,3819,-4.1939,50,0.3952,0.007485,,80.639,9.0469,0.58,438.02
191050,3820,-2.97923,50,0.395,0.007277,,65.007,6.9219,0.62,313.29
191100,3821,-1.62875,50,0.3949,0.006853,,68.014,5.2028,0.48,150.67
191150,3822,-1.64714,50,0.3947,0.007688,,62.155,4.8247,0.48,161.39
191200,3823,-2.2218,50,0.3945,0.006848,,83.317,5.7682,0.42,224.14
191250,3824,-4.70246,50,0.3944,0.007553,,63.75,8.7345,0.56,523.94
191300,3825,-1.99484,50,0.3942,0.008236,,60.399,5.3998,0.56,202.25
191350,3826,-2.3555,50,0.3941,0.006859,,66.388,6.0239,0.48,235.47
191400,3827,-2.38545,50,0.3939,0.006992,,72.24,5.863,0.42,253.68
191450,3828,-1.09683,50,0.3937,0.007548,,61.685,3.7653,0.46,108.24
191500,3829,-3.20017,50,0.3936,0.006951,,72.531,7.9596,0.54,317.87
191550,3830,-2.9974,50,0.3934,0.008041,,70.948,7.9101,0.52,287.35
191600,3831,-3.24253,50,0.3933,0.006968,,67.477,7.442,0.58,340.91
191650,3832,-1.72949,50,0.3931,0.007284,,73.275,5.8798,0.46,145.45
191700,3833,-0.66466,50,0.393,0.007128,,67.533,2.6824,0.24,67.56
191750,3834,-0.42657,50,0.3928,0.006318,,68.407,2.3,0.24,36.84
191800,3835,-0.14725,50,0.3926,0.007386,,75.27,1.1682,0.12,22.22
191850,3836,-1.85898,50,0.3925,0.008469,,69.569,4.7797,0.42,206.14
191900,3837,-0.04221,50,0.3923,0.007021,,71.366,1.0114,0.2,13.16
191950,3838,-2.88297,50,0.3922,0.006372,,71.091,7.2869,0.58,287.16
192000,3839,-2.13534,50,0.392,0.00683,,71.803,6.2469,0.54,202.24
192050,3840,-0.09741,50,0.3918,0.007328,,68.885,1.253,0.14,19.82
192100,3841,-5.48911,50,0.3917,0.006889,,77.136,8.6312,0.48,648.6
192150,3842,-1.3005,50,0.3915,0.006735,,73.387,4.0998,0.44,131.84
192200,3843,-4.32154,50,0.3914,0.006238,,69.925,9.8793,0.66,443.27
192250,3844,-1.07427,50,0.3912,0.007838,,68.666,3.507,0.24,108.09
192300,3845,-3.56338,50,0.3911,0.006274,,57.881,7.4614,0.58,393.74
192350,3846,-1.1815,50,0.3909,0.006312,,66.847,4.4225,0.42,99.0
192400,3847,-2.05065,50,0.3907,0.006661,,66.065,5.5006,0.44,207.0
192450,3848,-1.13112,50,0.3906,0.006454,,66.394,3.6911,0.34,118.94
192500,3849,-2.21216,50,0.3904,0.008188,,68.678,5.7754,0.6,218.01
192550,3850,-2.98818,50,0.3903,0.00709,,66.781,7.1358,0.6,310.2
192600,3851,-0.01648,50,0.3901,0.007962,,81.58,0.8609,0.1,10.68
192650,3852,-2.11864,50,0.3899,0.00842,,70.947,4.5969,0.4,251.08
192700,3853,0.04923,50,0.3898,0.007057,,78.71,0.5417,0.06,5.34
192750,3854,-1.30821,50,0.3896,0.007293,,66.094,4.6706,0.4,120.51
192800,3855,-1.21065,50,0.3895,0.00712,,77.644,3.4153,0.28,134.63
192850,3856,-1.57692,50,0.3893,0.007374,,64.687,5.1344,0.5,148.19
192900,3857,-2.50051,50,0.3891,0.008413,,68.314,5.8043,0.42,275.96
192950,3858,-0.26988,50,0.389,0.006881,,71.231,2.0704,0.18,20.39
193000,3859,-0.52757,50,0.3888,0.007993,,68.02,2.2563,0.28,52.59
193050,3860,-0.06393,50,0.3887,0.006812,,64.454,1.3576,0.2,19.04
193100,3861,-2.55538,50,0.3885,0.007598,,67.504,5.3793,0.44,295.73
193150,3862,-0.96717,50,0.3884,0.007467,,67.891,2.9745,0.24,116.5
193200,3863,-3.8358,50,0.3882,0.007121,,69.0,7.6141,0.52,420.33
193250,3864,-0.28436,50,0.388,0.007665,,77.616,1.9075,0.14,24.51
193300,3865,-2.13754,50,0.3879,0.007661,,64.017,5.9665,0.56,202.48
193350,3866,-2.40783,50,0.3877,0.007185,,70.307,5.5311,0.58,264.12
193400,3867,-0.24458,50,0.3876,0.006491,,71.717,1.8978,0.22,22.79
193450,3868,-4.98729,50,0.3874,0.006783,,64.038,10.0922,0.64,529.6
193500,3869,-4.12025,50,0.3872,0.008132,,68.42,9.7394,0.56,414.78
193550,3870,-2.28775,50,0.3871,0.006981,,81.061,6.5745,0.48,211.86
193600,3871,-2.08697,50,0.3869,0.007181,,68.504,5.0004,0.46,225.74
193650,3872,-5.09636,50,0.3868,0.006657,,71.25,9.3905,0.7,567.51
193700,3873,-1.79033,50,0.3866,0.007229,,72.487,4.5948,0.42,183.28
193750,3874,-4.96158,50,0.3865,0.007415,,65.736,9.1447,0.7,554.39
193800,3875,-2.7343,50,0.3863,0.006911,,80.529,8.0515,0.56,242.24
193850,3876,-1.83375,50,0.3861,0.00752,,66.325,4.4486,0.42,198.9
193900,3877,-5.04844,50,0.386,0.006949,,68.677,11.4493,0.68,505.68
193950,3878,-1.92566,50,0.3858,0.007812,,75.914,5.396,0.54,191.15
194000,3879,-0.87215,50,0.3857,0.006583,,75.572,2.0739,0.18,112.68
194050,3880,-1.02053,50,0.3855,0.007858,,66.905,3.5712,0.28,107.66
194100,3881,-0.54038,50,0.3853,0.007598,,67.705,2.0719,0.24,72.71
194150,3882,-0.64934,50,0.3852,0.007367,,67.375,2.8774,0.26,65.83
194200,3883,-2.31149,50,0.385,0.007306,,66.228,6.0332,0.56,224.42
194250,3884,-2.59899,50,0.3849,0.007749,,71.589,6.077,0.52,280.77
194300,3885,-5.48745,50,0.3847,0.007347,,72.5,10.1776,0.74,607.78
194350,3886,-0.61174,50,0.3846,0.007244,,64.377,2.2289,0.24,73.0
194400,3887,-2.63111,50,0.3844,0.008565,,73.339,5.9649,0.46,284.56
194450,3888,-0.91489,50,0.3842,0.007794,,69.695,3.52,0.24,85.52
194500,3889,-4.90131,50,0.3841,0.006797,,71.129,9.6755,0.6,528.46
194550,3890,-4.02711,50,0.3839,0.008109,,69.166,7.035,0.56,468.14
194600,3891,-0.32453,50,0.3838,0.007576,,69.379,1.9596,0.18,38.22
194650,3892,-4.02979,50,0.3836,0.008105,,80.514,9.0985,0.6,411.63
194700,3893,-1.11508,50,0.3834,0.007008,,69.784,4.161,0.5,96.84
194750,3894,-3.31165,50,0.3833,0.00744,,72.809,6.9891,0.64,362.15
194800,3895,-2.58992,50,0.3831,0.007555,,65.375,5.867,0.56,279.3
194850,3896,-3.79255,50,0.383,0.006925,,67.455,9.2355,0.66,371.36
194900,3897,-1.40849,50,0.3828,0.007438,,57.114,3.9329,0.44,152.99
194950,3898,-5.36811,50,0.3827,0.007014,,67.717,10.4154,0.64,582.51
195000,3899,-2.35349,50,0.3825,0.00745,,80.017,6.3634,0.46,230.67
195050,3900,-1.44569,50,0.3823,0.007118,,61.098,4.1019,0.36,150.52
195100,3901,-2.23106,50,0.3822,0.007043,,65.174,5.3095,0.42,246.48
195150,3902,-2.42314,50,0.382,0.008201,,65.493,7.1906,0.56,216.01
195200,3903,-0.21553,50,0.3819,0.007725,,73.501,1.5885,0.16,26.15
195250,3904,-4.50921,50,0.3817,0.007895,,70.622,9.9339,0.66,465.93
195300,3905,-1.75782,50,0.3816,0.007171,,67.48,5.0881,0.38,169.74
195350,3906,-0.68069,50,0.3814,0.006722,,64.51,2.6555,0.26,72.63
195400,3907,-1.4224,50,0.3812,0.006967,,65.699,5.0636,0.46,125.91
195450,3908,-3.82538,50,0.3811,0.007783,,69.167,8.7026,0.56,395.87
195500,3909,-3.56988,50,0.3809,0.008915,,68.195,7.2736,0.56,395.72
195550,3910,-2.30801,50,0.3808,0.008078,,70.133,5.3821,0.36,250.49
195600,3911,-1.09872,50,0.3806,0.00654,,73.8,3.9357,0.38,101.7
195650,3912,-3.9027,50,0.3804,0.007343,,63.2,8.368,0.62,417.11
195700,3913,-0.52589,50,0.3803,0.008343,,66.06,2.9737,0.3,40.97
195750,3914,-0.27034,50,0.3801,0.007879,,67.342,1.9352,0.16,24.29
195800,3915,-2.68537,50,0.38,0.007546,,61.566,6.7019,0.5,269.7
195850,3916,-3.04669,50,0.3798,0.006314,,73.803,8.0949,0.58,284.9
195900,3917,-3.98752,50,0.3797,0.007123,,68.453,8.1499,0.6,435.12
195950,3918,-0.40183,50,0.3795,0.008517,,77.439,2.5711,0.28,30.92
196000,3919,-3.43324,50,0.3793,0.007452,,70.134,6.9786,0.52,376.46
196050,3920,-0.27053,50,0.3792,0.007577,,74.438,1.4665,0.14,35.36
196100,3921,-1.52768,50,0.379,0.007257,,75.464,4.6752,0.4,145.56
196150,3922,-2.46213,50,0.3789,0.008168,,62.659,5.8543,0.54,262.41
196200,3923,-1.01462,50,0.3787,0.007852,,77.043,3.4726,0.32,96.42
196250,3924,-2.4076,50,0.3785,0.007478,,68.602,6.6875,0.46,231.26
196300,3925,-1.30606,50,0.3784,0.007907,,64.208,3.7627,0.28,134.34
196350,3926,-0.99194,50,0.3782,0.007989,,69.646,3.5601,0.4,100.75
196400,3927,-3.01799,50,0.3781,0.007722,,64.896,6.344,0.44,333.63
196450,3928,-4.48716,50,0.3779,0.007534,,67.303,9.3083,0.56,481.11
196500,3929,-0.04063,50,0.3778,0.008043,,71.788,0.8039,0.1,10.86
196550,3930,-4.7347,50,0.3776,0.007769,,70.425,8.2,0.56,553.43
196600,3931,-0.81776,50,0.3774,0.007567,,74.005,3.3913,0.34,77.23
196650,3932,-0.74518,50,0.3773,0.007956,,58.356,2.766,0.28,83.22
196700,3933,-1.38168,50,0.3771,0.006928,,71.054,3.7074,0.34,146.46
196750,3934,-3.48901,50,0.377,0.007733,,69.6,6.9799,0.54,388.62
196800,3935,-0.97279,50,0.3768,0.007179,,59.272,3.4094,0.32,104.28
196850,3936,-2.17288,50,0.3766,0.008246,,68.468,6.0892,0.48,205.09
196900,3937,-2.06292,50,0.3765,0.007872,,59.198,4.6796,0.44,228.45
196950,3938,-0.3865,50,0.3763,0.008208,,69.367,2.1113,0.28,34.65
197000,3939,-2.83613,50,0.3762,0.008453,,69.784,6.9429,0.58,290.16
197050,3940,-1.39807,50,0.376,0.007458,,69.015,4.5901,0.5,131.18
197100,3941,-1.9414,50,0.3759,0.007904,,67.0,4.4142,0.4,219.54
197150,3942,-2.02104,50,0.3757,0.007672,,58.044,4.5951,0.46,232.28
197200,3943,-1.40542,50,0.3755,0.00769,,72.625,3.5583,0.28,153.63
197250,3944,-6.22531,50,0.3754,0.007551,,68.8,12.0697,0.74,668.39
197300,3945,-3.80246,50,0.3752,0.00729,,68.407,7.5907,0.64,420.88
197350,3946,-0.42234,50,0.3751,0.008048,,79.002,1.8004,0.14,39.41
197400,3947,-2.52065,50,0.3749,0.008744,,72.778,6.0587,0.44,262.0
197450,3948,-1.85873,50,0.3747,0.00786,,62.272,5.1319,0.48,190.93
197500,3949,-3.35116,50,0.3746,0.007342,,69.493,8.2623,0.52,331.23
197550,3950,-0.64544,50,0.3744,0.007646,,63.949,3.1195,0.34,58.78
197600,3951,-3.14326,50,0.3743,0.008235,,65.296,7.2307,0.54,330.84
197650,3952,-0.53837,50,0.3741,0.007861,,70.873,2.3843,0.28,45.3
197700,3953,-5.37697,50,0.374,0.008399,,66.108,8.7281,0.6,635.67
197750,3954,-0.21565,50,0.3738,0.007921,,69.074,1.1873,0.2,35.45
197800,3955,-2.32937,50,0.3736,0.007459,,67.525,5.3072,0.52,257.34
197850,3956,0.05897,50,0.3735,0.008062,,74.106,0.6759,0.06,7.4
197900,3957,-2.66652,50,0.3733,0.006976,,67.0,6.7315,0.58,261.57
197950,3958,-0.08485,50,0.3732,0.006811,,67.68,1.2565,0.12,12.87
198000,3959,-2.57171,50,0.373,0.007557,,73.276,6.8138,0.56,256.44
198050,3960,-1.94012,50,0.3728,0.008755,,76.616,5.2817,0.36,186.57
198100,3961,-2.46368,50,0.3727,0.007284,,67.23,6.2534,0.58,248.17
198150,3962,-1.88596,50,0.3725,0.008671,,69.983,4.9277,0.38,195.16
198200,3963,-2.47219,50,0.3724,0.007111,,65.726,7.3265,0.54,220.39
198250,3964,-3.80915,50,0.3722,0.008105,,74.875,7.6257,0.5,423.8
198300,3965,-6.57732,50,0.372,0.007331,,74.0,11.3207,0.72,748.5
198350,3966,-1.66065,50,0.3719,0.007481,,68.594,4.8209,0.56,169.99
198400,3967,-0.42271,50,0.3717,0.007586,,67.152,2.0376,0.22,44.77
198450,3968,-3.21666,50,0.3716,0.008673,,66.492,6.5971,0.54,353.81
198500,3969,-1.06157,50,0.3714,0.008624,,66.15,4.1389,0.38,88.93
198550,3970,-2.96687,50,0.3713,0.007514,,76.17,7.1359,0.6,295.75
198600,3971,-0.53996,50,0.3711,0.007404,,67.293,1.8997,0.2,64.81
198650,3972,-0.38545,50,0.3709,0.007781,,76.449,2.2103,0.2,32.9
198700,3973,-4.25525,50,0.3708,0.007661,,75.068,8.7605,0.64,457.89
198750,3974,-0.93674,50,0.3706,0.007873,,64.0,3.7042,0.38,81.82
198800,3975,-1.11172,50,0.3705,0.006948,,68.024,3.6032,0.36,109.82
198850,3976,-2.78735,50,0.3703,0.007235,,76.93,6.0993,0.42,296.6
198900,3977,-4.22231,50,0.3701,0.006743,,71.267,8.3559,0.58,463.81
198950,3978,-1.47191,50,0.37,0.007679,,68.75,5.4109,0.4,119.14
199000,3979,-3.25097,50,0.3698,0.007804,,75.528,7.4942,0.6,333.12
199050,3980,-2.98886,50,0.3697,0.007371,,74.486,6.9005,0.48,306.25
199100,3981,-1.04014,50,0.3695,0.007082,,67.596,3.7746,0.38,96.99
199150,3982,-1.69251,50,0.3694,0.008186,,66.658,4.5263,0.5,172.41
199200,3983,-3.73312,50,0.3692,0.007359,,75.534,9.2093,0.58,367.23
199250,3984,-2.76561,50,0.369,0.007442,,72.428,7.4467,0.6,263.73
199300,3985,-2.69851,50,0.3689,0.007352,,71.492,7.2976,0.58,258.28
199350,3986,-3.41577,50,0.3687,0.007346,,72.179,7.3697,0.48,362.1
199400,3987,-1.38976,50,0.3686,0.0072,,72.153,4.9696,0.46,124.02
199450,3988,-3.46053,50,0.3684,0.008066,,71.738,8.3741,0.6,345.65
199500,3989,-2.41058,50,0.3682,0.008273,,68.716,5.6946,0.44,259.41
199550,3990,-0.87479,50,0.3681,0.007676,,72.524,3.3687,0.28,77.52
199600,3991,-0.89535,50,0.3679,0.007318,,66.448,3.7198,0.4,79.92
199650,3992,-2.60374,50,0.3678,0.007988,,74.841,6.0616,0.46,273.07
199700,3993,-1.69836,50,0.3676,0.007093,,64.082,4.1131,0.4,199.83
199750,3994,-2.96974,50,0.3675,0.007557,,68.716,6.5952,0.5,315.27
199800,3995,-0.706,50,0.3673,0.006968,,75.526,3.2715,0.26,59.83
199850,3996,-1.08462,50,0.3671,0.008004,,66.104,3.2608,0.28,121.96
199900,3997,-3.67079,50,0.367,0.008382,,69.405,7.5406,0.52,396.04
199950,3998,-0.2411,50,0.3668,0.007632,,74.425,2.0964,0.16,15.09
200000,3999,-2.67463,50,0.3667,0.008249,,74.975,6.1745,0.5,284.46
200050,4000,-1.61278,50,0.3665,0.006923,,69.309,4.5276,0.32,167.1
200100,4001,-1.0639,50,0.3663,0.006508,,78.288,3.3581,0.24,110.33
200150,4002,-3.29241,50,0.3662,0.008586,,70.132,6.1252,0.52,385.04
200200,4003,-1.5183,50,0.366,0.008364,,71.887,3.6047,0.24,178.81
200250,4004,-5.1424,50,0.3659,0.008957,,69.159,10.0516,0.68,555.94
200300,4005,-2.67313,50,0.3657,0.008197,,67.591,7.4491,0.46,252.04
200350,4006,-6.10392,50,0.3656,0.008003,,71.241,12.4345,0.74,633.91
200400,4007,-2.78948,50,0.3654,0.007568,,71.432,6.0272,0.5,303.45
200450,4008,-2.35764,50,0.3652,0.007361,,64.0,5.909,0.5,247.8
200500,4009,-0.29153,50,0.3651,0.007346,,61.995,1.5369,0.22,37.16
200550,4010,-1.16233,50,0.3649,0.00667,,70.296,3.7385,0.34,114.81
200600,4011,-0.91346,50,0.3648,0.007107,,73.342,3.29,0.34,89.09
200650,4012,-1.41207,50,0.3646,0.007871,,74.795,3.6282,0.34,156.82
200700,4013,-2.4617,50,0.3644,0.007413,,63.682,5.6647,0.5,270.37
200750,4014,-0.71166,50,0.3643,0.007112,,74.404,2.3196,0.26,80.77
200800,4015,-1.84465,50,0.3641,0.007201,,63.165,5.4747,0.42,171.81
200850,4016,-3.42277,50,0.364,0.008952,,73.3,8.5099,0.54,334.08
200900,4017,-0.64023,50,0.3638,0.007343,,76.506,2.4153,0.24,74.6
200950,4018,-0.16676,50,0.3637,0.006339,,75.034,1.3462,0.1,19.27
201000,4019,-2.04086,50,0.3635,0.008058,,67.959,5.0035,0.42,218.9
201050,4020,-3.82468,50,0.3633,0.008053,,72.943,10.0172,0.54,362.7
201100,4021,-0.28099,50,0.3632,0.007689,,72.874,1.9506,0.16,26.44
201150,4022,-1.95408,50,0.363,0.007414,,69.421,5.6978,0.4,187.88
201200,4023,-6.12681,50,0.3629,0.006902,,73.296,10.8799,0.68,685.82
201250,4024,-3.58496,50,0.3627,0.007319,,71.949,8.9375,0.58,352.93
201300,4025,-1.21598,50,0.3626,0.007495,,68.7,3.9091,0.44,120.97
201350,4026,-0.77416,50,0.3624,0.007783,,72.723,3.3669,0.26,60.11
201400,4027,-1.24987,50,0.3622,0.008602,,77.599,4.05,0.42,120.99
201450,4028,-1.92415,50,0.3621,0.007461,,69.512,4.5761,0.46,217.2
201500,4029,-1.16501,50,0.3619,0.007881,,67.759,3.6025,0.38,119.22
201550,4030,-3.20145,50,0.3618,0.006959,,63.256,7.5891,0.6,325.61
201600,4031,-1.75542,50,0.3616,0.007942,,75.686,4.7218,0.34,180.51
201650,4032,-1.64169,50,0.3614,0.007875,,70.471,4.274,0.38,182.13
201700,4033,-2.78518,50,0.3613,0.007303,,66.634,7.0407,0.5,274.71
201750,4034,-3.71396,50,0.3611,0.008693,,76.098,7.8403,0.56,402.49
201800,4035,-2.33571,50,0.361,0.008804,,70.925,6.713,0.48,212.43
201850,4036,-2.28972,50,0.3608,0.007523,,68.012,6.3915,0.5,222.22
201900,4037,-0.93567,50,0.3607,0.007594,,65.004,3.1235,0.28,104.81
201950,4038,-1.61159,50,0.3605,0.007527,,65.0,4.8512,0.42,160.55
202000,4039,-2.83784,50,0.3603,0.007103,,69.508,7.379,0.54,279.35
202050,4040,-0.22661,50,0.3602,0.007121,,80.024,1.3855,0.2,26.46
202100,4041,-2.16932,50,0.36,0.008589,,73.751,5.9071,0.44,208.56
202150,4042,-3.90496,50,0.3599,0.008245,,72.795,9.6471,0.64,379.74
202200,4043,-0.91949,50,0.3597,0.006775,,65.583,3.3665,0.3,92.26
202250,4044,-1.92885,50,0.3595,0.007424,,67.094,5.1937,0.46,195.26
202300,4045,-4.19063,50,0.3594,0.007653,,74.613,8.449,0.58,451.29
202350,4046,0.04065,50,0.3592,0.008261,,70.225,1.0748,0.1,6.32
202400,4047,-1.6675,50,0.3591,0.007328,,62.338,3.6526,0.4,207.49
202450,4048,-0.87102,50,0.3589,0.0076,,65.45,3.3937,0.36,83.57
202500,4049,-2.39694,50,0.3588,0.007173,,65.843,6.1601,0.44,246.32
202550,4050,-1.21034,50,0.3586,0.008225,,77.231,3.9954,0.42,111.14
202600,4051,-4.31795,50,0.3584,0.00712,,75.946,7.6064,0.52,492.3
202650,4052,-1.19364,50,0.3583,0.006548,,65.995,3.4539,0.4,125.87
202700,4053,-2.31969,50,0.3581,0.00714,,63.983,6.6903,0.58,213.57
202750,4054,-2.8518,50,0.358,0.008201,,73.278,6.8209,0.54,294.11
202800,4055,-3.99023,50,0.3578,0.00715,,78.17,8.2739,0.56,426.36
202850,4056,-1.57995,50,0.3576,0.008055,,64.886,4.656,0.44,156.06
202900,4057,-1.4755,50,0.3575,0.008024,,62.455,4.9805,0.5,133.55
202950,4058,-3.26391,50,0.3573,0.006817,,67.0,8.6612,0.6,307.56
203000,4059,-0.02251,50,0.3572,0.007309,,69.084,1.232,0.1,5.41
203050,4060,-4.0266,50,0.357,0.007301,,81.903,8.2413,0.54,425.82
203100,4061,-2.02165,50,0.3569,0.007128,,76.841,5.6062,0.46,200.24
203150,4062,-3.37413,50,0.3567,0.00735,,71.994,6.5684,0.48,378.72
203200,4063,-0.27417,50,0.3565,0.008475,,73.59,1.8948,0.2,23.42
203250,4064,-1.00032,50,0.3564,0.008061,,71.619,2.8009,0.34,116.41
203300,4065,-0.26922,50,0.3562,0.007326,,80.574,1.6813,0.16,23.38
203350,4066,-6.33553,50,0.3561,0.007709,,71.0,13.1019,0.74,663.08
203400,4067,-3.91713,50,0.3559,0.008193,,71.868,8.671,0.58,406.26
203450,4068,-1.61881,50,0.3557,0.006847,,75.124,4.5789,0.32,164.15
203500,4069,-4.06332,50,0.3556,0.006924,,70.541,10.4652,0.64,378.65
203550,4070,-1.82555,50,0.3554,0.006676,,69.415,4.9818,0.44,181.28
203600,4071,-0.32311,50,0.3553,0.007483,,63.934,2.0653,0.22,31.16
203650,4072,-3.7654,50,0.3551,0.007201,,73.355,7.8842,0.46,402.12
203700,4073,-1.71082,50,0.3549,0.007737,,60.024,3.9452,0.4,199.84
203750,4074,-0.53835,50,0.3548,0.007039,,75.166,2.3839,0.16,51.15
203800,4075,-3.42872,50,0.3546,0.006654,,71.671,9.1178,0.6,323.77
203850,4076,-4.2401,50,0.3545,0.007042,,69.091,7.8662,0.58,483.62
203900,4077,-0.13225,50,0.3543,0.007448,,63.972,1.3429,0.18,22.56
203950,4078,-3.13376,50,0.3542,0.006852,,68.765,7.177,0.5,327.24
204000,4079,-3.53928,50,0.354,0.007866,,70.089,8.46,0.56,353.04
204050,4080,-2.63264,50,0.3538,0.007856,,60.332,6.9017,0.58,259.55
204100,4081,-1.56976,50,0.3537,0.00789,,76.019,4.5404,0.4,161.79
204150,4082,-1.12362,50,0.3535,0.007539,,71.492,3.9624,0.36,94.7
204200,4083,-2.15001,50,0.3534,0.007419,,80.398,4.9868,0.34,238.37
204250,4084,-2.56488,50,0.3532,0.00797,,65.593,6.191,0.54,267.56
204300,4085,-0.39823,50,0.353,0.007852,,69.596,2.3828,0.18,32.52
204350,4086,-2.80268,50,0.3529,0.006466,,65.88,5.6498,0.44,328.75
204400,4087,-3.01186,50,0.3527,0.006268,,64.146,7.616,0.6,295.07
204450,4088,-3.94431,50,0.3526,0.007371,,71.974,9.4713,0.6,392.15
204500,4089,-1.34826,50,0.3524,0.007616,,64.315,4.7537,0.42,123.16
204550,4090,-2.27012,50,0.3523,0.007981,,74.407,6.6396,0.5,211.12
204600,4091,-2.17688,50,0.3521,0.008292,,67.712,5.3686,0.4,231.66
204650,4092,-0.74681,50,0.3519,0.007201,,68.262,3.2273,0.26,71.62
204700,4093,-2.08924,50,0.3518,0.00735,,70.492,4.8315,0.4,228.14
204750,4094,-2.93229,50,0.3516,0.007523,,69.882,6.4064,0.54,317.23
204800,4095,-2.38715,50,0.3515,0.007291,,74.831,5.9088,0.44,241.95
204850,4096,-1.76414,50,0.3513,0.008213,,71.814,4.419,0.4,183.6
204900,4097,-2.93468,50,0.3511,0.006584,,64.32,7.0023,0.6,298.21
204950,4098,-0.82256,50,0.351,0.007695,,72.505,3.0006,0.24,84.58
205000,4099,-1.76842,50,0.3508,0.006756,,64.856,4.5776,0.44,188.44
205050,4100,-1.05392,50,0.3507,0.007568,,67.078,3.6552,0.3,115.31
205100,4101,-1.66972,50,0.3505,0.007443,,63.549,4.6053,0.32,179.17
205150,4102,-0.73888,50,0.3504,0.00704,,74.121,3.2742,0.32,61.72
205200,4103,-0.06036,50,0.3502,0.007657,,68.342,1.4328,0.12,9.93
205250,4104,-3.1465,50,0.35,0.006464,,71.085,7.1865,0.48,329.77
205300,4105,-2.37854,50,0.3499,0.00705,,67.866,6.2516,0.52,237.57
205350,4106,-5.02423,50,0.3497,0.007866,,76.718,9.9315,0.56,546.29
205400,4107,-3.80923,50,0.3496,0.007622,,67.216,8.8987,0.62,385.4
205450,4108,-0.90774,50,0.3494,0.007385,,74.131,3.5695,0.32,75.2
205500,4109,-2.25287,50,0.3492,0.006857,,67.363,5.6328,0.5,227.81
205550,4110,-1.92488,50,0.3491,0.006566,,71.155,4.3457,0.44,215.29
205600,4111,-4.31272,50,0.3489,0.007425,,63.231,8.4725,0.62,471.72
205650,4112,-4.51862,50,0.3488,0.007325,,66.999,8.1191,0.52,515.71
205700,4113,-0.1896,50,0.3486,0.007627,,79.909,1.3797,0.14,22.72
205750,4114,-1.10844,50,0.3485,0.006859,,71.051,3.598,0.3,109.92
205800,4115,-4.5656,50,0.3483,0.006833,,65.411,8.9636,0.72,503.54
205850,4116,-2.41705,50,0.3481,0.007687,,71.981,6.803,0.52,224.84
205900,4117,-0.58325,50,0.348,0.007294,,63.135,2.8755,0.26,51.18
205950,4118,-3.15512,50,0.3478,0.006889,,77.561,6.5038,0.44,346.61
206000,4119,-8.24421,50,0.3477,0.007728,,74.073,16.8605,0.86,852.7
206050,4120,-1.71204,50,0.3475,0.008353,,66.652,4.9728,0.48,173.57
206100,4121,-2.09457,50,0.3473,0.007036,,73.882,4.6404,0.44,232.9
206150,4122,-5.86008,50,0.3472,0.007324,,74.07,12.365,0.7,610.9
206200,4123,-1.90296,50,0.347,0.007123,,77.05,4.3617,0.42,210.31
206250,4124,-1.61754,50,0.3469,0.006756,,65.71,5.0445,0.42,153.97
206300,4125,-3.02074,50,0.3467,0.007046,,66.568,6.0317,0.6,336.18
206350,4126,-1.62446,50,0.3466,0.008245,,70.766,4.5516,0.4,163.66
206400,4127,-3.45363,50,0.3464,0.006548,,63.75,7.2614,0.64,384.37
206450,4128,-1.44076,50,0.3462,0.006993,,74.811,3.2053,0.32,179.58
206500,4129,-3.42898,50,0.3461,0.007414,,72.341,7.3618,0.58,368.97
206550,4130,-1.88493,50,0.3459,0.00662,,68.75,5.4765,0.44,175.61
206600,4131,-2.12303,50,0.3458,0.006665,,66.396,6.0858,0.52,206.99
206650,4132,-3.06497,50,0.3456,0.006885,,68.409,6.9899,0.54,321.38
206700,4133,-2.06485,50,0.3455,0.007771,,66.605,6.094,0.5,198.8
206750,4134,-0.58422,50,0.3453,0.00835,,68.375,2.6401,0.3,46.53
206800,4135,-0.95945,50,0.3451,0.006853,,68.811,3.9645,0.38,81.8
206850,4136,-2.93918,50,0.345,0.006853,,63.688,6.6566,0.62,314.82
206900,4137,-2.53765,50,0.3448,0.007365,,65.651,6.6238,0.56,255.9
206950,4138,-1.78663,50,0.3447,0.007345,,67.432,5.1896,0.48,172.09
207000,4139,-4.58602,50,0.3445,0.00697,,70.334,9.4745,0.66,489.6
207050,4140,-0.84575,50,0.3443,0.008008,,69.427,3.7716,0.28,68.33
207100,4141,-0.44624,50,0.3442,0.00762,,71.915,2.3765,0.18,34.75
207150,4142,-5.64742,50,0.344,0.007303,,69.43,9.5737,0.62,649.15
207200,4143,-2.82785,50,0.3439,0.007625,,60.492,5.7204,0.6,333.0
207250,4144,-2.25445,50,0.3437,0.007093,,71.747,5.4836,0.48,237.62
207300,4145,-0.2984,50,0.3436,0.006994,,74.457,2.3433,0.14,15.41
207350,4146,-0.56253,50,0.3434,0.007895,,74.157,2.5207,0.2,51.6
207400,4147,-0.64638,50,0.3432,0.006855,,73.947,2.2052,0.2,67.96
207450,4148,-3.19245,50,0.3431,0.009115,,70.455,7.1396,0.62,337.42
207500,4149,-4.11693,50,0.3429,0.007717,,66.923,8.7664,0.58,435.15
207550,4150,-1.93634,50,0.3428,0.008026,,67.811,5.7658,0.46,181.39
207600,4151,-3.64663,50,0.3426,0.007079,,72.22,7.8644,0.54,389.28
207650,4152,-1.72823,50,0.3424,0.008261,,77.322,4.5474,0.36,180.95
207700,4153,-0.61788,50,0.3423,0.008069,,58.066,2.9393,0.28,56.26
207750,4154,-1.98503,50,0.3421,0.007188,,73.802,5.9334,0.44,185.03
207800,4155,-0.97879,50,0.342,0.007763,,83.461,3.709,0.32,85.68
207850,4156,-0.25821,50,0.3418,0.008221,,65.028,1.3386,0.14,47.12
207900,4157,-3.37874,50,0.3417,0.007617,,64.788,7.3395,0.62,359.67
207950,4158,-4.81038,50,0.3415,0.008792,,73.603,9.5764,0.7,516.78
208000,4159,-1.18499,50,0.3413,0.00785,,74.368,3.285,0.34,128.42
208050,4160,-2.96563,50,0.3412,0.008081,,70.736,7.7359,0.66,292.48
208100,4161,-3.78252,50,0.341,0.007165,,71.538,8.5249,0.56,389.04
208150,4162,-3.28299,50,0.3409,0.008357,,59.804,7.9348,0.6,336.5
208200,4163,-3.43059,50,0.3407,0.007947,,69.733,8.1867,0.58,347.45
208250,4164,-1.09694,50,0.3405,0.006808,,65.949,3.7194,0.4,105.14
208300,4165,-0.11052,50,0.3404,0.007839,,77.277,1.4895,0.08,23.31
208350,4166,-2.08391,50,0.3402,0.007357,,63.811,5.3375,0.48,219.75
208400,4167,-3.34673,50,0.3401,0.008486,,75.266,7.717,0.64,349.72
208450,4168,-2.07316,50,0.3399,0.007306,,73.547,4.4286,0.36,233.65
208500,4169,-2.03415,50,0.3398,0.007551,,69.263,6.3613,0.48,179.99
208550,4170,-3.36551,50,0.3396,0.008347,,77.753,6.1653,0.42,385.93
208600,4171,-1.07177,50,0.3394,0.007613,,64.249,4.2676,0.38,95.43
208650,4172,-3.62049,50,0.3393,0.007918,,71.725,7.8265,0.56,390.48
208700,4173,-4.50261,50,0.3391,0.009149,,69.122,8.8794,0.58,490.72
208750,4174,-0.94747,50,0.339,0.007447,,70.412,3.4526,0.38,92.83
208800,4175,-1.46256,50,0.3388,0.007371,,67.0,4.8739,0.4,128.28
208850,4176,-1.4574,50,0.3386,0.007357,,74.321,4.4217,0.36,144.93
208900,4177,-1.94134,50,0.3385,0.007656,,76.54,4.8967,0.4,209.38
208950,4178,-0.65042,50,0.3383,0.007012,,73.275,2.0981,0.18,80.37
209000,4179,-1.99303,50,0.3382,0.008082,,69.049,5.5952,0.34,205.66
209050,4180,-1.74574,50,0.338,0.008709,,74.04,5.4737,0.4,151.52
209100,4181,-1.45494,50,0.3379,0.006908,,56.183,4.3788,0.44,148.82
209150,4182,-3.66622,50,0.3377,0.007023,,70.0,7.2942,0.56,405.98
209200,4183,-1.73958,50,0.3375,0.007593,,66.551,3.4479,0.28,213.11
209250,4184,-6.18674,50,0.3374,0.006901,,76.331,12.2604,0.68,655.67
209300,4185,-0.32157,50,0.3372,0.008108,,78.415,2.1018,0.12,34.49
209350,4186,-2.9461,50,0.3371,0.007548,,72.245,7.4556,0.6,283.41
209400,4187,-4.51872,50,0.3369,0.008191,,69.889,9.9622,0.64,466.48
209450,4188,-0.63957,50,0.3367,0.008164,,71.885,2.6266,0.24,65.09
209500,4189,-2.9338,50,0.3366,0.007609,,64.821,6.7645,0.62,312.34
209550,4190,-1.00949,50,0.3364,0.007323,,66.492,3.8178,0.32,92.09
209600,4191,-3.52051,50,0.3363,0.007159,,63.989,7.2489,0.58,387.16
209650,4192,-4.03078,50,0.3361,0.007878,,67.689,8.0504,0.64,444.14
209700,4193,-2.80156,50,0.336,0.008026,,78.454,6.5032,0.48,292.14
209750,4194,-1.20559,50,0.3358,0.007033,,65.601,4.2441,0.46,111.04
209800,4195,-0.61134,50,0.3356,0.007289,,67.134,3.3113,0.22,46.92
209850,4196,-3.93104,50,0.3355,0.008112,,62.671,8.9565,0.62,397.47
209900,4197,-0.05583,50,0.3353,0.007538,,74.343,1.1132,0.14,16.38
209950,4198,-1.84806,50,0.3352,0.007837,,67.101,5.0044,0.44,191.9
210000,4199,-1.87248,50,0.335,0.008448,,66.0,5.8916,0.54,171.27
210050,4200,-1.54151,50,0.3348,0.007321,,72.592,4.953,0.46,142.32
210100,4201,-4.34074,50,0.3347,0.007252,,67.503,7.5417,0.6,505.98
210150,4202,-2.10988,50,0.3345,0.006915,,69.531,5.6487,0.54,215.72
210200,4203,-2.46945,50,0.3344,0.006453,,68.158,5.7397,0.46,259.22
210250,4204,-2.73075,50,0.3342,0.00761,,80.0,7.1345,0.5,265.46
210300,4205,-2.25156,50,0.3341,0.007754,,72.972,4.9582,0.42,246.77
210350,4206,-1.19822,50,0.3339,0.007476,,65.803,3.4776,0.3,127.12
210400,4207,-1.97409,50,0.3337,0.007131,,70.0,5.9863,0.5,190.03
210450,4208,-1.19583,50,0.3336,0.006633,,68.0,4.3068,0.44,112.62
210500,4209,-2.14845,50,0.3334,0.007025,,63.75,5.1019,0.52,229.52
210550,4210,-1.80525,50,0.3333,0.007984,,66.25,5.0225,0.5,179.04
210600,4211,-0.80797,50,0.3331,0.007791,,67.666,3.6694,0.38,65.48
210650,4212,-4.11739,50,0.3329,0.00736,,70.302,8.8159,0.64,434.59
210700,4213,-5.71993,50,0.3328,0.006734,,67.96,9.8944,0.68,650.83
210750,4214,-4.88825,50,0.3326,0.007502,,72.978,9.7122,0.66,528.96
210800,4215,-0.51269,50,0.3325,0.007144,,72.322,3.2845,0.3,28.74
210850,4216,-1.82292,50,0.3323,0.008312,,67.122,4.7908,0.52,192.96
210900,4217,-0.91992,50,0.3322,0.007774,,61.877,3.5381,0.36,93.92
210950,4218,-0.93083,50,0.332,0.006739,,69.837,3.175,0.26,97.76
211000,4219,-0.43738,50,0.3318,0.007485,,75.018,1.9675,0.18,48.72
211050,4220,-1.11403,50,0.3317,0.007113,,69.877,3.1707,0.36,122.96
211100,4221,-0.78296,50,0.3315,0.007136,,65.355,2.8401,0.26,86.13
211150,4222,-0.80123,50,0.3314,0.008221,,69.269,3.5109,0.34,65.91
211200,4223,-2.93254,50,0.3312,0.006202,,68.075,7.8619,0.62,278.2
211250,4224,-0.66903,50,0.331,0.00792,,73.142,3.1914,0.32,49.5
211300,4225,-6.24211,50,0.3309,0.007324,,77.5,13.5598,0.66,630.99
211350,4226,-2.83587,50,0.3307,0.007481,,72.634,7.0205,0.5,291.26
211400,4227,-3.14911,50,0.3306,0.00587,,67.668,6.6917,0.5,346.58
211450,4228,-3.77836,50,0.3304,0.007164,,66.25,7.2658,0.48,422.3
211500,4229,-0.46293,50,0.3303,0.007727,,63.046,2.0147,0.24,62.2
211550,4230,-2.71875,50,0.3301,0.007935,,72.025,7.4672,0.46,253.65
211600,4231,-1.0079,50,0.3299,0.007427,,71.081,4.2942,0.48,75.2
211650,4232,-2.42147,50,0.3298,0.006945,,74.535,6.3332,0.6,236.58
211700,4233,-0.58948,50,0.3296,0.006388,,70.302,3.0963,0.3,43.98
211750,4234,-1.61428,50,0.3295,0.007368,,65.059,4.6254,0.44,164.7
211800,4235,-2.97607,50,0.3293,0.007493,,75.144,6.7858,0.54,306.64
211850,4236,-1.12471,50,0.3291,0.007396,,67.469,3.2781,0.42,125.54
211900,4237,-1.591,50,0.329,0.006947,,70.843,5.396,0.42,143.38
211950,4238,-5.75334,50,0.3288,0.007402,,72.044,11.178,0.78,625.89
212000,4239,-6.06212,50,0.3287,0.00757,,60.529,10.4311,0.74,687.17
212050,4240,-5.1821,50,0.3285,0.006999,,72.5,10.3323,0.64,555.98
212100,4241,-2.62056,50,0.3284,0.005939,,74.978,7.301,0.56,253.9
212150,4242,-0.3532,50,0.3282,0.008658,,80.159,1.1791,0.12,57.21
212200,4243,-2.6556,50,0.328,0.007531,,65.775,6.0252,0.52,286.13
212250,4244,-1.86418,50,0.3279,0.008034,,64.436,4.4973,0.38,215.33
212300,4245,-0.52288,50,0.3277,0.006473,,69.463,2.208,0.26,63.94
212350,4246,-0.16392,50,0.3276,0.006556,,71.852,1.3181,0.08,20.99
212400,4247,-0.86035,50,0.3274,0.007012,,66.767,3.1445,0.38,85.84
212450,4248,-0.15914,50,0.3272,0.00671,,74.714,1.1877,0.12,24.99
212500,4249,-1.27549,50,0.3271,0.007228,,71.026,3.9814,0.38,124.97
212550,4250,-2.19627,50,0.3269,0.007227,,61.28,5.5537,0.46,233.33
212600,4251,-3.08104,50,0.3268,0.007079,,74.222,7.9002,0.64,301.09
212650,4252,-0.80227,50,0.3266,0.007229,,74.745,3.7417,0.3,59.68
212700,4253,-0.93194,50,0.3265,0.006447,,67.548,3.6776,0.32,85.17
212750,4254,-1.92379,50,0.3263,0.006525,,72.526,5.1052,0.38,205.52
212800,4255,-2.24307,50,0.3261,0.007122,,73.502,5.7162,0.48,228.46
212850,4256,-3.10716,50,0.326,0.007083,,71.546,7.0214,0.58,325.84
212900,4257,-3.97487,50,0.3258,0.007017,,69.352,8.8441,0.64,414.92
212950,4258,-0.96103,50,0.3257,0.007244,,69.461,3.7661,0.36,85.43
213000,4259,-2.47207,50,0.3255,0.006919,,68.458,5.8568,0.52,264.18
213050,4260,-2.60135,50,0.3253,0.007215,,78.977,5.9916,0.42,274.89
213100,4261,-3.13902,50,0.3252,0.00688,,68.345,7.4225,0.6,323.17
213150,4262,-2.46102,50,0.325,0.008921,,66.675,5.3065,0.38,276.94
213200,4263,-4.33889,50,0.3249,0.006367,,73.807,8.7609,0.58,480.82
213250,4264,-5.91915,50,0.3247,0.006873,,63.027,9.2723,0.66,704.39
213300,4265,-0.60932,50,0.3246,0.007261,,67.409,2.7055,0.3,60.17
213350,4266,-0.97654,50,0.3244,0.007106,,69.73,3.4934,0.4,101.46
213400,4267,-3.4441,50,0.3242,0.007408,,71.768,7.6318,0.58,358.66
213450,4268,-0.65859,50,0.3241,0.007848,,62.706,2.9137,0.28,64.45
213500,4269,-1.09881,50,0.3239,0.007868,,62.889,3.6813,0.28,116.41
213550,4270,-2.9882,50,0.3238,0.007263,,77.9,7.4603,0.54,294.22
213600,4271,-2.90572,50,0.3236,0.007062,,57.198,5.6333,0.52,337.91
213650,4272,-3.90122,50,0.3234,0.007863,,69.0,9.1286,0.7,396.84
213700,4273,-0.34354,50,0.3233,0.008122,,65.571,1.8183,0.26,49.5
213750,4274,-3.75867,50,0.3231,0.0066,,74.199,7.0193,0.5,426.35
213800,4275,-4.05525,50,0.323,0.00649,,75.161,9.0224,0.68,411.72
213850,4276,-2.30206,50,0.3228,0.006352,,63.692,4.8972,0.48,261.38
213900,4277,-3.58935,50,0.3227,0.007546,,75.948,8.8672,0.64,350.37
213950,4278,-2.44833,50,0.3225,0.007773,,66.551,6.1042,0.5,250.55
214000,4279,-3.15956,50,0.3223,0.007133,,70.633,6.5553,0.44,345.43
214050,4280,-2.32532,50,0.3222,0.006828,,71.43,5.5573,0.46,250.58
214100,4281,-1.37697,50,0.322,0.007098,,70.81,4.5607,0.4,125.43
214150,4282,-0.61597,50,0.3219,0.00683,,68.657,2.8127,0.22,69.41
214200,4283,-0.86801,50,0.3217,0.007426,,68.6,3.3787,0.38,85.14
214250,4284,-0.19054,50,0.3215,0.007164,,74.283,1.4171,0.08,13.8
214300,4285,-2.95323,50,0.3214,0.008246,,72.875,7.3742,0.52,303.16
214350,4286,-0.23757,50,0.3212,0.008159,,70.211,1.8436,0.2,23.32
214400,4287,-4.27415,50,0.3211,0.008024,,68.673,7.6802,0.6,488.55
214450,4288,-1.99647,50,0.3209,0.007526,,72.8,5.7682,0.46,187.01
214500,4289,-1.46699,50,0.3208,0.006178,,75.227,5.0704,0.42,126.1
214550,4290,-2.39902,50,0.3206,0.006335,,72.631,5.4834,0.44,255.15
214600,4291,-2.14233,50,0.3204,0.009342,,70.65,5.2818,0.36,229.93
214650,4292,-4.24583,50,0.3203,0.007213,,72.437,10.324,0.66,413.67
214700,4293,-2.65826,50,0.3201,0.006957,,68.75,6.9438,0.54,266.02
214750,4294,-0.10384,50,0.32,0.00775,,69.696,0.8735,0.12,26.36
214800,4295,-1.61392,50,0.3198,0.008273,,63.302,3.8181,0.3,182.33
214850,4296,-1.00466,50,0.3196,0.007565,,66.039,2.9476,0.26,112.47
214900,4297,-2.2835,50,0.3195,0.007122,,64.186,6.2064,0.46,219.21
214950,4298,-0.83391,50,0.3193,0.006881,,81.534,3.2318,0.24,72.44
215000,4299,-1.12195,50,0.3192,0.007733,,66.524,4.0933,0.34,98.4
215050,4300,-2.74435,50,0.319,0.007685,,65.142,6.6961,0.58,283.36
215100,4301,-3.01271,50,0.3189,0.00736,,70.413,6.4989,0.54,330.08
215150,4302,-3.48979,50,0.3187,0.008167,,67.645,8.8249,0.66,338.04
215200,4303,-2.65784,50,0.3185,0.007478,,68.726,6.9937,0.56,260.63
215250,4304,-0.24138,50,0.3184,0.008218,,73.238,1.5637,0.24,30.65
215300,4305,-3.29533,50,0.3182,0.007915,,65.374,7.283,0.54,350.53
215350,4306,-2.70089,50,0.3181,0.006929,,71.84,5.7495,0.46,304.62
215400,4307,-2.19293,50,0.3179,0.00905,,73.343,4.6455,0.36,253.34
215450,4308,-5.21907,50,0.3177,0.008377,,75.188,10.638,0.64,560.05
215500,4309,-1.26978,50,0.3176,0.007417,,72.607,4.1613,0.42,115.72
215550,4310,-4.55581,50,0.3174,0.007579,,66.031,9.7546,0.72,482.9
215600,4311,-0.92563,50,0.3173,0.007121,,73.76,3.1952,0.26,95.34
215650,4312,-1.26186,50,0.3171,0.007261,,77.854,4.1072,0.34,118.8
215700,4313,-0.64722,50,0.317,0.007719,,72.447,2.7197,0.24,64.02
215750,4314,-4.51961,50,0.3168,0.0069,,69.309,9.0046,0.6,491.84
215800,4315,-4.43615,50,0.3166,0.007243,,62.843,6.7651,0.56,536.09
215850,4316,-1.4214,50,0.3165,0.007532,,76.44,4.4676,0.38,139.08
215900,4317,-2.87056,50,0.3163,0.006877,,65.443,6.9205,0.46,292.74
215950,4318,-1.82846,50,0.3162,0.006788,,70.687,5.251,0.4,184.09
216000,4319,-3.42914,50,0.316,0.008085,,74.484,8.587,0.68,333.61
216050,4320,-2.37904,50,0.3158,0.006344,,72.316,5.9977,0.4,239.64
216100,4321,-1.52969,50,0.3157,0.006807,,74.069,4.6511,0.38,145.59
216150,4322,-0.16076,50,0.3155,0.007004,,78.471,1.6059,0.12,17.12
216200,4323,-1.79861,50,0.3154,0.007037,,67.077,4.376,0.42,197.82
216250,4324,-1.44591,50,0.3152,0.007939,,74.814,4.5929,0.42,128.58
216300,4325,-1.67888,50,0.3151,0.006943,,69.478,4.6264,0.48,173.23
216350,4326,-1.99884,50,0.3149,0.006511,,67.174,4.4007,0.44,231.1
216400,4327,-4.31486,50,0.3147,0.007143,,73.962,9.9169,0.66,434.51
216450,4328,-2.40073,50,0.3146,0.007216,,73.125,7.3528,0.62,212.15
216500,4329,-3.99312,50,0.3144,0.007022,,69.908,8.8427,0.62,418.69
216550,4330,-0.20636,50,0.3143,0.007862,,66.587,1.6414,0.14,26.65
216600,4331,-1.84572,50,0.3141,0.008261,,71.527,4.7941,0.44,194.83
216650,4332,-2.32995,50,0.3139,0.008111,,64.85,4.682,0.36,275.91
216700,4333,-1.65393,50,0.3138,0.007683,,63.666,5.6523,0.58,137.8
216750,4334,-1.50876,50,0.3136,0.006985,,76.545,4.5663,0.34,142.24
216800,4335,-1.88494,50,0.3135,0.007401,,76.616,4.5414,0.44,205.24
216850,4336,-1.83177,50,0.3133,0.008114,,67.471,4.5358,0.42,203.28
216900,4337,-4.80053,50,0.3132,0.008033,,67.609,9.0593,0.66,536.6
216950,4338,-1.24543,50,0.313,0.007637,,69.734,4.0444,0.42,114.38
217000,4339,-3.16203,50,0.3128,0.008667,,70.131,7.9504,0.62,314.9
217050,4340,-3.26245,50,0.3127,0.008657,,81.914,7.0248,0.46,351.22
217100,4341,-3.11221,50,0.3125,0.007771,,64.223,6.9397,0.46,329.88
217150,4342,-2.7035,50,0.3124,0.008604,,66.21,5.6319,0.52,300.47
217200,4343,-0.36407,50,0.3122,0.008566,,79.57,1.7857,0.2,40.53
217250,4344,-6.17887,50,0.312,0.008492,,68.0,11.5941,0.7,673.09
217300,4345,-1.86351,50,0.3119,0.006774,,65.831,4.1735,0.42,218.1
217350,4346,-1.66263,50,0.3117,0.008053,,68.765,5.3668,0.42,148.31
217400,4347,-4.54398,50,0.3116,0.007838,,68.75,9.9281,0.64,467.1
217450,4348,-1.74169,50,0.3114,0.008138,,67.771,4.8531,0.38,173.82
217500,4349,-2.39463,50,0.3113,0.010384,,64.673,4.8272,0.42,278.0
217550,4350,-4.16318,50,0.3111,0.007753,,73.007,9.4341,0.64,422.54
217600,4351,-5.9387,50,0.3109,0.008815,,71.621,9.5683,0.72,693.95
217650,4352,-0.78719,50,0.3108,0.008055,,65.692,2.4699,0.22,102.0
217700,4353,-5.41694,50,0.3106,0.007551,,56.572,9.1983,0.74,630.2
217750,4354,-1.92007,50,0.3105,0.00791,,65.575,5.2925,0.6,199.85
217800,4355,-0.34729,50,0.3103,0.008534,,78.052,2.0278,0.18,28.92
217850,4356,-5.62721,50,0.3101,0.008408,,71.843,10.9536,0.64,613.36
217900,4357,-0.91183,50,0.31,0.008743,,66.384,3.9523,0.34,65.27
217950,4358,-2.75853,50,0.3098,0.008067,,66.975,6.0112,0.46,309.05
218000,4359,-0.64915,50,0.3097,0.006998,,73.323,3.0641,0.32,60.53
218050,4360,-1.62736,50,0.3095,0.008123,,63.763,4.9091,0.4,156.76
218100,4361,-4.00792,50,0.3094,0.008292,,77.05,8.7074,0.46,418.78
218150,4362,-2.97726,50,0.3092,0.0084,,69.417,7.2696,0.56,309.45
218200,4363,-1.65078,50,0.309,0.008847,,63.144,3.7003,0.44,192.48
218250,4364,-0.34665,50,0.3089,0.007487,,68.788,2.11,0.2,33.54
218300,4365,-3.30971,50,0.3087,0.008714,,68.061,6.7234,0.54,369.82
218350,4366,-2.04756,50,0.3086,0.009271,,65.672,4.947,0.36,221.29
218400,4367,-0.56471,50,0.3084,0.008866,,76.728,2.6986,0.2,50.95
218450,4368,-4.89197,50,0.3082,0.007883,,75.136,10.7357,0.64,496.08
218500,4369,-0.40711,50,0.3081,0.008602,,63.604,2.1207,0.26,42.15
218550,4370,-2.81185,50,0.3079,0.008147,,63.141,5.5955,0.46,327.12
218600,4371,-2.37248,50,0.3078,0.008016,,71.242,6.4401,0.44,231.73
218650,4372,-0.73944,50,0.3076,0.009495,,68.768,2.7043,0.3,83.33
218700,4373,-7.05823,50,0.3075,0.007868,,69.888,12.8911,0.74,770.89
218750,4374,-1.63927,50,0.3073,0.007715,,77.152,4.5772,0.42,168.54
218800,4375,-4.37449,50,0.3071,0.007428,,71.031,9.5342,0.66,458.91
218850,4376,-2.18012,50,0.307,0.008275,,78.497,5.897,0.42,215.09
218900,4377,-0.74218,50,0.3068,0.007435,,80.867,2.4907,0.26,72.41
218950,4378,-1.59757,50,0.3067,0.007452,,73.354,4.479,0.34,162.7
219000,4379,-3.66497,50,0.3065,0.00912,,70.652,8.7237,0.54,365.74
219050,4380,-3.77759,50,0.3063,0.008084,,77.67,7.6763,0.54,403.81
219100,4381,-0.14749,50,0.3062,0.008141,,76.819,1.5218,0.14,6.63
219150,4382,-1.29438,50,0.306,0.009228,,75.516,4.5696,0.5,119.08
219200,4383,-3.45187,50,0.3059,0.007369,,69.378,7.7657,0.56,368.17
219250,4384,-1.23391,50,0.3057,0.00828,,82.555,3.6224,0.34,121.05
219300,4385,-0.44242,50,0.3056,0.008798,,73.572,2.8396,0.2,23.61
219350,4386,-0.13748,50,0.3054,0.008176,,67.149,1.5643,0.12,14.19
219400,4387,-0.87374,50,0.3052,0.008232,,65.351,3.5078,0.36,74.22
219450,4388,-4.43522,50,0.3051,0.009031,,73.951,9.0453,0.56,473.54
219500,4389,-1.94239,50,0.3049,0.009979,,65.95,5.6803,0.42,190.27
219550,4390,-2.10158,50,0.3048,0.008675,,68.071,5.5577,0.42,210.46
219600,4391,-1.96335,50,0.3046,0.008804,,64.489,5.5937,0.46,196.52
219650,4392,-1.99995,50,0.3044,0.008651,,76.25,5.9048,0.36,192.96
219700,4393,-7.92778,50,0.3043,0.007228,,77.325,15.104,0.82,850.7
219750,4394,-2.18612,50,0.3041,0.009029,,63.305,4.6879,0.5,253.51
219800,4395,-2.95922,50,0.304,0.007941,,73.024,7.5282,0.54,289.88
219850,4396,-0.48632,50,0.3038,0.007331,,69.965,2.3623,0.22,51.9
219900,4397,-1.78117,50,0.3037,0.008483,,63.742,4.608,0.44,203.21
219950,4398,-1.80908,50,0.3035,0.007894,,69.216,5.3132,0.42,169.28
220000,4399,-0.40409,50,0.3033,0.008121,,75.909,1.9916,0.24,48.63
220050,4400,-3.1034,50,0.3032,0.009663,,70.028,7.2716,0.56,318.85
220100,4401,-0.76121,50,0.303,0.008135,,64.895,3.0895,0.28,66.6
220150,4402,-2.06634,50,0.3029,0.008205,,63.163,5.5359,0.56,207.98
220200,4403,-1.88947,50,0.3027,0.00911,,71.515,5.0526,0.46,199.4
220250,4404,-1.2495,50,0.3025,0.008673,,69.685,4.5819,0.44,104.93
220300,4405,-3.01515,50,0.3024,0.008127,,62.784,6.9789,0.54,323.15
220350,4406,-5.36624,50,0.3022,0.006834,,75.752,9.9054,0.6,599.01
220400,4407,-2.55402,50,0.3021,0.007249,,72.5,5.9475,0.46,276.62
220450,4408,-2.37337,50,0.3019,0.007686,,76.633,6.4423,0.56,224.57
220500,4409,-2.13093,50,0.3018,0.007872,,73.074,5.2033,0.48,224.75
220550,4410,-4.8053,50,0.3016,0.008487,,72.538,9.4349,0.64,519.97
220600,4411,-3.51919,50,0.3014,0.006949,,72.5,6.5074,0.58,411.29
220650,4412,-2.87358,50,0.3013,0.007032,,68.743,7.2062,0.56,282.97
220700,4413,-1.40661,50,0.3011,0.007522,,74.893,4.2629,0.36,135.06
220750,4414,-0.97466,50,0.301,0.008355,,72.659,3.6717,0.36,92.52
220800,4415,-2.26149,50,0.3008,0.008631,,69.435,6.9524,0.54,201.94
220850,4416,-2.99051,50,0.3006,0.008444,,69.3,7.0003,0.56,308.01
220900,4417,-2.84734,50,0.3005,0.008138,,78.256,7.5739,0.56,271.17
220950,4418,-2.50669,50,0.3003,0.008771,,72.733,7.0468,0.5,232.16
