global_step,episode,episode_return,episode_length,epsilon,loss,mean_q,makespan,avg_waiting_time,missed_deadlines,weighted_tardiness
50,0,-4.74161,50,0.9998,,,66.701,9.1477,0.54,528.4
100,1,-2.43468,50,0.9997,,,86.819,4.9642,0.34,275.9
150,2,-1.99731,50,0.9995,,,66.493,4.7807,0.42,215.89
200,3,-3.46074,50,0.9994,,,70.125,6.2208,0.44,400.57
250,4,-2.70875,50,0.9992,,,73.75,6.6713,0.48,276.21
300,5,-2.57302,50,0.999,,,65.911,6.1579,0.48,267.48
350,6,-3.08414,50,0.9989,,,68.519,7.1174,0.5,322.79
400,7,-4.25212,50,0.9987,,,72.272,8.9176,0.54,447.68
450,8,-1.06676,50,0.9986,,,62.636,3.3682,0.38,113.42
500,9,-4.3993,50,0.9984,,,74.839,9.1306,0.44,470.86
550,10,-3.4581,50,0.9983,,,74.643,8.449,0.44,340.24
600,11,-4.08593,50,0.9981,,,70.778,8.7517,0.58,432.1
650,12,-5.07029,50,0.9979,,,69.003,8.4127,0.48,590.94
700,13,-2.96345,50,0.9978,,,60.119,6.6888,0.56,316.01
750,14,-5.88852,50,0.9976,,,66.14,9.1546,0.56,702.72
800,15,-3.34391,50,0.9975,,,65.0,7.7691,0.6,348.89
850,16,-4.90104,50,0.9973,,,72.408,9.4946,0.62,546.03
900,17,-2.79029,50,0.9971,,,66.142,6.2321,0.52,305.6
950,18,-3.01701,50,0.997,,,65.0,6.4329,0.54,333.98
1000,19,-2.38808,50,0.9968,,,72.019,5.9874,0.48,244.53
1050,20,-3.17682,50,0.9967,,,68.808,6.6374,0.4,346.17
1100,21,-4.07692,50,0.9965,,,64.699,7.0151,0.46,476.8
1150,22,-2.63399,50,0.9964,,,71.559,6.1276,0.38,278.08
1200,23,-3.10789,50,0.9962,,,74.432,6.8223,0.42,327.87
1250,24,-4.30419,50,0.996,,,81.72,8.9182,0.52,452.39
1300,25,-0.34529,50,0.9959,,,60.963,1.4592,0.16,52.52
1350,26,-2.26147,50,0.9957,,,65.023,5.9757,0.52,223.52
1400,27,-4.05557,50,0.9956,,,80.177,8.6239,0.46,429.31
1450,28,-2.96435,50,0.9954,,,61.463,7.3275,0.58,310.45
1500,29,-2.59614,50,0.9952,,,70.845,6.1983,0.46,262.06
1550,30,-5.77425,50,0.9951,,,79.127,11.4833,0.64,610.56
1600,31,-3.71632,50,0.9949,,,72.999,7.7003,0.52,395.03
1650,32,-3.14641,50,0.9948,,,70.84,7.8617,0.5,309.98
1700,33,-1.45694,50,0.9946,,,67.025,4.6346,0.4,136.07
1750,34,-0.2986,50,0.9945,,,69.65,1.7486,0.14,34.72
1800,35,-1.36992,50,0.9943,,,69.676,4.445,0.4,127.82
1850,36,-4.05044,50,0.9941,,,76.25,8.7178,0.56,431.82
1900,37,-7.99435,50,0.994,,,72.5,12.7974,0.68,921.74
1950,38,-1.70755,50,0.9938,,,68.848,4.9972,0.4,167.21
2000,39,-2.67895,50,0.9937,,,79.879,5.5238,0.38,291.08
2050,40,-3.80216,50,0.9935,,,74.225,8.928,0.48,377.21
2100,41,-3.04101,50,0.9933,,,72.907,6.6025,0.42,329.85
2150,42,-0.91921,50,0.9932,,,74.374,3.4981,0.32,85.97
2200,43,-0.4649,50,0.993,,,68.756,2.0957,0.16,54.55
2250,44,-2.30349,50,0.9929,,,66.728,5.6566,0.44,241.13
2300,45,-4.80169,50,0.9927,,,74.873,10.2616,0.56,506.08
2350,46,-0.52508,50,0.9926,,,66.051,2.5145,0.2,47.43
2400,47,-4.32076,50,0.9924,,,69.588,9.826,0.54,438.72
2450,48,-3.57437,50,0.9922,,,67.257,8.3821,0.52,360.39
2500,49,-3.41119,50,0.9921,,,66.707,8.1206,0.44,344.43
2550,50,-3.08484,50,0.9919,,,73.75,7.5288,0.58,310.11
2600,51,-4.89898,50,0.9918,,,69.0,8.0632,0.56,570.55
2650,52,-4.05386,50,0.9916,,,67.423,8.8121,0.5,433.26
2700,53,-4.26362,50,0.9915,,,67.956,9.1148,0.64,446.97
2750,54,0.06945,50,0.9913,,,69.49,0.5428,0.02,1.36
2800,55,-0.33612,50,0.9911,,,71.023,2.2498,0.14,31.24
2850,56,-4.33749,50,0.991,,,71.128,9.0683,0.52,465.39
2900,57,-0.34028,50,0.9908,,,71.679,1.7763,0.18,44.05
2950,58,-1.30683,50,0.9907,,,66.0,4.2211,0.36,133.2
3000,59,-5.33783,50,0.9905,,,77.215,10.7983,0.6,562.51
3050,60,-4.44809,50,0.9903,,,73.792,7.2729,0.42,522.29
3100,61,0.02259,50,0.9902,,,84.537,0.6091,0.06,10.35
3150,62,-1.01928,50,0.99,,,64.808,3.827,0.4,97.38
3200,63,-2.67512,50,0.9899,,,72.742,6.014,0.46,281.14
3250,64,-6.3753,50,0.9897,,,72.5,10.5261,0.6,733.42
3300,65,-3.45282,50,0.9896,,,75.312,7.9206,0.46,347.33
3350,66,-1.46998,50,0.9894,,,70.836,4.4046,0.36,146.97
3400,67,-4.68637,50,0.9892,,,73.0,9.8277,0.58,494.33
3450,68,-1.35843,50,0.9891,,,69.874,3.7565,0.26,146.68
3500,69,-1.99256,50,0.9889,,,63.467,5.3556,0.36,202.79
3550,70,-3.89776,50,0.9888,,,61.6,8.5157,0.58,413.55
3600,71,-2.20019,50,0.9886,,,58.043,4.547,0.42,248.42
3650,72,-2.8668,50,0.9884,,,68.768,6.7463,0.56,297.43
3700,73,-1.73558,50,0.9883,,,60.0,4.2425,0.46,204.53
3750,74,-0.84301,50,0.9881,,,69.575,2.17,0.22,108.76
3800,75,-1.53074,50,0.988,,,65.771,4.0029,0.4,167.23
3850,76,-1.92899,50,0.9878,,,68.83,4.6993,0.34,209.22
3900,77,-3.32832,50,0.9877,,,61.925,7.4814,0.58,347.75
3950,78,-0.77916,50,0.9875,,,65.386,2.5898,0.2,84.53
4000,79,-2.7266,50,0.9873,,,71.726,6.6398,0.42,275.21
4050,80,-1.43975,50,0.9872,,,64.064,3.9292,0.48,155.9
4100,81,-1.14002,50,0.987,,,69.662,3.6226,0.3,116.25
4150,82,-2.75847,50,0.9869,,,70.0,7.0179,0.52,274.2
4200,83,-1.64772,50,0.9867,,,70.12,5.1919,0.42,151.8
4250,84,-3.28926,50,0.9865,,,66.658,7.54,0.54,343.06
4300,85,-3.19025,50,0.9864,,,64.168,6.0345,0.4,361.24
4350,86,-5.34286,50,0.9862,,,73.622,12.0744,0.64,534.79
4400,87,-2.65298,50,0.9861,,,70.208,7.2159,0.5,256.26
4450,88,-3.77972,50,0.9859,,,62.517,8.4126,0.66,396.83
4500,89,-1.52223,50,0.9858,,,73.97,4.2115,0.42,155.75
4550,90,0.01795,50,0.9856,,,71.102,0.526,0.08,14.06
4600,91,-2.63096,50,0.9854,,,72.277,6.9114,0.38,258.78
4650,92,-1.40456,50,0.9853,,,65.314,4.1145,0.32,148.4
4700,93,-3.53744,50,0.9851,,,72.275,7.5303,0.46,378.58
4750,94,-3.51454,50,0.985,,,69.354,7.9536,0.54,359.44
4800,95,-1.6724,50,0.9848,,,71.344,3.7089,0.36,188.68
4850,96,-1.88112,50,0.9846,,,69.892,5.5515,0.44,183.36
4900,97,-4.02892,50,0.9845,,,65.201,8.532,0.62,429.5
4950,98,-5.80214,50,0.9843,,,63.717,10.4865,0.68,649.16
5000,99,-2.53705,50,0.9842,,,56.806,5.2704,0.42,296.56
5050,100,-2.15622,50,0.984,,,67.76,4.78,0.36,244.52
5100,101,-3.87569,50,0.9839,,,76.58,9.2075,0.42,384.66
5150,102,-3.07718,50,0.9837,,,67.158,7.6275,0.44,307.97
5200,103,-5.65574,50,0.9835,,,78.383,9.5113,0.6,651.85
5250,104,-3.98916,50,0.9834,,,67.885,9.8123,0.6,385.4
5300,105,-2.37872,50,0.9832,,,60.762,6.0426,0.46,247.41
5350,106,-0.88301,50,0.9831,,,74.801,3.2505,0.28,84.02
5400,107,-2.91269,50,0.9829,,,79.71,5.6826,0.38,330.4
5450,108,-6.16409,50,0.9827,,,72.693,10.2767,0.64,712.93
5500,109,-2.00116,50,0.9826,,,66.686,6.094,0.42,183.28
5550,110,-3.72052,50,0.9824,,,71.965,8.5439,0.52,378.14
5600,111,-3.42834,50,0.9823,,,61.919,7.9103,0.48,348.91
5650,112,-4.26926,50,0.9821,,,63.216,7.4976,0.5,501.79
5700,113,-4.92669,50,0.9819,,,71.595,11.0668,0.64,497.28
5750,114,-1.811,50,0.9818,,,67.523,4.7445,0.42,187.8
5800,115,-0.80332,50,0.9816,,,76.074,2.6547,0.24,81.23
5850,116,-0.50937,50,0.9815,,,67.392,2.3811,0.28,57.22
5900,117,-5.22315,50,0.9813,,,66.148,10.1636,0.66,565.28
5950,118,-1.77214,50,0.9812,,,71.405,5.4099,0.46,164.18
6000,119,-1.23605,50,0.981,,,67.018,4.1239,0.48,118.24
6050,120,-3.68201,50,0.9808,,,67.5,8.4221,0.6,375.37
6100,121,-3.69676,50,0.9807,,,67.151,8.1382,0.54,394.35
6150,122,-1.92739,50,0.9805,,,71.046,5.7594,0.5,189.56
6200,123,-2.05974,50,0.9804,,,79.651,5.6646,0.3,196.19
6250,124,-3.23997,50,0.9802,,,66.793,6.8407,0.52,356.4
6300,125,-2.71826,50,0.98,,,69.863,5.7979,0.36,298.34
6350,126,-2.43839,50,0.9799,,,67.905,6.0116,0.46,247.39
6400,127,-1.56726,50,0.9797,,,66.719,4.2898,0.38,164.25
6450,128,-5.47441,50,0.9796,,,66.577,10.5451,0.64,599.81
6500,129,-4.55715,50,0.9794,,,71.711,9.5861,0.66,476.26
6550,130,-5.25049,50,0.9793,,,77.211,11.8087,0.68,522.98
6600,131,-3.33381,50,0.9791,,,71.148,7.3425,0.44,359.43
6650,132,-0.98993,50,0.9789,,,72.433,3.5049,0.32,95.84
6700,133,-1.54217,50,0.9788,,,65.078,4.9036,0.38,148.52
6750,134,-3.31651,50,0.9786,,,67.075,8.3434,0.58,328.38
6800,135,-1.18517,50,0.9785,,,79.739,3.244,0.24,132.22
6850,136,-4.06115,50,0.9783,,,73.404,8.1323,0.5,442.77
6900,137,-2.50483,50,0.9781,,,63.657,5.4929,0.44,275.76
6950,138,-3.81744,50,0.978,,,73.958,7.1856,0.52,430.35
7000,139,-3.36272,50,0.9778,,,71.425,7.7498,0.48,345.25
7050,140,-0.91404,50,0.9777,,,68.754,3.0077,0.26,87.1
7100,141,-5.72264,50,0.9775,,,72.426,8.6279,0.48,683.66
7150,142,-0.81566,50,0.9774,,,72.033,3.0402,0.28,78.62
7200,143,-0.61528,50,0.9772,,,70.214,2.6235,0.3,64.9
7250,144,-5.24402,50,0.977,,,63.812,10.0508,0.62,577.99
7300,145,-2.4264,50,0.9769,,,70.452,4.9907,0.46,275.36
7350,146,-1.7829,50,0.9767,,,61.707,4.8057,0.36,181.12
7400,147,-1.99775,50,0.9766,,,62.76,5.6241,0.42,199.98
7450,148,-4.15613,50,0.9764,,,67.927,8.9237,0.56,439.77
7500,149,-1.31617,50,0.9762,,,69.993,4.1101,0.38,128.48
7550,150,-2.30746,50,0.9761,,,65.345,5.5662,0.42,244.95
7600,151,-0.97687,50,0.9759,,,70.248,3.8778,0.38,88.17
7650,152,-2.98975,50,0.9758,,,70.309,7.0997,0.38,308.02
7700,153,-2.81678,50,0.9756,,,73.597,5.6381,0.48,318.06
7750,154,-1.79033,50,0.9755,,,75.986,4.0365,0.3,201.53
7800,155,-6.49544,50,0.9753,,,68.0,11.1859,0.64,741.35
7850,156,-0.34701,50,0.9751,,,69.127,1.9341,0.16,43.52
7900,157,-3.91688,50,0.975,,,65.782,8.6078,0.64,409.4
7950,158,-0.55453,50,0.9748,,,68.772,2.2189,0.28,59.1
8000,159,-5.92835,50,0.9747,,,70.989,10.7106,0.66,661.93
8050,160,-1.09896,50,0.9745,,,69.047,3.8076,0.24,112.9
8100,161,-0.06227,50,0.9744,,,73.58,1.07,0.18,19.87
8150,162,-5.45513,50,0.9742,,,73.944,12.0528,0.6,551.07
8200,163,-0.46615,50,0.974,,,69.616,2.3444,0.22,52.09
8250,164,-5.13772,50,0.9739,,,66.556,9.6096,0.66,570.56
8300,165,-1.37432,50,0.9737,,,69.932,4.3612,0.38,129.57
8350,166,-1.1522,50,0.9736,,,72.265,4.2236,0.3,114.19
8400,167,-2.15036,50,0.9734,,,61.383,5.1104,0.36,231.32
8450,168,-3.10113,50,0.9732,,,65.787,7.3619,0.62,317.18
8500,169,-3.57863,50,0.9731,,,74.747,6.6086,0.5,413.6
8550,170,-0.62923,50,0.9729,,,69.561,2.747,0.2,66.2
8600,171,-0.68969,50,0.9728,,,61.692,2.799,0.32,73.2
8650,172,-4.44807,50,0.9726,,,67.84,9.7267,0.66,463.38
8700,173,-1.80628,50,0.9725,,,67.066,4.8982,0.32,188.48
8750,174,-3.3596,50,0.9723,,,68.418,7.0472,0.54,362.89
8800,175,-0.38316,50,0.9721,,,64.358,1.9208,0.28,58.19
8850,176,-0.85132,50,0.972,,,71.083,2.6897,0.24,93.19
8900,177,-3.34044,50,0.9718,,,64.517,6.3399,0.48,382.68
8950,178,-2.35049,50,0.9717,,,69.06,5.8978,0.44,242.3
9000,179,-0.43039,50,0.9715,,,65.398,1.6457,0.22,61.77
9050,180,-4.99481,50,0.9713,,,65.694,8.5847,0.62,579.34
9100,181,-0.65325,50,0.9712,,,68.459,2.6659,0.28,64.25
9150,182,-2.35929,50,0.971,,,72.136,5.9721,0.42,232.32
9200,183,-1.09553,50,0.9709,,,68.578,3.0173,0.24,125.52
9250,184,-2.78934,50,0.9707,,,65.557,7.5119,0.48,264.46
9300,185,-2.4314,50,0.9706,,,68.174,6.5039,0.52,230.4
9350,186,-1.76483,50,0.9704,,,76.135,4.3881,0.34,184.77
9400,187,-1.31033,50,0.9702,,,66.467,4.3476,0.38,126.45
9450,188,-1.90161,50,0.9701,,,61.402,4.0585,0.42,226.58
9500,189,-1.62966,50,0.9699,,,64.876,5.1307,0.42,151.7
9550,190,-2.05032,50,0.9698,,,65.658,4.5727,0.4,241.28
9600,191,-3.73657,50,0.9696,,,67.5,8.1634,0.52,396.79
9650,192,-3.67805,50,0.9694,,,66.815,8.1403,0.52,388.72
9700,193,-3.01743,50,0.9693,,,68.959,6.9744,0.52,303.26
9750,194,-1.97487,50,0.9691,,,67.944,5.1421,0.44,201.96
9800,195,-1.75929,50,0.969,,,76.591,3.7462,0.34,205.74
9850,196,-0.8592,50,0.9688,,,73.493,2.705,0.24,91.3
9900,197,-2.6591,50,0.9687,,,70.677,6.1868,0.48,281.4
9950,198,-2.74726,50,0.9685,,,65.174,6.9645,0.48,272.77
10000,199,-0.10785,50,0.9683,,,79.402,1.1131,0.12,18.59
10050,200,-1.38189,50,0.9682,0.006532,,68.991,3.8435,0.36,147.8
10100,201,-4.72797,50,0.968,0.005925,,70.992,8.8243,0.58,526.24
10150,202,-2.0885,50,0.9679,0.006748,,69.134,5.6814,0.38,208.52
10200,203,-2.93721,50,0.9677,0.006058,,80.0,7.7765,0.5,276.24
10250,204,-3.07206,50,0.9675,0.005463,,66.4,6.653,0.42,337.79
10300,205,-2.65693,50,0.9674,0.004531,,66.5,5.9388,0.4,287.17
10350,206,-4.44217,50,0.9672,0.005988,,71.8,9.765,0.64,454.99
10400,207,-3.21034,50,0.9671,0.007459,,69.904,5.38,0.48,387.4
10450,208,-2.78882,50,0.9669,0.005155,,71.894,7.7181,0.48,265.53
10500,209,-3.65154,50,0.9667,0.004211,,71.86,8.1215,0.6,381.12
10550,210,-1.89767,50,0.9666,0.005745,,68.208,4.8399,0.4,203.97
10600,211,-3.38224,50,0.9664,0.00599,,62.871,6.3965,0.42,388.05
10650,212,-1.51046,50,0.9663,0.005501,,74.149,4.6346,0.38,147.73
10700,213,-3.83058,50,0.9661,0.005038,,68.063,7.1148,0.54,435.95
10750,214,-0.60084,50,0.966,0.00513,,64.387,2.4279,0.24,70.09
10800,215,-1.42088,50,0.9658,0.004715,,66.217,4.1607,0.34,154.88
10850,216,-0.3358,50,0.9656,0.004386,,70.309,1.7302,0.24,46.13
10900,217,-1.72205,50,0.9655,0.00487,,59.0,4.5717,0.5,192.5
10950,218,-3.8388,50,0.9653,0.004906,,69.435,7.3234,0.48,431.62
11000,219,-3.72226,50,0.9652,0.00492,,72.786,8.8435,0.58,378.59
11050,220,-4.93342,50,0.965,0.004693,,73.093,9.1111,0.52,549.54
11100,221,-5.64728,50,0.9648,0.005212,,73.0,10.4892,0.62,624.05
11150,222,-2.12344,50,0.9647,0.003257,,75.108,5.8959,0.4,207.36
11200,223,-1.88386,50,0.9645,0.004888,,64.577,5.2025,0.48,190.4
11250,224,-0.45557,50,0.9644,0.003684,,72.378,1.7832,0.18,49.13
11300,225,-1.27321,50,0.9642,0.005702,,73.206,3.299,0.22,136.88
11350,226,-1.11944,50,0.9641,0.003889,,71.308,3.5342,0.3,111.99
11400,227,-4.17352,50,0.9639,0.004624,,70.363,8.1324,0.6,464.37
11450,228,-2.22581,50,0.9637,0.003532,,70.427,4.5711,0.4,258.69
11500,229,-1.63292,50,0.9636,0.004116,,64.0,5.0105,0.5,160.45
11550,230,-2.08819,50,0.9634,0.004928,,69.017,5.8051,0.48,199.09
11600,231,-2.59007,50,0.9633,0.003266,,74.92,6.5378,0.4,263.04
11650,232,-1.90543,50,0.9631,0.00415,,65.292,5.1304,0.48,194.92
11700,233,-5.60563,50,0.9629,0.003688,,74.054,11.2835,0.64,593.52
11750,234,-2.07228,50,0.9628,0.003835,,70.742,5.8731,0.46,197.38
11800,235,-4.93239,50,0.9626,0.005679,,74.353,10.6356,0.66,519.25
11850,236,-3.32529,50,0.9625,0.003956,,72.597,7.3139,0.44,345.27
11900,237,-2.05548,50,0.9623,0.004428,,68.256,4.8284,0.3,229.65
11950,238,-7.34446,50,0.9622,0.003218,,70.179,13.6567,0.68,801.88
12000,239,-2.75683,50,0.962,0.003749,,65.832,6.5766,0.44,290.85
12050,240,-3.17782,50,0.9618,0.00501,,83.796,6.6073,0.42,341.93
12100,241,-1.37387,50,0.9617,0.004993,,68.513,2.8717,0.22,175.13
12150,242,-4.5082,50,0.9615,0.003804,,70.382,8.9664,0.6,490.0
12200,243,-1.43302,50,0.9614,0.00451,,63.182,4.4338,0.36,134.81
12250,244,-1.48721,50,0.9612,0.003319,,72.958,4.2768,0.3,148.2
12300,245,-2.83038,50,0.961,0.00439,,66.287,6.6326,0.42,295.32
12350,246,-0.31236,50,0.9609,0.002789,,68.026,1.9233,0.2,34.06
12400,247,-3.2606,50,0.9607,0.003439,,66.272,7.5321,0.44,338.53
12450,248,-1.16986,50,0.9606,0.004827,,63.388,3.8732,0.36,114.55
12500,249,-1.40558,50,0.9604,0.004596,,69.133,4.1407,0.42,145.56
12550,250,-1.79152,50,0.9603,0.003671,,63.75,4.6523,0.48,191.97
12600,251,-0.97945,50,0.9601,0.004415,,65.274,3.0967,0.32,100.37
12650,252,-3.3494,50,0.9599,0.004287,,70.089,7.7622,0.56,345.5
12700,253,-3.97269,50,0.9598,0.004241,,60.649,8.4196,0.66,424.28
12750,254,-2.03821,50,0.9596,0.002549,,59.356,4.3635,0.28,236.11
12800,255,-1.89122,50,0.9595,0.003108,,71.55,5.2635,0.4,185.09
12850,256,-6.36725,50,0.9593,0.003119,,67.603,12.3244,0.74,685.17
12900,257,-3.31316,50,0.9591,0.003925,,72.359,5.7675,0.48,393.82
12950,258,-5.94629,50,0.959,0.002759,,74.321,10.8307,0.66,657.28
13000,259,-4.00102,50,0.9588,0.004947,,70.811,7.947,0.5,436.42
13050,260,-1.24776,50,0.9587,0.004457,,71.953,4.121,0.24,125.85
13100,261,-0.24866,50,0.9585,0.003585,,64.848,2.0725,0.16,23.76
13150,262,-2.57219,50,0.9584,0.003559,,58.166,6.8205,0.6,254.87
13200,263,-4.72139,50,0.9582,0.003361,,72.345,8.114,0.6,545.43
13250,264,-2.13641,50,0.958,0.003646,,75.388,5.5612,0.44,215.68
13300,265,-0.74703,50,0.9579,0.004423,,70.512,2.7494,0.24,76.16
13350,266,-2.72337,50,0.9577,0.003309,,66.764,5.5307,0.44,301.92
13400,267,-1.80856,50,0.9576,0.00294,,71.976,4.4006,0.4,197.34
13450,268,-2.65077,50,0.9574,0.003718,,70.085,6.6493,0.4,268.33
13500,269,-4.14297,50,0.9573,0.004155,,64.8,8.2827,0.6,460.59
13550,270,-3.52534,50,0.9571,0.003031,,62.463,8.3594,0.56,358.87
13600,271,-1.51119,50,0.9569,0.00343,,65.992,3.7873,0.28,175.62
13650,272,-3.51013,50,0.9568,0.003427,,67.433,6.4494,0.52,408.11
13700,273,-2.1246,50,0.9566,0.00267,,72.016,5.3852,0.46,222.66
13750,274,-0.31589,50,0.9565,0.003665,,65.927,2.0201,0.18,29.62
13800,275,-2.07852,50,0.9563,0.002705,,75.448,5.8852,0.38,193.93
13850,276,-1.86239,50,0.9561,0.004398,,63.866,5.1549,0.5,183.81
13900,277,-3.44598,50,0.956,0.002876,,71.25,8.2891,0.56,344.25
13950,278,-5.07645,50,0.9558,0.004085,,78.143,9.1849,0.56,567.39
14000,279,-3.16652,50,0.9557,0.004433,,70.0,7.5003,0.48,321.76
14050,280,-4.20601,50,0.9555,0.003707,,75.0,9.6545,0.62,417.63
14100,281,-3.08267,50,0.9554,0.00391,,69.921,6.7947,0.44,336.76
14150,282,-2.4586,50,0.9552,0.005123,,72.153,6.1152,0.44,252.41
14200,283,-1.64,50,0.955,0.003143,,73.608,4.4954,0.38,165.75
14250,284,-3.52244,50,0.9549,0.003848,,72.799,6.9892,0.5,387.33
14300,285,-6.82451,50,0.9547,0.003224,,74.781,10.9745,0.72,794.8
14350,286,-1.62419,50,0.9546,0.003271,,61.466,4.9091,0.42,157.43
14400,287,-4.85946,50,0.9544,0.004355,,73.455,10.5884,0.66,499.54
14450,288,-3.22451,50,0.9542,0.003922,,74.043,6.8937,0.54,348.88
14500,289,-3.22106,50,0.9541,0.003587,,69.414,7.0049,0.5,346.84
14550,290,-1.97428,50,0.9539,0.003458,,63.977,4.4003,0.44,230.44
14600,291,-2.20791,50,0.9538,0.002669,,70.0,6.4295,0.4,202.49
14650,292,-2.14444,50,0.9536,0.004011,,67.067,5.3882,0.34,230.87
14700,293,-2.83084,50,0.9535,0.003736,,67.949,5.6626,0.44,321.23
14750,294,-2.05088,50,0.9533,0.003158,,64.095,4.3967,0.44,238.37
14800,295,-1.05489,50,0.9531,0.004626,,85.046,2.9349,0.22,110.51
14850,296,-1.16126,50,0.953,0.00459,,71.364,2.8715,0.3,137.82
14900,297,-4.8123,50,0.9528,0.002404,,69.549,9.2596,0.54,527.72
14950,298,-2.71754,50,0.9527,0.002674,,66.112,6.5726,0.48,281.86
15000,299,-5.73439,50,0.9525,0.004226,,72.797,11.595,0.64,606.12
15050,300,-3.73828,50,0.9523,0.003882,,71.997,8.5448,0.54,385.81
15100,301,-0.17184,50,0.9522,0.004669,,84.098,1.3631,0.16,26.61
15150,302,-3.05915,50,0.952,0.00352,,73.762,7.4101,0.5,309.13
15200,303,-2.84695,50,0.9519,0.00304,,63.726,6.3829,0.44,306.05
15250,304,-7.17648,50,0.9517,0.004281,,72.5,12.9195,0.72,787.88
15300,305,-2.95836,50,0.9516,0.003442,,72.017,7.9316,0.46,282.47
15350,306,-4.04733,50,0.9514,0.003098,,68.329,6.8699,0.56,480.1
15400,307,-3.88118,50,0.9512,0.003804,,70.0,7.6375,0.56,432.21
15450,308,-3.49309,50,0.9511,0.003746,,75.409,7.1419,0.52,389.53
15500,309,-2.59079,50,0.9509,0.004139,,73.944,6.0731,0.48,279.43
15550,310,-0.34407,50,0.9508,0.002855,,65.618,1.8433,0.2,40.16
15600,311,-2.91892,50,0.9506,0.004307,,69.372,6.3729,0.42,315.19
15650,312,-2.52307,50,0.9504,0.004266,,63.437,6.7682,0.52,247.05
15700,313,-1.15261,50,0.9503,0.003264,,77.911,3.9909,0.32,105.9
15750,314,-3.07814,50,0.9501,0.003202,,73.085,8.4364,0.54,288.22
15800,315,-1.11306,50,0.95,0.003801,,73.82,2.9516,0.22,121.8
15850,316,-3.02862,50,0.9498,0.003967,,64.0,7.7411,0.48,301.47
15900,317,-2.5698,50,0.9496,0.003767,,65.68,6.4977,0.44,263.04
15950,318,-2.0985,50,0.9495,0.002947,,74.978,5.4579,0.38,219.53
16000,319,-4.69748,50,0.9493,0.003302,,69.378,7.5607,0.52,558.66
16050,320,-1.93075,50,0.9492,0.004585,,68.271,5.3865,0.46,195.79
16100,321,-3.28973,50,0.949,0.004157,,68.028,7.9201,0.5,334.41
16150,322,-3.99539,50,0.9489,0.003795,,71.673,8.0534,0.54,435.88
16200,323,-6.06766,50,0.9487,0.003645,,71.786,11.9728,0.66,644.64
16250,324,-1.43287,50,0.9485,0.003351,,69.402,4.5189,0.34,142.92
16300,325,-1.65207,50,0.9484,0.00328,,72.313,4.6074,0.34,165.2
16350,326,-3.96797,50,0.9482,0.003205,,73.725,7.6796,0.5,442.96
16400,327,-0.67558,50,0.9481,0.002472,,69.868,2.7714,0.24,67.94
16450,328,-1.82674,50,0.9479,0.003631,,74.14,5.5744,0.42,171.09
16500,329,-2.49703,50,0.9477,0.00293,,68.75,5.7091,0.46,268.43
16550,330,-2.45451,50,0.9476,0.00309,,64.655,6.248,0.42,245.32
16600,331,-1.59106,50,0.9474,0.003424,,69.346,4.6102,0.46,154.68
16650,332,-3.27014,50,0.9473,0.003439,,71.423,7.9346,0.58,325.09
16700,333,-0.86839,50,0.9471,0.003139,,67.1,2.7144,0.26,102.21
16750,334,-2.01364,50,0.947,0.00347,,72.5,5.2533,0.34,206.21
16800,335,-1.57056,50,0.9468,0.002478,,68.931,5.0322,0.38,149.57
16850,336,-3.96555,50,0.9466,0.002738,,72.658,7.8292,0.46,431.44
16900,337,-6.44297,50,0.9465,0.002327,,67.637,10.8972,0.66,731.84
16950,338,-3.30521,50,0.9463,0.002936,,71.326,6.25,0.42,379.82
17000,339,-3.0391,50,0.9462,0.004283,,79.775,6.0297,0.4,342.58
17050,340,-0.17735,50,0.946,0.003401,,67.33,1.7766,0.18,17.25
17100,341,-0.9598,50,0.9458,0.002811,,74.097,3.2484,0.3,96.45
17150,342,-2.66718,50,0.9457,0.002655,,68.75,6.1373,0.56,285.19
17200,343,-2.0799,50,0.9455,0.00327,,71.449,5.3802,0.4,205.89
17250,344,-3.28197,50,0.9454,0.003566,,71.712,8.0376,0.6,330.25
17300,345,-1.11231,50,0.9452,0.004065,,65.877,3.5675,0.4,113.02
17350,346,-1.81197,50,0.9451,0.003163,,70.491,4.3566,0.4,196.86
17400,347,-4.30144,50,0.9449,0.00323,,75.533,10.3592,0.58,422.58
17450,348,-0.5231,50,0.9447,0.002606,,71.028,2.4858,0.24,43.43
17500,349,-0.85076,50,0.9446,0.003167,,72.335,3.0181,0.3,92.15
17550,350,-2.8875,50,0.9444,0.004028,,71.857,5.3316,0.34,335.6
17600,351,-2.7546,50,0.9443,0.002805,,61.05,6.1078,0.48,295.42
17650,352,-3.59111,50,0.9441,0.003303,,70.037,7.3968,0.48,394.03
17700,353,-1.93965,50,0.9439,0.004709,,66.959,4.6883,0.36,220.09
17750,354,-3.97908,50,0.9438,0.002674,,78.654,7.2009,0.42,451.38
17800,355,-0.97233,50,0.9436,0.003552,,71.01,3.6029,0.4,87.57
17850,356,-3.19282,50,0.9435,0.003462,,65.541,6.8116,0.48,346.0
17900,357,-3.4457,50,0.9433,0.00306,,69.169,7.4268,0.46,366.16
17950,358,-3.33696,50,0.9432,0.003631,,76.637,8.1914,0.52,331.58
18000,359,-4.35453,50,0.943,0.003279,,72.5,8.2576,0.54,483.58
18050,360,-0.33148,50,0.9428,0.003227,,72.053,1.8837,0.22,33.6
18100,361,-2.52583,50,0.9427,0.003799,,79.148,6.5852,0.5,243.52
18150,362,-5.05622,50,0.9425,0.003031,,69.42,9.5324,0.48,557.08
18200,363,-3.88057,50,0.9424,0.002778,,76.475,8.4656,0.52,400.4
18250,364,-4.24843,50,0.9422,0.004277,,68.629,9.2738,0.58,446.28
18300,365,-5.48781,50,0.9421,0.003743,,76.555,9.7511,0.66,616.63
18350,366,-0.83161,50,0.9419,0.002674,,80.995,3.4108,0.3,66.77
18400,367,-3.44202,50,0.9417,0.00257,,70.921,7.4228,0.34,373.41
18450,368,-2.0625,50,0.9416,0.002808,,65.302,4.907,0.4,227.43
18500,369,-4.03896,50,0.9414,0.002902,,71.898,8.9941,0.58,422.2
18550,370,-4.2082,50,0.9413,0.003227,,70.0,9.4167,0.52,429.23
18600,371,-0.62572,50,0.9411,0.004132,,67.936,2.6504,0.24,60.88
18650,372,-6.76349,50,0.9409,0.002693,,72.996,11.0894,0.66,779.66
18700,373,-1.02832,50,0.9408,0.002562,,58.956,3.3868,0.4,109.19
18750,374,-4.25922,50,0.9406,0.002631,,73.65,8.6119,0.5,464.5
18800,375,0.05896,50,0.9405,0.002893,,72.326,0.6714,0.06,4.88
18850,376,-3.41853,50,0.9403,0.002439,,66.518,7.9543,0.54,352.78
18900,377,-0.58465,50,0.9402,0.003801,,79.238,2.4698,0.2,59.63
18950,378,-0.88199,50,0.94,0.003545,,68.643,3.4412,0.34,86.03
19000,379,-1.34914,50,0.9398,0.004755,,77.557,5.1169,0.44,104.97
19050,380,-4.00339,50,0.9397,0.003278,,65.6,9.8161,0.62,390.91
19100,381,-5.38583,50,0.9395,0.003496,,81.05,10.5998,0.58,583.44
19150,382,-3.87684,50,0.9394,0.002684,,69.755,9.5941,0.62,372.56
19200,383,-3.33603,50,0.9392,0.003669,,65.693,8.6865,0.58,318.45
19250,384,-3.26336,50,0.939,0.002966,,69.0,7.6515,0.58,332.61
19300,385,-1.06804,50,0.9389,0.003235,,66.405,3.7857,0.28,106.91
19350,386,-1.46796,50,0.9387,0.002625,,68.846,3.4953,0.2,166.19
19400,387,-3.17556,50,0.9386,0.003008,,70.479,7.0558,0.52,342.56
19450,388,-2.57652,50,0.9384,0.003127,,75.0,6.2808,0.46,262.79
19500,389,-2.01273,50,0.9383,0.003467,,68.504,4.9821,0.46,215.77
19550,390,-2.34711,50,0.9381,0.003001,,71.503,5.7788,0.48,238.53
19600,391,-4.17841,50,0.9379,0.002696,,67.5,7.4684,0.6,480.11
19650,392,-4.09023,50,0.9378,0.003029,,64.834,8.116,0.6,444.51
19700,393,-1.9748,50,0.9376,0.003286,,74.481,5.482,0.44,192.89
19750,394,-1.72598,50,0.9375,0.002881,,66.381,5.1968,0.42,162.2
19800,395,-3.76738,50,0.9373,0.003648,,64.821,8.0586,0.56,397.84
19850,396,-1.45849,50,0.9371,0.003303,,64.408,4.5383,0.44,146.18
19900,397,-4.98756,50,0.937,0.003946,,70.878,9.2737,0.64,557.63
19950,398,-0.09331,50,0.9368,0.003433,,72.861,1.4949,0.14,5.52
20000,399,-1.72249,50,0.9367,0.003121,,73.052,4.9795,0.38,168.93
20050,400,-4.6524,50,0.9365,0.003624,,71.356,10.2264,0.66,480.74
20100,401,-0.12328,50,0.9364,0.00308,,79.271,1.35,0.12,11.78
20150,402,-3.01622,50,0.9362,0.002947,,62.884,6.2953,0.42,332.41
20200,403,-4.7547,50,0.936,0.002672,,64.923,9.253,0.56,519.27
20250,404,-4.34809,50,0.9359,0.003408,,73.1,8.2255,0.54,486.84
20300,405,-1.27185,50,0.9357,0.002829,,63.149,4.0852,0.32,129.67
20350,406,-2.59481,50,0.9356,0.003577,,67.5,7.3411,0.56,241.58
20400,407,-3.18869,50,0.9354,0.00283,,71.668,8.0521,0.46,310.55
20450,408,-6.11569,50,0.9352,0.003555,,65.284,11.4977,0.7,676.11
20500,409,-1.31028,50,0.9351,0.002719,,70.92,3.7586,0.32,143.59
20550,410,-2.79063,50,0.9349,0.00294,,72.69,7.0095,0.5,280.02
20600,411,-2.33754,50,0.9348,0.004469,,66.538,5.5122,0.46,246.18
20650,412,-2.55399,50,0.9346,0.003141,,65.915,6.2811,0.54,259.73
20700,413,-0.27164,50,0.9345,0.003192,,66.248,1.6588,0.26,32.84
20750,414,-1.77952,50,0.9343,0.004102,,68.75,5.4014,0.44,163.76
20800,415,-4.0105,50,0.9341,0.003762,,68.95,8.9775,0.62,409.64
20850,416,-0.86363,50,0.934,0.002534,,69.611,3.1423,0.34,89.54
20900,417,-2.93622,50,0.9338,0.003202,,68.013,6.5435,0.48,303.51
20950,418,-1.08776,50,0.9337,0.002964,,67.339,3.653,0.38,111.17
21000,419,-1.96842,50,0.9335,0.003641,,69.653,4.9756,0.46,206.0
21050,420,-2.58629,50,0.9333,0.003006,,68.996,6.0446,0.58,269.21
21100,421,-1.5872,50,0.9332,0.003038,,74.203,3.486,0.26,190.73
21150,422,-0.95463,50,0.933,0.002896,,69.472,3.3469,0.26,112.65
21200,423,-6.27432,50,0.9329,0.003324,,74.401,12.2575,0.66,674.48
21250,424,-4.18094,50,0.9327,0.003412,,69.078,8.1961,0.56,460.73
21300,425,-2.88113,50,0.9325,0.002601,,67.933,7.3714,0.52,284.45
21350,426,0.00184,50,0.9324,0.003033,,79.365,0.807,0.06,5.93
21400,427,-1.57322,50,0.9322,0.003575,,70.012,4.2267,0.46,164.42
21450,428,-2.173,50,0.9321,0.003731,,67.78,5.9107,0.5,211.67
21500,429,-1.62895,50,0.9319,0.00343,,64.506,3.4827,0.32,198.61
21550,430,-2.08076,50,0.9318,0.003385,,69.533,5.9084,0.4,197.57
21600,431,-1.57811,50,0.9316,0.003113,,56.823,4.572,0.38,160.2
21650,432,-0.74505,50,0.9314,0.002772,,68.312,3.0416,0.28,71.85
21700,433,-4.37905,50,0.9313,0.003791,,74.734,9.3778,0.6,460.73
21750,434,-3.40988,50,0.9311,0.002847,,73.457,7.3527,0.56,366.21
21800,435,-1.29125,50,0.931,0.003148,,71.877,3.9586,0.3,129.6
21850,436,-3.16674,50,0.9308,0.002754,,64.7,8.2243,0.6,296.17
21900,437,-2.77973,50,0.9306,0.00284,,72.5,6.0577,0.44,301.7
21950,438,-2.19637,50,0.9305,0.003769,,67.247,5.7124,0.42,227.1
22000,439,-0.33468,50,0.9303,0.002386,,69.413,2.3175,0.14,22.06
22050,440,-2.43617,50,0.9302,0.00373,,62.109,5.7459,0.48,266.72
22100,441,-1.18947,50,0.93,0.002901,,73.795,4.2911,0.38,109.64
22150,442,-2.46769,50,0.9299,0.003143,,75.518,6.1509,0.38,251.85
22200,443,-3.85832,50,0.9297,0.00316,,68.75,8.6082,0.56,396.64
22250,444,-5.27561,50,0.9295,0.003217,,71.507,9.6155,0.56,592.56
22300,445,-4.26393,50,0.9294,0.003167,,72.996,8.155,0.58,474.13
22350,446,-6.76026,50,0.9292,0.002866,,77.04,12.672,0.72,736.61
22400,447,-3.06859,50,0.9291,0.002849,,67.0,7.0584,0.6,321.42
22450,448,-4.61685,50,0.9289,0.002842,,72.632,9.1706,0.52,497.81
22500,449,-6.41775,50,0.9287,0.00358,,73.771,11.5745,0.68,706.74
22550,450,-0.11593,50,0.9286,0.00362,,66.775,1.2812,0.14,17.89
22600,451,-1.10682,50,0.9284,0.003242,,69.424,4.49,0.38,89.13
22650,452,-0.75099,50,0.9283,0.003925,,69.417,1.857,0.16,94.15
22700,453,-1.57708,50,0.9281,0.002865,,77.611,4.6394,0.28,150.94
22750,454,-2.47554,50,0.928,0.003199,,74.83,5.688,0.38,267.21
22800,455,-0.91291,50,0.9278,0.004058,,62.552,2.5901,0.28,111.04
22850,456,-3.51889,50,0.9276,0.003806,,70.58,7.9742,0.54,366.19
22900,457,-2.32965,50,0.9275,0.005001,,72.832,5.1176,0.4,253.3
22950,458,-3.19682,50,0.9273,0.003581,,73.368,5.914,0.42,370.34
23000,459,-0.43241,50,0.9272,0.00263,,71.1,1.9393,0.2,58.18
23050,460,-1.12056,50,0.927,0.003296,,69.766,3.2234,0.24,123.51
23100,461,-0.79785,50,0.9268,0.003714,,71.28,2.9468,0.24,88.58
23150,462,-2.52113,50,0.9267,0.003216,,67.619,6.4144,0.48,258.43
23200,463,-2.38523,50,0.9265,0.003653,,68.952,6.4351,0.54,236.01
23250,464,-0.593,50,0.9264,0.003199,,72.489,2.3501,0.18,61.7
23300,465,-2.43156,50,0.9262,0.003507,,72.645,6.0345,0.46,249.28
23350,466,-1.1275,50,0.9261,0.003207,,72.327,4.3243,0.26,102.28
23400,467,-2.5311,50,0.9259,0.002808,,83.484,5.4033,0.38,272.55
23450,468,-3.25097,50,0.9257,0.003082,,66.078,5.9936,0.5,376.47
23500,469,-1.17473,50,0.9256,0.003298,,66.86,3.7508,0.34,116.13
23550,470,-3.66808,50,0.9254,0.003004,,70.398,8.2946,0.5,375.61
23600,471,-2.96295,50,0.9253,0.003262,,69.635,7.9832,0.5,274.7
23650,472,-2.89281,50,0.9251,0.00419,,70.825,6.0413,0.44,322.57
23700,473,-1.88446,50,0.925,0.003703,,69.148,5.3377,0.42,183.66
23750,474,-5.00165,50,0.9248,0.002658,,66.664,10.2591,0.6,528.97
23800,475,-0.93803,50,0.9246,0.003668,,70.758,3.6476,0.34,80.29
23850,476,-3.29041,50,0.9245,0.003684,,70.428,6.7144,0.42,364.65
23900,477,-1.39543,50,0.9243,0.003705,,65.158,3.5429,0.34,158.81
23950,478,-1.6411,50,0.9242,0.003132,,72.709,3.7507,0.36,191.01
24000,479,-2.32187,50,0.924,0.004001,,76.121,4.4786,0.36,281.63
24050,480,-7.67012,50,0.9238,0.003681,,70.069,12.0311,0.68,889.88
24100,481,-0.54164,50,0.9237,0.004782,,72.694,2.9957,0.26,40.09
24150,482,-3.46022,50,0.9235,0.002889,,70.41,7.2211,0.54,376.67
24200,483,-1.70324,50,0.9234,0.003402,,73.545,4.9565,0.36,162.58
24250,484,-1.15808,50,0.9232,0.003255,,66.875,3.9008,0.4,116.13
24300,485,-0.23918,50,0.9231,0.002715,,65.939,1.7429,0.18,24.49
24350,486,-1.27138,50,0.9229,0.003774,,69.512,3.8928,0.44,129.84
24400,487,-3.78615,50,0.9227,0.0031,,72.449,9.085,0.56,377.25
24450,488,-3.33885,50,0.9226,0.003724,,69.152,7.69,0.52,345.86
24500,489,-1.45285,50,0.9224,0.002914,,66.9,4.5772,0.42,143.0
24550,490,-0.39413,50,0.9223,0.003634,,73.748,1.7846,0.14,51.38
24600,491,-0.806,50,0.9221,0.003518,,69.19,3.2779,0.22,76.86
24650,492,-1.79317,50,0.9219,0.003012,,67.17,4.412,0.34,203.88
24700,493,-3.44343,50,0.9218,0.003147,,71.244,6.9041,0.5,380.22
24750,494,-1.32468,50,0.9216,0.003008,,75.981,4.6899,0.34,117.91
24800,495,-0.35081,50,0.9215,0.003334,,68.685,1.7574,0.2,33.53
24850,496,-1.38884,50,0.9213,0.003399,,75.079,4.2429,0.36,135.53
24900,497,-4.72253,50,0.9212,0.002945,,76.937,9.351,0.56,509.22
24950,498,-5.21196,50,0.921,0.0034,,70.563,11.5964,0.66,527.65
25000,499,-3.7795,50,0.9208,0.002927,,66.416,9.5511,0.58,366.76
25050,500,-5.87146,50,0.9207,0.003501,,72.644,9.2783,0.52,684.65
25100,501,-2.57676,50,0.9205,0.004526,,72.947,6.3719,0.44,273.38
25150,502,-0.41932,50,0.9204,0.004072,,67.518,2.3912,0.34,36.07
25200,503,-3.12204,50,0.9202,0.003986,,70.817,7.6717,0.52,312.65
25250,504,-1.13803,50,0.92,0.004008,,61.085,4.4443,0.42,93.66
25300,505,-2.27438,50,0.9199,0.003189,,71.382,6.2429,0.5,220.72
25350,506,-4.56765,50,0.9197,0.003699,,75.045,8.1108,0.56,521.65
25400,507,-1.95706,50,0.9196,0.003211,,78.179,5.7092,0.36,181.8
25450,508,-4.73865,50,0.9194,0.003947,,76.673,9.1584,0.52,520.62
25500,509,-2.23802,50,0.9193,0.003844,,66.998,5.8774,0.48,218.6
25550,510,-2.23627,50,0.9191,0.003675,,68.568,5.2012,0.46,240.03
25600,511,-5.9223,50,0.9189,0.00368,,60.0,11.0527,0.76,650.53
25650,512,-4.93619,50,0.9188,0.004318,,64.456,9.5171,0.68,538.96
25700,513,-0.18665,50,0.9186,0.004042,,74.933,1.5998,0.2,20.77
25750,514,-1.57478,50,0.9185,0.003512,,60.0,4.0036,0.44,175.21
25800,515,-2.17279,50,0.9183,0.004128,,63.359,5.8323,0.46,219.66
25850,516,-4.06871,50,0.9181,0.004042,,64.617,8.6868,0.64,435.44
25900,517,-3.02066,50,0.918,0.003913,,65.556,7.1458,0.54,319.7
25950,518,-3.07255,50,0.9178,0.003261,,62.854,7.6938,0.6,302.22
26000,519,-0.82974,50,0.9177,0.00352,,70.718,2.7297,0.24,92.81
26050,520,-2.66515,50,0.9175,0.004139,,72.008,6.3145,0.4,274.53
26100,521,-3.74308,50,0.9173,0.003769,,66.996,5.9545,0.42,451.5
26150,522,-2.21202,50,0.9172,0.004088,,70.262,5.3432,0.4,231.71
26200,523,-3.28755,50,0.917,0.004075,,73.79,7.0451,0.46,357.47
26250,524,-0.71687,50,0.9169,0.003777,,80.081,2.0509,0.22,88.62
26300,525,-0.09133,50,0.9167,0.003353,,66.292,1.3241,0.1,14.88
26350,526,-1.07239,50,0.9166,0.003653,,68.743,3.3603,0.26,114.14
26400,527,-3.11224,50,0.9164,0.003576,,79.525,5.1233,0.34,371.35
26450,528,-0.18001,50,0.9162,0.004152,,73.482,1.2836,0.16,29.86
26500,529,-3.17473,50,0.9161,0.003522,,69.347,8.3679,0.52,299.22
26550,530,-2.40971,50,0.9159,0.003461,,68.716,6.1487,0.46,246.8
26600,531,-5.20345,50,0.9158,0.003811,,72.672,11.9672,0.7,514.67
26650,532,-0.56093,50,0.9156,0.003918,,72.281,2.2622,0.18,64.09
26700,533,-1.45333,50,0.9154,0.003632,,69.666,4.2498,0.36,143.4
26750,534,-1.88631,50,0.9153,0.003376,,67.027,4.0414,0.42,232.28
26800,535,-5.13576,50,0.9151,0.004127,,73.0,9.6939,0.54,561.88
26850,536,-1.03097,50,0.915,0.005078,,73.275,3.6001,0.28,105.24
26900,537,-2.64885,50,0.9148,0.00357,,72.459,6.6021,0.52,266.59
26950,538,-2.03581,50,0.9147,0.003569,,69.96,5.4435,0.38,215.74
27000,539,-1.9364,50,0.9145,0.003604,,62.997,5.1476,0.48,196.33
27050,540,-2.50403,50,0.9143,0.003293,,64.194,5.0003,0.3,290.49
27100,541,-3.25902,50,0.9142,0.003154,,69.11,7.0978,0.46,354.55
27150,542,-2.03045,50,0.914,0.003685,,70.537,4.9387,0.38,212.52
27200,543,-4.99555,50,0.9139,0.004323,,63.34,7.9508,0.52,591.9
27250,544,-0.43461,50,0.9137,0.00406,,74.508,2.1925,0.18,38.53
27300,545,-5.25421,50,0.9135,0.005023,,67.068,10.5318,0.68,570.11
27350,546,-1.13427,50,0.9134,0.004723,,71.794,4.2366,0.38,99.66
27400,547,-0.59431,50,0.9132,0.003961,,77.268,2.0476,0.16,71.34
27450,548,-3.5181,50,0.9131,0.003893,,60.38,6.8977,0.6,395.15
27500,549,-2.53554,50,0.9129,0.004065,,65.038,5.4697,0.4,280.82
27550,550,0.07086,50,0.9128,0.004652,,68.633,1.0019,0.06,6.91
27600,551,0.1464,50,0.9126,0.003924,,70.336,0.4538,0.06,5.67
27650,552,-6.27293,50,0.9124,0.003662,,65.0,11.3072,0.7,697.82
27700,553,-2.42325,50,0.9123,0.005429,,72.218,6.291,0.44,242.68
27750,554,-0.42863,50,0.9121,0.003974,,68.217,2.026,0.2,53.59
27800,555,-1.24233,50,0.912,0.00313,,71.57,4.0691,0.36,120.01
27850,556,-2.85051,50,0.9118,0.004439,,72.5,6.7083,0.4,292.82
27900,557,-0.66882,50,0.9116,0.003319,,67.701,2.6509,0.22,69.79
27950,558,-2.51008,50,0.9115,0.003405,,74.839,5.4662,0.3,269.21
28000,559,-7.63269,50,0.9113,0.004451,,66.25,14.1742,0.76,832.32
28050,560,-1.09247,50,0.9112,0.004555,,73.881,3.657,0.32,108.07
28100,561,-0.34806,50,0.911,0.00431,,76.986,1.8992,0.14,31.77
28150,562,-2.05199,50,0.9109,0.004249,,71.438,5.301,0.44,211.61
28200,563,-5.31282,50,0.9107,0.003493,,75.078,11.1406,0.66,553.98
28250,564,-1.17495,50,0.9105,0.003463,,62.126,3.6814,0.28,118.74
28300,565,-4.84192,50,0.9104,0.004574,,69.379,9.448,0.56,526.44
28350,566,-1.25457,50,0.9102,0.003785,,66.906,3.7932,0.36,127.29
28400,567,-0.38594,50,0.9101,0.003,,71.314,2.3853,0.08,31.71
28450,568,-2.65429,50,0.9099,0.002641,,74.794,5.2669,0.38,303.82
28500,569,-0.95264,50,0.9098,0.004452,,68.664,2.9501,0.24,108.14
28550,570,-2.45417,50,0.9096,0.003313,,65.659,6.1011,0.4,247.28
28600,571,-5.21664,50,0.9094,0.005907,,73.879,9.5223,0.6,586.11
28650,572,-0.20809,50,0.9093,0.004248,,73.873,1.9189,0.18,16.62
28700,573,-3.7467,50,0.9091,0.003716,,69.875,9.4137,0.62,353.45
28750,574,-1.09939,50,0.909,0.004401,,62.539,3.2595,0.32,119.99
28800,575,-3.73626,50,0.9088,0.004472,,64.44,7.768,0.58,400.83
28850,576,-3.41017,50,0.9086,0.004254,,68.985,7.8802,0.46,353.21
28900,577,-3.11097,50,0.9085,0.004636,,65.989,7.5177,0.48,314.34
28950,578,-2.29211,50,0.9083,0.004216,,61.065,6.0917,0.52,227.42
29000,579,-0.85264,50,0.9082,0.003614,,63.793,3.4495,0.24,77.41
29050,580,-2.74987,50,0.908,0.004599,,67.242,5.9102,0.4,302.05
29100,581,-2.31293,50,0.9079,0.004809,,77.646,4.7896,0.3,260.88
29150,582,-4.55466,50,0.9077,0.003876,,67.119,7.7973,0.56,525.5
29200,583,-5.2052,50,0.9075,0.003757,,70.075,9.0826,0.6,593.92
29250,584,-6.10582,50,0.9074,0.003399,,70.0,10.0102,0.62,710.69
29300,585,-2.96663,50,0.9072,0.004106,,75.613,7.4662,0.48,298.85
29350,586,-0.47395,50,0.9071,0.003454,,66.912,2.3166,0.18,44.54
29400,587,-4.72661,50,0.9069,0.004108,,75.997,9.4663,0.52,510.27
29450,588,-2.67085,50,0.9067,0.004707,,65.813,5.1101,0.38,304.42
29500,589,-0.30149,50,0.9066,0.004226,,70.992,2.1148,0.24,23.63
29550,590,-2.14506,50,0.9064,0.003682,,63.836,5.3707,0.46,226.19
29600,591,-1.01083,50,0.9063,0.004043,,67.935,3.7035,0.24,99.84
29650,592,-3.23337,50,0.9061,0.003956,,68.476,7.0962,0.54,344.48
29700,593,-1.90577,50,0.906,0.003783,,69.363,5.3247,0.38,192.78
29750,594,-3.633,50,0.9058,0.004137,,68.379,8.0445,0.54,381.99
29800,595,-1.87655,50,0.9056,0.004502,,76.229,4.4064,0.38,204.21
29850,596,-2.0473,50,0.9055,0.003638,,68.634,5.7525,0.44,202.81
29900,597,-5.34049,50,0.9053,0.004483,,70.496,11.5243,0.62,547.76
29950,598,-1.7824,50,0.9052,0.00339,,64.885,4.8717,0.42,183.29
30000,599,-3.48695,50,0.905,0.003489,,75.028,7.1404,0.4,381.7
30050,600,-4.9878,50,0.9048,0.00466,,72.155,8.5251,0.54,586.34
30100,601,-5.6255,50,0.9047,0.00447,,65.016,10.2012,0.68,628.06
30150,602,-2.52766,50,0.9045,0.004768,,68.788,5.2751,0.34,294.38
30200,603,-3.02781,50,0.9044,0.003592,,69.206,7.5098,0.58,306.3
30250,604,-0.10459,50,0.9042,0.005497,,74.215,1.1589,0.12,14.63
30300,605,-0.16776,50,0.9041,0.003855,,71.252,1.7762,0.16,22.04
30350,606,-3.7296,50,0.9039,0.003958,,73.506,6.595,0.58,430.55
30400,607,-3.29357,50,0.9037,0.005074,,75.995,6.7264,0.56,364.61
30450,608,-1.20299,50,0.9036,0.004016,,59.0,4.0761,0.34,117.56
30500,609,-2.47421,50,0.9034,0.005052,,72.85,5.7055,0.42,273.63
30550,610,-3.09595,50,0.9033,0.003962,,68.335,7.4662,0.48,315.36
30600,611,-0.32602,50,0.9031,0.004192,,67.721,1.7666,0.2,30.46
30650,612,-4.59759,50,0.9029,0.004251,,67.36,8.6011,0.56,521.09
30700,613,-1.65139,50,0.9028,0.003511,,70.815,4.8597,0.46,161.73
30750,614,-0.78869,50,0.9026,0.004664,,73.105,2.4237,0.22,84.1
30800,615,-4.02632,50,0.9025,0.004988,,72.34,8.27,0.48,429.52
30850,616,-3.3458,50,0.9023,0.004118,,73.141,6.1759,0.44,382.08
30900,617,-3.2768,50,0.9022,0.004147,,69.244,7.265,0.54,349.49
30950,618,-0.91005,50,0.902,0.003726,,71.192,3.033,0.38,98.31
31000,619,-2.97167,50,0.9018,0.003918,,71.0,8.0934,0.66,277.14
31050,620,-3.06493,50,0.9017,0.003834,,64.441,6.6881,0.48,327.06
31100,621,-4.41393,50,0.9015,0.004401,,63.0,9.8148,0.62,453.59
31150,622,-2.67133,50,0.9014,0.00452,,74.885,5.2121,0.34,308.6
31200,623,-2.38203,50,0.9012,0.004163,,64.612,6.7912,0.56,223.77
31250,624,-2.41252,50,0.901,0.00479,,64.102,6.4557,0.48,238.36
31300,625,-3.69816,50,0.9009,0.004028,,68.373,8.7523,0.6,369.31
31350,626,-2.52571,50,0.9007,0.003964,,70.917,6.756,0.54,246.08
31400,627,-2.70252,50,0.9006,0.004481,,61.751,7.0995,0.52,260.94
31450,628,-1.19332,50,0.9004,0.004728,,66.191,3.878,0.26,112.41
31500,629,-2.65498,50,0.9002,0.005175,,80.214,6.0752,0.52,280.98
31550,630,-1.79094,50,0.9001,0.004812,,67.096,5.2148,0.44,177.07
31600,631,-3.92307,50,0.8999,0.004558,,68.685,6.7894,0.44,463.52
31650,632,-0.1956,50,0.8998,0.005117,,73.873,1.5119,0.18,23.78
31700,633,-0.0687,50,0.8996,0.004118,,65.598,1.2289,0.14,14.32
31750,634,-4.76462,50,0.8995,0.005012,,68.346,9.5352,0.58,506.15
31800,635,-0.62118,50,0.8993,0.004717,,78.56,2.5177,0.22,58.52
31850,636,-3.78669,50,0.8991,0.005112,,76.25,8.3217,0.44,395.47
31900,637,-0.24642,50,0.899,0.004555,,68.156,1.5328,0.16,35.09
31950,638,-2.82037,50,0.8988,0.005372,,81.019,6.705,0.5,291.3
32000,639,-0.86085,50,0.8987,0.004314,,72.564,2.5308,0.32,101.61
32050,640,-1.00746,50,0.8985,0.004278,,76.62,3.7384,0.26,89.15
32100,641,-1.86759,50,0.8983,0.005083,,62.0,4.8567,0.42,211.68
32150,642,-2.26816,50,0.8982,0.004376,,70.129,5.4425,0.52,246.28
32200,643,-1.36041,50,0.898,0.005352,,67.408,3.7803,0.3,145.28
32250,644,-3.69145,50,0.8979,0.004003,,70.03,9.6893,0.56,347.56
32300,645,-2.31425,50,0.8977,0.004885,,72.539,6.8933,0.5,215.13
32350,646,-0.55701,50,0.8976,0.004654,,64.134,2.6167,0.22,53.52
32400,647,-4.77409,50,0.8974,0.005312,,71.588,8.3123,0.56,550.84
32450,648,-3.46964,50,0.8972,0.006038,,62.532,6.7605,0.5,392.18
32500,649,-0.73769,50,0.8971,0.004493,,65.581,2.8117,0.24,74.94
32550,650,-4.95976,50,0.8969,0.004007,,74.454,11.2283,0.68,496.13
32600,651,-6.42251,50,0.8968,0.004232,,76.916,13.408,0.68,667.29
32650,652,-3.7741,50,0.8966,0.005308,,66.25,7.5385,0.56,418.81
32700,653,-5.67556,50,0.8964,0.004134,,66.641,10.3012,0.6,633.94
32750,654,-0.44905,50,0.8963,0.004586,,67.432,2.1291,0.2,44.65
32800,655,-1.02606,50,0.8961,0.003876,,67.202,3.6419,0.44,98.92
32850,656,-1.35461,50,0.896,0.00432,,74.029,3.8487,0.24,140.71
32900,657,-2.51201,50,0.8958,0.005215,,65.103,4.1142,0.32,312.81
32950,658,-2.77338,50,0.8957,0.005473,,75.335,7.167,0.5,266.25
33000,659,-3.17521,50,0.8955,0.004841,,74.798,6.7009,0.46,348.41
33050,660,-0.56415,50,0.8953,0.004717,,74.273,1.7689,0.16,74.76
33100,661,-2.19609,50,0.8952,0.005325,,72.555,5.2667,0.38,228.31
33150,662,-2.95618,50,0.895,0.005744,,73.613,6.9024,0.46,308.39
33200,663,-2.54422,50,0.8949,0.004899,,69.069,6.8053,0.5,251.3
33250,664,-2.70579,50,0.8947,0.00427,,60.8,5.7654,0.46,306.75
33300,665,-1.51699,50,0.8945,0.004878,,61.996,3.5771,0.34,174.8
33350,666,-2.15296,50,0.8944,0.004383,,65.308,5.7223,0.48,217.02
33400,667,-3.08072,50,0.8942,0.004588,,77.879,6.6655,0.44,326.19
33450,668,-2.66195,50,0.8941,0.004701,,69.58,5.4473,0.34,296.56
33500,669,-4.20127,50,0.8939,0.005926,,70.823,8.9034,0.48,449.31
33550,670,-2.1632,50,0.8938,0.005041,,70.213,5.053,0.46,242.56
33600,671,-0.1168,50,0.8936,0.004832,,71.033,1.011,0.1,24.03
33650,672,-1.13816,50,0.8934,0.00505,,68.101,3.6503,0.28,118.1
33700,673,-4.12207,50,0.8933,0.004873,,75.047,7.7621,0.48,464.21
33750,674,-2.2203,50,0.8931,0.004636,,68.391,5.2604,0.5,236.51
33800,675,-1.1279,50,0.893,0.004185,,67.809,3.0785,0.24,124.94
33850,676,-1.35599,50,0.8928,0.005025,,69.679,3.2039,0.26,160.3
33900,677,-0.0632,50,0.8926,0.005408,,61.217,1.344,0.14,14.5
33950,678,-3.33334,50,0.8925,0.004727,,70.963,8.4599,0.56,325.94
34000,679,-1.18362,50,0.8923,0.004964,,73.675,3.4427,0.26,125.86
34050,680,-5.17329,50,0.8922,0.005505,,74.693,10.9921,0.68,529.15
34100,681,-0.93442,50,0.892,0.004597,,70.542,2.8958,0.24,100.75
34150,682,0.15754,50,0.8919,0.005317,,63.46,0.2862,0.06,4.11
34200,683,-2.48999,50,0.8917,0.005393,,78.018,6.811,0.46,239.3
34250,684,-5.32246,50,0.8915,0.004883,,72.623,11.7129,0.66,539.85
34300,685,-3.91352,50,0.8914,0.00497,,73.993,7.7613,0.52,424.9
34350,686,-3.01866,50,0.8912,0.005033,,69.593,5.9853,0.42,347.39
34400,687,-3.90845,50,0.8911,0.005184,,73.146,8.4838,0.5,405.33
34450,688,-3.12058,50,0.8909,0.005634,,68.032,8.4826,0.56,295.14
34500,689,-2.82628,50,0.8908,0.005144,,74.056,6.2918,0.46,303.17
34550,690,-1.11614,50,0.8906,0.004757,,64.849,3.3885,0.4,114.42
34600,691,-0.47583,50,0.8904,0.004478,,64.825,2.4487,0.22,46.67
34650,692,-1.99536,50,0.8903,0.004929,,68.644,4.5564,0.36,219.89
34700,693,-4.40433,50,0.8901,0.005303,,67.5,8.2146,0.6,497.05
34750,694,-0.24318,50,0.89,0.005128,,71.577,1.4869,0.14,42.69
34800,695,-3.33307,50,0.8898,0.004699,,79.478,7.7658,0.42,341.0
34850,696,-4.47071,50,0.8896,0.005125,,79.763,9.2313,0.6,474.54
34900,697,-0.88449,50,0.8895,0.006119,,67.877,3.5168,0.3,80.1
34950,698,-3.3815,50,0.8893,0.004957,,72.628,7.52,0.56,361.13
35000,699,-0.04371,50,0.8892,0.004473,,82.803,1.1117,0.06,4.66
35050,700,-0.70154,50,0.889,0.004998,,66.241,2.6942,0.26,74.6
35100,701,-3.05425,50,0.8889,0.004762,,75.599,7.9343,0.52,289.4
35150,702,0.03292,50,0.8887,0.006344,,74.417,0.6061,0.08,12.33
35200,703,-1.12609,50,0.8885,0.006313,,71.321,3.7536,0.36,105.36
35250,704,-3.19381,50,0.8884,0.005544,,72.393,7.5895,0.4,324.41
35300,705,-3.78263,50,0.8882,0.004299,,66.801,8.3908,0.62,395.21
35350,706,-3.40405,50,0.8881,0.004938,,63.21,6.6424,0.46,385.11
35400,707,-1.41023,50,0.8879,0.00545,,65.492,3.6668,0.26,157.1
35450,708,-4.22111,50,0.8877,0.004571,,65.68,9.1515,0.56,443.29
35500,709,0.00301,50,0.8876,0.005027,,82.4,0.8747,0.06,8.22
35550,710,-3.41831,50,0.8874,0.005236,,74.4,8.8913,0.52,325.84
35600,711,-1.18486,50,0.8873,0.005049,,64.787,3.5299,0.3,131.77
35650,712,0.10792,50,0.8871,0.004984,,68.518,0.4519,0.02,0.7
35700,713,-2.25471,50,0.887,0.004789,,71.941,5.2709,0.38,250.28
35750,714,-2.67773,50,0.8868,0.005767,,60.704,5.0535,0.42,312.28
35800,715,-1.68063,50,0.8866,0.006135,,68.148,4.7343,0.46,165.32
35850,716,-1.40682,50,0.8865,0.004674,,66.593,4.4553,0.4,130.78
35900,717,-2.03771,50,0.8863,0.006219,,69.228,5.7254,0.36,191.68
35950,718,-2.63564,50,0.8862,0.005175,,64.498,6.3545,0.44,270.4
36000,719,-1.52419,50,0.886,0.005484,,63.497,4.3503,0.4,151.49
36050,720,-3.21143,50,0.8858,0.004509,,66.966,6.4151,0.42,360.54
36100,721,-3.58563,50,0.8857,0.004616,,62.603,7.5389,0.48,390.22
36150,722,-1.47287,50,0.8855,0.005555,,72.264,3.9571,0.28,154.07
36200,723,-1.63718,50,0.8854,0.003925,,61.668,4.9735,0.44,154.54
36250,724,-3.73774,50,0.8852,0.006049,,74.859,8.299,0.52,396.75
36300,725,-2.68777,50,0.8851,0.005101,,62.0,6.7385,0.52,267.73
36350,726,-6.97082,50,0.8849,0.005525,,72.784,12.7445,0.68,763.15
36400,727,-5.33512,50,0.8847,0.004634,,67.723,10.1001,0.66,587.05
36450,728,-2.35301,50,0.8846,0.005261,,72.809,6.0336,0.42,233.76
36500,729,-2.02655,50,0.8844,0.005131,,74.226,5.0105,0.4,216.71
36550,730,-1.94068,50,0.8843,0.005201,,62.5,4.7893,0.42,213.9
36600,731,-5.51094,50,0.8841,0.005147,,72.5,11.9289,0.7,572.63
36650,732,-4.93954,50,0.8839,0.004922,,70.466,10.6586,0.56,505.51
36700,733,-0.80472,50,0.8838,0.005151,,68.685,3.0567,0.42,76.18
36750,734,-5.3419,50,0.8836,0.00453,,66.0,10.3962,0.66,581.2
36800,735,-3.37181,50,0.8835,0.005039,,72.47,7.5642,0.56,355.63
36850,736,0.09974,50,0.8833,0.005325,,69.859,0.6171,0.04,8.86
36900,737,-3.56361,50,0.8831,0.004913,,77.462,7.1212,0.52,388.52
36950,738,-1.11709,50,0.883,0.005244,,74.17,3.5594,0.3,114.86
37000,739,-3.84774,50,0.8828,0.005507,,68.36,8.4313,0.5,406.01
37050,740,-3.7972,50,0.8827,0.005706,,76.44,7.579,0.52,415.47
37100,741,-1.90593,50,0.8825,0.004836,,70.572,4.5686,0.4,209.51
37150,742,-3.48856,50,0.8824,0.005316,,56.696,7.2813,0.52,376.23
37200,743,-1.58506,50,0.8822,0.004783,,65.442,4.0584,0.42,176.28
37250,744,-2.01359,50,0.882,0.006023,,58.487,5.4475,0.48,204.39
37300,745,-1.93646,50,0.8819,0.006353,,66.57,4.8507,0.42,204.78
37350,746,-1.51217,50,0.8817,0.004334,,65.0,4.0819,0.38,165.23
37400,747,-1.34103,50,0.8816,0.006012,,74.072,4.1458,0.32,133.38
37450,748,-0.87394,50,0.8814,0.004783,,76.329,2.9665,0.24,89.85
37500,749,-4.05411,50,0.8812,0.00582,,69.424,9.5452,0.6,403.97
37550,750,-2.66984,50,0.8811,0.006075,,62.765,5.7996,0.52,293.39
37600,751,-1.74606,50,0.8809,0.005925,,71.665,5.3033,0.32,164.35
37650,752,-7.14909,50,0.8808,0.004883,,71.523,12.8384,0.66,794.5
37700,753,-2.9668,50,0.8806,0.005247,,72.171,6.5222,0.46,321.37
37750,754,-3.25102,50,0.8805,0.006488,,71.706,7.9795,0.52,322.6
37800,755,-2.51676,50,0.8803,0.005075,,62.783,7.232,0.46,242.02
37850,756,-2.39431,50,0.8801,0.006252,,67.433,6.7424,0.56,217.81
37900,757,-2.25938,50,0.88,0.005533,,69.085,5.7549,0.36,225.98
37950,758,-0.52391,50,0.8798,0.00545,,61.907,2.5414,0.24,51.18
38000,759,-2.14943,50,0.8797,0.005058,,70.0,5.0657,0.4,236.84
38050,760,-1.17776,50,0.8795,0.005838,,73.935,3.7493,0.38,123.25
38100,761,-2.13454,50,0.8793,0.006006,,68.668,6.1748,0.46,195.16
38150,762,-4.35223,50,0.8792,0.005936,,68.118,9.7843,0.58,443.83
38200,763,-2.39854,50,0.879,0.005411,,63.063,5.0383,0.44,284.07
38250,764,-7.03482,50,0.8789,0.005547,,74.198,13.0531,0.82,766.34
38300,765,-2.77429,50,0.8787,0.006003,,62.75,6.5304,0.44,285.95
38350,766,-3.84636,50,0.8786,0.004731,,71.141,8.0606,0.52,405.67
38400,767,-3.69725,50,0.8784,0.005795,,72.262,8.6642,0.54,373.17
38450,768,-0.53553,50,0.8782,0.004868,,77.059,2.0484,0.12,60.24
38500,769,-2.27643,50,0.8781,0.005513,,67.94,5.329,0.42,243.99
38550,770,-0.9533,50,0.8779,0.006224,,71.111,3.6081,0.28,88.1
38600,771,-2.98855,50,0.8778,0.005066,,68.75,6.7832,0.56,315.14
38650,772,-3.68476,50,0.8776,0.005698,,70.722,7.8087,0.56,395.49
38700,773,-1.27487,50,0.8775,0.005528,,69.724,3.4302,0.24,140.11
38750,774,-4.91218,50,0.8773,0.004825,,66.55,10.3283,0.66,522.7
38800,775,-4.01096,50,0.8771,0.005961,,68.74,8.3609,0.56,430.47
38850,776,-2.71361,50,0.877,0.005145,,68.642,6.0282,0.42,286.08
38900,777,-4.09629,50,0.8768,0.005762,,72.314,8.6272,0.58,433.78
38950,778,-1.95491,50,0.8767,0.005459,,66.818,5.7775,0.44,183.87
39000,779,-3.89357,50,0.8765,0.005308,,63.99,8.0795,0.62,423.52
39050,780,-1.78971,50,0.8763,0.005401,,69.789,3.3883,0.26,215.72
39100,781,-1.16741,50,0.8762,0.005205,,75.475,3.0387,0.36,134.03
39150,782,-5.5867,50,0.876,0.005287,,71.25,11.3146,0.74,596.83
39200,783,-4.64383,50,0.8759,0.005072,,69.046,10.5064,0.7,467.56
39250,784,-1.82182,50,0.8757,0.005503,,70.104,5.5962,0.48,170.02
39300,785,-3.32079,50,0.8756,0.005934,,66.434,7.8602,0.56,351.67
39350,786,-2.76245,50,0.8754,0.005312,,72.377,6.9975,0.54,277.11
39400,787,-3.9299,50,0.8752,0.005872,,76.25,9.1643,0.6,396.97
39450,788,-0.97091,50,0.8751,0.005032,,70.928,3.2781,0.36,106.21
39500,789,-2.98446,50,0.8749,0.005559,,69.015,5.3157,0.4,350.91
39550,790,-1.88993,50,0.8748,0.004579,,73.99,5.4666,0.42,186.34
39600,791,-0.61759,50,0.8746,0.006085,,72.562,2.7409,0.28,66.25
39650,792,-2.97363,50,0.8744,0.005541,,65.763,6.2586,0.48,325.95
39700,793,-4.53906,50,0.8743,0.005152,,67.865,8.4689,0.54,509.09
39750,794,-3.20084,50,0.8741,0.00475,,68.925,6.9716,0.44,346.52
39800,795,-1.62426,50,0.874,0.005045,,76.282,4.9462,0.42,147.15
39850,796,-2.63334,50,0.8738,0.004951,,72.376,7.262,0.56,247.36
39900,797,-5.07868,50,0.8737,0.005141,,69.0,8.0993,0.62,599.71
39950,798,-2.46859,50,0.8735,0.005765,,65.809,6.7308,0.56,244.08
40000,799,-2.5344,50,0.8733,0.00493,,68.044,6.0854,0.52,262.09
40050,800,-3.31897,50,0.8732,0.005486,,67.735,7.2628,0.54,352.05
40100,801,-1.77708,50,0.873,0.005322,,69.498,5.4801,0.42,163.35
40150,802,-4.11586,50,0.8729,0.00559,,74.397,9.9108,0.64,404.77
40200,803,-1.6579,50,0.8727,0.005458,,68.768,4.1699,0.4,183.31
40250,804,-1.9087,50,0.8725,0.005554,,66.876,5.4291,0.4,186.53
40300,805,-5.66244,50,0.8724,0.00632,,78.75,12.449,0.7,572.75
40350,806,-2.55686,50,0.8722,0.006468,,62.83,6.6685,0.5,251.15
40400,807,-3.61671,50,0.8721,0.005541,,74.358,7.8694,0.64,389.26
40450,808,-3.27228,50,0.8719,0.005926,,70.338,6.3083,0.46,364.48
40500,809,-0.73794,50,0.8718,0.00539,,63.202,2.7336,0.3,73.07
40550,810,-1.68009,50,0.8716,0.005746,,69.511,4.0545,0.4,184.34
40600,811,-0.48142,50,0.8714,0.006098,,73.654,2.707,0.26,42.54
40650,812,-3.47395,50,0.8713,0.005251,,68.202,7.4557,0.6,374.11
40700,813,-3.35149,50,0.8711,0.005799,,66.592,7.9165,0.52,340.63
40750,814,-1.57945,50,0.871,0.005101,,58.504,4.7586,0.44,150.01
40800,815,-0.34784,50,0.8708,0.005389,,64.103,1.7203,0.26,37.84
40850,816,-3.01664,50,0.8706,0.006006,,68.238,6.8969,0.5,321.39
40900,817,-1.9813,50,0.8705,0.004928,,65.0,4.7671,0.42,214.47
40950,818,-2.60644,50,0.8703,0.006493,,72.264,7.2727,0.52,244.92
41000,819,-2.61951,50,0.8702,0.006464,,80.856,6.7155,0.46,257.5
41050,820,-0.63678,50,0.87,0.006037,,69.368,3.1049,0.24,56.97
41100,821,-4.92229,50,0.8699,0.005834,,62.128,8.6048,0.58,559.06
41150,822,-4.06732,50,0.8697,0.006441,,66.998,9.3504,0.68,410.83
41200,823,-0.69951,50,0.8695,0.005801,,68.64,2.4835,0.18,72.29
41250,824,-0.1478,50,0.8694,0.005887,,84.503,0.9238,0.08,22.77
41300,825,-1.4629,50,0.8692,0.005967,,70.334,4.574,0.3,142.0
41350,826,-5.31503,50,0.8691,0.005417,,74.168,11.4432,0.66,543.78
41400,827,-2.21121,50,0.8689,0.005743,,57.965,5.2896,0.52,238.79
41450,828,-4.93631,50,0.8687,0.006324,,72.256,8.4044,0.46,576.35
41500,829,-0.52211,50,0.8686,0.005152,,75.797,2.67,0.18,44.23
41550,830,-4.12494,50,0.8684,0.006037,,70.124,8.6855,0.5,442.77
41600,831,-0.49068,50,0.8683,0.006235,,55.327,2.3257,0.32,62.4
41650,832,-2.83819,50,0.8681,0.006153,,66.425,5.7461,0.44,323.85
41700,833,-4.4226,50,0.8679,0.006344,,73.052,9.369,0.6,475.4
41750,834,-1.40169,50,0.8678,0.005645,,66.566,4.2503,0.44,144.85
41800,835,-1.06017,50,0.8676,0.005377,,72.104,3.375,0.3,108.61
41850,836,-3.19582,50,0.8675,0.006273,,70.468,7.5314,0.48,319.24
41900,837,-2.97222,50,0.8673,0.005553,,77.446,7.1317,0.52,298.54
41950,838,-1.80496,50,0.8672,0.005513,,71.918,5.2643,0.44,180.76
42000,839,-1.15339,50,0.867,0.006205,,70.1,3.3737,0.26,120.55
42050,840,-3.39915,50,0.8668,0.006261,,67.716,8.1229,0.58,344.48
42100,841,-2.65832,50,0.8667,0.006186,,67.263,6.2093,0.4,272.59
42150,842,-7.08765,50,0.8665,0.00617,,77.414,13.1045,0.62,779.3
42200,843,-6.33237,50,0.8664,0.005468,,79.881,12.8069,0.68,668.15
42250,844,-0.98595,50,0.8662,0.007007,,73.856,3.0071,0.26,109.54
42300,845,-6.63065,50,0.866,0.005809,,70.251,12.3136,0.8,721.28
42350,846,-3.13516,50,0.8659,0.006609,,64.435,6.2261,0.56,359.84
42400,847,-2.71444,50,0.8657,0.006171,,70.0,6.1448,0.44,296.43
42450,848,-0.46695,50,0.8656,0.005274,,66.367,1.6804,0.18,55.99
42500,849,-4.42618,50,0.8654,0.005572,,71.765,8.4713,0.52,498.11
42550,850,-0.29278,50,0.8653,0.006494,,70.131,1.6013,0.18,33.69
42600,851,-3.73582,50,0.8651,0.005156,,67.93,7.7696,0.5,401.58
42650,852,-1.86108,50,0.8649,0.006308,,73.423,5.1543,0.38,185.5
42700,853,-1.81487,50,0.8648,0.004767,,68.025,4.7482,0.42,190.62
42750,854,-0.66188,50,0.8646,0.006431,,72.13,2.4793,0.24,71.53
42800,855,-4.7633,50,0.8645,0.006252,,68.788,10.3014,0.7,493.06
42850,856,-4.08214,50,0.8643,0.005742,,74.192,9.26,0.58,418.13
42900,857,-3.93791,50,0.8641,0.005528,,66.578,9.2577,0.56,392.5
42950,858,-1.44027,50,0.864,0.005796,,67.783,4.3389,0.36,151.79
43000,859,-6.67729,50,0.8638,0.006048,,67.085,13.1979,0.7,710.77
43050,860,-3.30737,50,0.8637,0.006299,,75.652,6.5059,0.48,361.98
43100,861,-1.05225,50,0.8635,0.006253,,75.887,3.2841,0.28,106.43
43150,862,-0.86263,50,0.8634,0.005504,,75.136,3.0102,0.24,88.39
43200,863,-0.85221,50,0.8632,0.006091,,73.601,2.4374,0.22,99.06
43250,864,-3.02035,50,0.863,0.005498,,67.658,6.4992,0.48,329.34
43300,865,-5.23187,50,0.8629,0.005594,,71.581,9.0336,0.56,606.81
43350,866,-0.98535,50,0.8627,0.006389,,66.584,3.1804,0.38,107.12
43400,867,-7.00999,50,0.8626,0.005776,,71.612,12.8071,0.74,771.8
43450,868,-4.04027,50,0.8624,0.006575,,66.977,7.841,0.54,443.67
43500,869,-1.18227,50,0.8622,0.005349,,69.567,4.0191,0.38,113.21
43550,870,-2.66551,50,0.8621,0.005965,,62.406,6.2901,0.48,278.84
43600,871,-4.11424,50,0.8619,0.006582,,73.75,9.149,0.56,421.91
43650,872,-2.39372,50,0.8618,0.007111,,79.27,6.3769,0.38,222.77
43700,873,-2.05058,50,0.8616,0.005069,,75.094,6.1814,0.5,182.71
43750,874,-2.43845,50,0.8615,0.005688,,66.853,6.2044,0.46,250.16
43800,875,-1.45068,50,0.8613,0.005834,,66.092,5.0355,0.36,126.22
43850,876,-0.712,50,0.8611,0.005572,,64.747,3.0453,0.38,75.94
43900,877,-1.55912,50,0.861,0.005482,,79.71,4.6264,0.3,151.48
43950,878,-1.48695,50,0.8608,0.006677,,64.139,4.2574,0.38,150.56
44000,879,-1.08031,50,0.8607,0.006217,,73.454,3.2773,0.34,109.57
44050,880,-5.23032,50,0.8605,0.005837,,64.136,8.793,0.6,614.87
44100,881,-1.6858,50,0.8603,0.005058,,66.043,4.0548,0.48,188.28
44150,882,-3.00143,50,0.8602,0.005466,,62.532,7.3983,0.54,306.45
44200,883,-2.07483,50,0.86,0.005768,,63.791,6.0533,0.46,196.44
44250,884,-2.33959,50,0.8599,0.005718,,65.084,5.2856,0.36,262.92
44300,885,-4.85956,50,0.8597,0.00569,,71.666,10.1353,0.7,513.48
44350,886,-2.84169,50,0.8596,0.005695,,76.575,7.4091,0.58,272.24
44400,887,-2.9404,50,0.8594,0.005721,,71.482,6.639,0.44,309.42
44450,888,-1.82783,50,0.8592,0.006387,,67.914,5.0873,0.42,181.51
44500,889,-0.47414,50,0.8591,0.006481,,60.262,2.0884,0.16,56.27
44550,890,-0.72262,50,0.8589,0.005601,,70.848,3.0254,0.26,65.64
44600,891,-0.3895,50,0.8588,0.005812,,75.867,1.9918,0.2,45.26
44650,892,-4.45345,50,0.8586,0.006345,,73.056,7.9827,0.54,507.2
44700,893,-1.89378,50,0.8585,0.006163,,74.889,4.8728,0.42,194.56
44750,894,-0.81331,50,0.8583,0.006333,,71.472,2.4,0.3,92.4
44800,895,-6.07976,50,0.8581,0.006293,,68.837,12.5807,0.68,635.65
44850,896,-4.58944,50,0.858,0.005151,,69.405,8.5757,0.6,507.01
44900,897,-0.03923,50,0.8578,0.006407,,74.72,0.8206,0.1,10.98
44950,898,-6.12275,50,0.8577,0.006143,,68.0,10.5285,0.64,691.26
45000,899,-2.13165,50,0.8575,0.00535,,70.318,5.9358,0.46,208.03
45050,900,-1.80042,50,0.8573,0.005837,,74.362,4.3048,0.24,200.99
45100,901,-3.11235,50,0.8572,0.006408,,67.323,5.9041,0.46,359.75
45150,902,-1.8724,50,0.857,0.006199,,74.354,4.9387,0.42,187.56
45200,903,-3.5481,50,0.8569,0.005612,,66.321,6.819,0.46,399.27
45250,904,-2.04283,50,0.8567,0.00538,,71.0,6.4683,0.5,175.52
45300,905,-1.15687,50,0.8566,0.006882,,68.68,3.7494,0.36,115.7
45350,906,-1.61089,50,0.8564,0.00668,,61.077,4.1618,0.38,172.7
45400,907,-2.66437,50,0.8562,0.006327,,68.847,5.1348,0.4,310.51
45450,908,0.10326,50,0.8561,0.006129,,65.628,0.5483,0.1,2.47
45500,909,-0.25817,50,0.8559,0.005827,,70.963,1.5576,0.22,36.57
45550,910,-6.13329,50,0.8558,0.005837,,70.061,10.0955,0.66,708.97
45600,911,-0.2551,50,0.8556,0.006584,,70.553,1.8063,0.16,26.73
45650,912,-4.89578,50,0.8554,0.006652,,68.657,9.0939,0.5,553.78
45700,913,-1.00577,50,0.8553,0.00609,,66.985,3.4315,0.34,101.43
45750,914,-5.18779,50,0.8551,0.005419,,71.702,11.4249,0.72,529.08
45800,915,-2.83839,50,0.855,0.006248,,65.81,7.5325,0.54,272.58
45850,916,-0.97883,50,0.8548,0.006096,,68.065,3.7471,0.32,89.96
45900,917,-4.02992,50,0.8547,0.006075,,72.989,8.882,0.52,419.74
45950,918,-3.65632,50,0.8545,0.0058,,72.096,8.1921,0.48,394.07
46000,919,-1.6369,50,0.8543,0.006115,,73.242,4.669,0.36,157.25
46050,920,-4.60397,50,0.8542,0.00708,,75.0,9.5137,0.66,486.97
46100,921,-3.52118,50,0.854,0.006065,,63.081,8.1534,0.62,353.78
46150,922,-1.28043,50,0.8539,0.006204,,73.808,4.1903,0.32,120.61
46200,923,-2.02729,50,0.8537,0.00558,,72.615,5.086,0.38,211.91
46250,924,-0.45959,50,0.8535,0.006025,,70.526,2.2979,0.2,47.66
46300,925,-1.63962,50,0.8534,0.005338,,61.849,4.263,0.4,176.79
46350,926,-3.92688,50,0.8532,0.005861,,62.521,8.3733,0.64,425.74
46400,927,-0.62736,50,0.8531,0.006109,,69.506,2.3229,0.16,76.28
46450,928,-5.32042,50,0.8529,0.006058,,70.079,10.8572,0.62,558.62
46500,929,-4.36999,50,0.8528,0.006363,,74.212,8.2406,0.56,484.82
46550,930,-2.9348,50,0.8526,0.00822,,68.247,8.0201,0.58,272.85
46600,931,-4.39382,50,0.8524,0.006693,,75.0,9.4904,0.64,457.99
46650,932,-1.24989,50,0.8523,0.006776,,64.576,4.0685,0.34,131.08
46700,933,-5.53265,50,0.8521,0.006058,,73.0,13.3752,0.74,531.78
46750,934,-2.44296,50,0.852,0.005603,,67.934,6.1548,0.44,247.49
46800,935,-2.46528,50,0.8518,0.007266,,76.372,6.4557,0.48,246.99
46850,936,-3.03238,50,0.8516,0.0061,,66.843,7.7867,0.54,297.3
46900,937,-2.65309,50,0.8515,0.006839,,72.215,6.2002,0.48,286.41
46950,938,-0.41023,50,0.8513,0.005598,,68.386,2.0055,0.14,46.9
47000,939,-4.34483,50,0.8512,0.006006,,71.25,8.2593,0.58,482.34
47050,940,-3.84683,50,0.851,0.005858,,70.0,8.504,0.58,401.79
47100,941,-4.5091,50,0.8508,0.006692,,66.052,8.3693,0.54,503.39
47150,942,-3.77605,50,0.8507,0.006373,,68.376,8.3308,0.52,395.66
47200,943,-3.27835,50,0.8505,0.006151,,80.217,7.6135,0.44,335.58
47250,944,-0.61531,50,0.8504,0.006043,,74.251,2.1556,0.18,71.92
47300,945,-1.80308,50,0.8502,0.006425,,69.402,4.5454,0.38,188.49
47350,946,-2.15132,50,0.8501,0.007174,,66.094,6.1854,0.5,201.15
47400,947,-1.74661,50,0.8499,0.00644,,67.87,4.2162,0.3,191.44
47450,948,-0.85902,50,0.8497,0.006976,,70.407,3.0448,0.24,91.38
47500,949,-0.2372,50,0.8496,0.007417,,78.746,1.7229,0.16,28.77
47550,950,-0.49562,50,0.8494,0.00701,,79.576,2.1536,0.2,49.98
47600,951,-1.31179,50,0.8493,0.006525,,68.832,3.7486,0.28,137.14
47650,952,-0.58337,50,0.8491,0.005841,,72.092,1.7077,0.18,80.14
47700,953,-1.7725,50,0.8489,0.005702,,71.542,4.6662,0.42,177.39
47750,954,-6.87761,50,0.8488,0.006,,75.002,14.4149,0.74,712.06
47800,955,-3.25649,50,0.8486,0.006551,,68.053,7.6052,0.52,332.0
47850,956,-3.44443,50,0.8485,0.006654,,73.389,8.7444,0.58,329.28
47900,957,-3.18386,50,0.8483,0.007426,,73.356,7.2947,0.46,332.22
47950,958,-1.77222,50,0.8482,0.006087,,72.76,4.5833,0.4,192.29
48000,959,-2.94471,50,0.848,0.007569,,76.533,7.4069,0.52,293.81
48050,960,-5.88312,50,0.8478,0.006968,,80.128,13.2887,0.7,580.74
48100,961,-1.05531,50,0.8477,0.006161,,72.441,4.0475,0.36,92.54
48150,962,-1.60366,50,0.8475,0.006178,,71.098,4.9089,0.44,154.93
48200,963,-3.02448,50,0.8474,0.005819,,65.911,7.9287,0.54,287.59
48250,964,-5.37068,50,0.8472,0.007297,,68.764,10.1534,0.64,583.78
48300,965,-2.293,50,0.847,0.006164,,67.969,5.7671,0.44,237.44
48350,966,-0.40692,50,0.8469,0.005816,,64.995,2.2738,0.22,46.92
48400,967,-6.1982,50,0.8467,0.007014,,68.987,10.24,0.64,717.15
48450,968,-1.42312,50,0.8466,0.006817,,70.119,4.449,0.36,134.58
48500,969,-7.24223,50,0.8464,0.005386,,76.971,14.6016,0.74,758.6
48550,970,-4.36534,50,0.8463,0.006379,,68.75,8.6434,0.56,481.24
48600,971,-1.66284,50,0.8461,0.006641,,69.834,4.2294,0.32,183.35
48650,972,-1.00095,50,0.8459,0.006772,,67.5,3.6555,0.32,94.32
48700,973,-2.9569,50,0.8458,0.006761,,73.58,6.5459,0.46,315.92
48750,974,-0.54109,50,0.8456,0.006577,,67.73,1.7466,0.2,85.61
48800,975,-5.9635,50,0.8455,0.005294,,65.202,10.128,0.66,688.47
48850,976,-2.77547,50,0.8453,0.005932,,71.25,7.0096,0.48,277.42
48900,977,-0.00275,50,0.8452,0.006702,,73.172,1.2755,0.08,5.44
48950,978,-5.578,50,0.845,0.006077,,70.145,10.9141,0.74,603.83
49000,979,-0.93254,50,0.8448,0.006799,,63.828,3.2058,0.36,88.78
49050,980,-4.8973,50,0.8447,0.006701,,71.2,11.6649,0.68,482.94
49100,981,-2.03789,50,0.8445,0.007268,,78.249,5.2887,0.44,204.03
49150,982,-3.80339,50,0.8444,0.006582,,65.898,8.1924,0.58,408.71
49200,983,-0.26024,50,0.8442,0.006518,,68.931,1.3691,0.12,39.06
49250,984,-5.39267,50,0.844,0.006156,,67.993,10.3097,0.7,589.77
49300,985,0.13852,50,0.8439,0.007023,,69.712,0.6259,0.04,6.72
49350,986,-1.47257,50,0.8437,0.007252,,64.514,4.1991,0.44,152.68
49400,987,-1.6767,50,0.8436,0.006521,,74.645,5.1027,0.34,152.18
49450,988,-1.41628,50,0.8434,0.007502,,68.417,4.5232,0.36,137.11
49500,989,-1.35785,50,0.8433,0.007322,,66.105,3.7734,0.34,145.45
49550,990,-6.86117,50,0.8431,0.006668,,77.406,12.2901,0.66,758.52
49600,991,-0.58365,50,0.8429,0.006162,,71.555,2.7437,0.26,51.84
49650,992,-2.62179,50,0.8428,0.006187,,70.0,6.2747,0.48,272.05
49700,993,-3.49426,50,0.8426,0.00717,,70.101,7.5773,0.5,367.36
49750,994,-2.0834,50,0.8425,0.00749,,65.124,4.9164,0.36,234.32
49800,995,-2.92353,50,0.8423,0.006383,,72.458,6.4091,0.52,313.98
49850,996,-2.78815,50,0.8421,0.007236,,74.573,6.6885,0.5,288.56
49900,997,-0.37723,50,0.842,0.006254,,77.244,1.8581,0.22,33.46
49950,998,-5.66297,50,0.8418,0.006533,,71.726,11.3188,0.62,603.87
50000,999,-1.9842,50,0.8417,0.006892,,58.768,5.0201,0.38,208.29
50050,1000,-2.53052,50,0.8415,0.006761,,60.047,5.6166,0.44,286.44
50100,1001,-0.73018,50,0.8414,0.006776,,65.901,3.1346,0.34,67.75
50150,1002,-2.35344,50,0.8412,0.006701,,81.102,6.5772,0.42,220.33
50200,1003,-3.341,50,0.841,0.006265,,72.928,6.184,0.36,382.61
50250,1004,-1.71724,50,0.8409,0.006968,,71.881,4.2261,0.38,189.59
50300,1005,-1.28775,50,0.8407,0.005971,,61.683,3.462,0.42,142.76
50350,1006,-3.51093,50,0.8406,0.006188,,73.639,8.7724,0.5,345.45
50400,1007,-3.01933,50,0.8404,0.006027,,71.967,8.2136,0.68,276.31
50450,1008,-2.73741,50,0.8402,0.006092,,75.304,6.5954,0.46,278.14
50500,1009,-6.65392,50,0.8401,0.006304,,76.002,11.8871,0.64,746.34
50550,1010,-1.51813,50,0.8399,0.006377,,73.198,3.9075,0.3,161.54
50600,1011,-1.57159,50,0.8398,0.007712,,68.196,3.7281,0.4,177.09
50650,1012,-3.3012,50,0.8396,0.006265,,70.758,7.0762,0.56,358.45
50700,1013,-1.20799,50,0.8395,0.00607,,72.178,3.1061,0.24,134.62
50750,1014,-0.26444,50,0.8393,0.006392,,58.106,1.4377,0.18,39.2
50800,1015,-2.90874,50,0.8391,0.005872,,65.814,7.0092,0.48,296.66
50850,1016,-1.89358,50,0.839,0.00683,,60.664,5.141,0.42,201.08
50900,1017,-2.60995,50,0.8388,0.006952,,71.829,6.7212,0.5,259.01
50950,1018,-2.7231,50,0.8387,0.00633,,69.907,6.4783,0.46,284.75
51000,1019,-2.61309,50,0.8385,0.005939,,77.733,4.67,0.44,309.47
51050,1020,-6.518,50,0.8383,0.005809,,67.5,12.9735,0.74,693.75
51100,1021,-2.47005,50,0.8382,0.007406,,75.964,5.5251,0.42,269.75
51150,1022,-4.5037,50,0.838,0.006173,,65.607,9.9086,0.6,470.22
51200,1023,-1.36498,50,0.8379,0.006375,,66.525,3.431,0.26,151.61
51250,1024,-4.01705,50,0.8377,0.005998,,64.126,7.3647,0.5,462.99
51300,1025,-3.54374,50,0.8376,0.006913,,71.383,7.3374,0.48,382.4
51350,1026,-6.36861,50,0.8374,0.006577,,69.0,11.433,0.68,708.54
51400,1027,-1.76853,50,0.8372,0.006758,,70.449,4.819,0.28,185.53
51450,1028,-1.78005,50,0.8371,0.006033,,62.284,4.6814,0.38,194.42
51500,1029,-4.14598,50,0.8369,0.006691,,66.779,8.9893,0.6,431.7
51550,1030,-2.62857,50,0.8368,0.006362,,77.204,7.3035,0.52,243.19
51600,1031,-1.11416,50,0.8366,0.006543,,69.168,3.6716,0.34,112.51
51650,1032,-3.59556,50,0.8364,0.005918,,62.5,7.1857,0.54,402.19
51700,1033,-4.05306,50,0.8363,0.006637,,71.193,9.7186,0.66,405.15
51750,1034,-0.03475,50,0.8361,0.006834,,78.707,1.2765,0.14,12.3
51800,1035,-2.5859,50,0.836,0.006677,,67.509,6.454,0.48,261.95
51850,1036,-1.9035,50,0.8358,0.00601,,67.196,5.1,0.42,195.2
51900,1037,-1.23422,50,0.8357,0.006235,,66.761,3.132,0.28,145.82
51950,1038,-1.67426,50,0.8355,0.006505,,64.0,5.0375,0.44,163.39
52000,1039,-2.35586,50,0.8353,0.006249,,67.5,5.7116,0.58,249.66
52050,1040,-1.00863,50,0.8352,0.006434,,65.133,3.6172,0.36,88.85
52100,1041,-4.4529,50,0.835,0.007313,,67.185,10.2675,0.66,443.49
52150,1042,-1.6795,50,0.8349,0.006269,,62.669,5.235,0.54,159.45
52200,1043,-2.472,50,0.8347,0.006551,,66.119,5.8286,0.48,265.96
52250,1044,-0.81079,50,0.8345,0.007254,,76.954,3.0058,0.3,77.41
52300,1045,-3.18291,50,0.8344,0.006358,,67.49,6.6949,0.54,347.62
52350,1046,-4.42657,50,0.8342,0.007079,,67.732,9.079,0.52,477.24
52400,1047,-3.27677,50,0.8341,0.007111,,70.422,8.6697,0.6,309.77
52450,1048,-1.21229,50,0.8339,0.007422,,67.982,3.165,0.3,142.8
52500,1049,-1.60676,50,0.8337,0.006856,,74.36,5.0561,0.38,143.43
52550,1050,-1.40223,50,0.8336,0.006382,,60.837,3.5966,0.36,156.47
52600,1051,-5.02996,50,0.8334,0.007502,,70.343,9.9464,0.58,546.39
52650,1052,-1.30162,50,0.8333,0.006626,,57.685,3.9526,0.4,133.01
52700,1053,-1.98036,50,0.8331,0.007007,,76.555,3.8885,0.4,235.21
52750,1054,-1.059,50,0.833,0.006378,,62.372,3.2299,0.3,112.89
52800,1055,-5.16625,50,0.8328,0.00648,,72.604,10.121,0.6,558.81
52850,1056,-1.99787,50,0.8326,0.005742,,72.312,4.7993,0.4,214.92
52900,1057,-0.80256,50,0.8325,0.0063,,64.992,2.714,0.28,88.47
52950,1058,-1.27747,50,0.8323,0.006679,,72.5,4.2498,0.36,120.88
53000,1059,-4.27815,50,0.8322,0.006405,,67.5,7.8149,0.54,487.71
53050,1060,-7.22178,50,0.832,0.007036,,73.274,12.9489,0.68,797.24
53100,1061,-1.7909,50,0.8318,0.006707,,68.587,5.5891,0.42,165.36
53150,1062,-3.70387,50,0.8317,0.006691,,68.818,7.8241,0.58,397.33
53200,1063,-2.01013,50,0.8315,0.00709,,72.991,5.0238,0.44,213.21
53250,1064,-2.93231,50,0.8314,0.006282,,74.937,6.5907,0.4,314.87
53300,1065,-1.11652,50,0.8312,0.00617,,68.788,3.0718,0.2,123.45
53350,1066,-1.12983,50,0.8311,0.006459,,68.799,3.6461,0.34,109.49
53400,1067,-2.71211,50,0.8309,0.007017,,59.669,6.6945,0.62,278.29
53450,1068,-3.97468,50,0.8307,0.006109,,75.229,9.1628,0.52,402.35
53500,1069,-3.06023,50,0.8306,0.006401,,62.954,5.9892,0.46,355.63
53550,1070,-0.63545,50,0.8304,0.006653,,69.008,3.0861,0.2,54.27
53600,1071,-3.69951,50,0.8303,0.006079,,69.059,8.278,0.52,382.52
53650,1072,-4.28367,50,0.8301,0.006939,,70.313,8.4675,0.58,473.71
53700,1073,-0.80075,50,0.8299,0.006509,,73.309,3.37,0.32,66.44
53750,1074,-3.23841,50,0.8298,0.005895,,67.242,6.8719,0.6,352.03
53800,1075,-1.65015,50,0.8296,0.006422,,65.207,5.3527,0.42,148.1
53850,1076,-0.41156,50,0.8295,0.006008,,60.0,2.2606,0.26,42.63
53900,1077,-3.08156,50,0.8293,0.006572,,67.022,7.2518,0.54,309.57
53950,1078,-2.15209,50,0.8292,0.006308,,68.598,5.5577,0.52,226.08
54000,1079,-3.33546,50,0.829,0.005861,,68.255,7.9561,0.46,336.2
54050,1080,-3.28899,50,0.8288,0.006304,,73.047,8.6452,0.44,306.48
54100,1081,-4.55185,50,0.8287,0.005739,,64.499,8.8021,0.58,501.23
54150,1082,-3.5149,50,0.8285,0.006572,,70.187,8.5897,0.66,349.45
54200,1083,-2.8594,50,0.8284,0.00588,,67.423,7.2678,0.5,284.01
54250,1084,-5.32436,50,0.8282,0.006197,,69.677,7.9,0.5,642.68
54300,1085,-6.07424,50,0.828,0.005335,,74.755,9.6919,0.58,703.67
54350,1086,-4.97331,50,0.8279,0.006161,,70.621,11.656,0.7,486.39
54400,1087,-0.38295,50,0.8277,0.00706,,81.719,1.8351,0.2,34.18
54450,1088,-1.86073,50,0.8276,0.00653,,72.693,4.6887,0.36,199.93
54500,1089,-1.92172,50,0.8274,0.00623,,71.971,4.474,0.54,215.96
54550,1090,-3.85492,50,0.8273,0.006613,,68.12,7.7458,0.64,417.75
54600,1091,-1.43667,50,0.8271,0.005952,,66.015,4.6966,0.38,140.73
54650,1092,-1.25828,50,0.8269,0.006313,,66.0,3.7526,0.24,137.43
54700,1093,-5.02796,50,0.8268,0.006662,,70.0,10.4293,0.6,532.3
54750,1094,-1.50534,50,0.8266,0.006251,,67.575,4.6915,0.46,136.88
54800,1095,-3.19422,50,0.8265,0.006177,,61.874,6.8033,0.64,352.76
54850,1096,-0.08672,50,0.8263,0.00709,,80.586,1.0202,0.12,19.31
54900,1097,-2.59372,50,0.8262,0.006374,,68.692,6.7081,0.46,258.46
54950,1098,-0.57241,50,0.826,0.007076,,67.724,2.5852,0.26,52.07
55000,1099,-1.11625,50,0.8258,0.006226,,65.168,3.7494,0.38,107.35
55050,1100,-3.36516,50,0.8257,0.00593,,78.4,6.3726,0.5,374.11
55100,1101,-3.66198,50,0.8255,0.005852,,70.137,8.0867,0.48,387.36
55150,1102,-2.05056,50,0.8254,0.006945,,63.405,4.983,0.38,218.93
55200,1103,-2.80829,50,0.8252,0.005475,,67.255,7.1087,0.52,281.24
55250,1104,-4.07541,50,0.825,0.005712,,72.971,8.9506,0.5,426.08
55300,1105,-3.02784,50,0.8249,0.006548,,70.117,6.5179,0.48,323.81
55350,1106,-1.10165,50,0.8247,0.007669,,69.947,2.9842,0.34,136.13
55400,1107,-1.66009,50,0.8246,0.005669,,70.035,2.8999,0.28,212.05
55450,1108,-2.58153,50,0.8244,0.007324,,72.407,5.4474,0.48,298.77
55500,1109,-0.39594,50,0.8243,0.006173,,69.021,1.9659,0.14,41.54
55550,1110,-0.67958,50,0.8241,0.006963,,71.396,2.3367,0.26,73.17
55600,1111,-0.02733,50,0.8239,0.006071,,91.991,0.5402,0.06,5.82
55650,1112,-0.62683,50,0.8238,0.006665,,69.003,3.3826,0.28,48.53
55700,1113,-3.04065,50,0.8236,0.006752,,69.6,7.3667,0.54,302.69
55750,1114,-5.18662,50,0.8235,0.006726,,61.89,9.7924,0.72,571.11
55800,1115,-1.26236,50,0.8233,0.005414,,69.022,4.3081,0.32,112.92
55850,1116,-2.5613,50,0.8231,0.005757,,73.201,5.728,0.46,281.88
55900,1117,-5.12924,50,0.823,0.006317,,72.982,8.6359,0.5,592.64
55950,1118,-3.29237,50,0.8228,0.006421,,64.471,6.0472,0.54,391.49
56000,1119,-2.92125,50,0.8227,0.00594,,58.607,7.1355,0.58,297.76
56050,1120,-1.60302,50,0.8225,0.006608,,67.326,3.8035,0.38,184.97
56100,1121,-0.88661,50,0.8224,0.006784,,72.857,3.3892,0.26,90.06
56150,1122,-1.29601,50,0.8222,0.006168,,68.693,3.7122,0.36,142.5
56200,1123,-2.66984,50,0.822,0.00624,,70.13,7.3257,0.5,254.89
56250,1124,-4.23498,50,0.8219,0.006258,,67.541,9.6188,0.68,434.89
56300,1125,-1.20798,50,0.8217,0.00558,,72.379,3.5637,0.4,128.85
56350,1126,-2.40448,50,0.8216,0.005686,,66.726,4.5663,0.4,287.79
56400,1127,-3.26641,50,0.8214,0.006265,,72.373,6.8759,0.56,349.65
56450,1128,-0.03025,50,0.8212,0.006138,,81.372,0.5257,0.06,4.67
56500,1129,-2.0349,50,0.8211,0.006029,,69.516,5.2443,0.44,203.52
56550,1130,-0.39382,50,0.8209,0.007128,,65.951,2.1065,0.22,36.06
56600,1131,-1.94438,50,0.8208,0.005909,,70.476,5.0183,0.36,200.6
56650,1132,-3.31667,50,0.8206,0.005869,,65.346,7.1169,0.44,360.06
56700,1133,-0.38258,50,0.8205,0.006067,,69.555,1.8532,0.18,39.32
56750,1134,-1.85478,50,0.8203,0.006418,,61.563,5.405,0.5,176.02
56800,1135,-1.02926,50,0.8201,0.005419,,61.572,3.1993,0.22,120.37
56850,1136,-5.08771,50,0.82,0.006002,,68.681,8.1868,0.6,596.31
56900,1137,-3.72403,50,0.8198,0.006141,,76.934,9.0555,0.5,366.05
56950,1138,-4.80416,50,0.8197,0.00601,,68.109,9.3072,0.68,523.4
57000,1139,-5.15297,50,0.8195,0.006967,,65.041,8.987,0.6,592.89
57050,1140,-4.55348,50,0.8193,0.006897,,66.924,8.9301,0.52,500.69
57100,1141,-7.56378,50,0.8192,0.006284,,77.003,14.8947,0.74,800.12
57150,1142,-3.28788,50,0.819,0.007092,,67.63,6.6733,0.5,364.46
57200,1143,-0.79279,50,0.8189,0.006503,,64.662,3.3537,0.38,73.26
57250,1144,-1.90221,50,0.8187,0.006517,,63.952,5.1612,0.42,193.41
57300,1145,-1.64805,50,0.8185,0.006122,,63.134,5.3295,0.54,147.79
57350,1146,-4.01997,50,0.8184,0.006028,,61.121,8.6776,0.56,422.82
57400,1147,-4.27553,50,0.8182,0.005604,,67.807,8.9124,0.68,458.56
57450,1148,-8.18575,50,0.8181,0.006505,,70.348,14.4243,0.74,909.9
57500,1149,-1.70351,50,0.8179,0.00626,,73.544,5.5907,0.4,148.83
57550,1150,-0.9533,50,0.8178,0.007084,,64.949,3.6735,0.32,89.8
57600,1151,-2.66872,50,0.8176,0.0067,,62.558,6.2845,0.44,282.85
57650,1152,-3.30301,50,0.8174,0.006737,,66.018,6.443,0.44,382.0
57700,1153,-5.80888,50,0.8173,0.006156,,66.092,9.6996,0.64,671.51
57750,1154,-0.25538,50,0.8171,0.006243,,73.083,1.5228,0.1,38.35
57800,1155,-3.62182,50,0.817,0.005013,,63.085,7.7461,0.54,389.47
57850,1156,-4.93806,50,0.8168,0.00608,,63.16,10.896,0.66,508.72
57900,1157,-2.8303,50,0.8166,0.006283,,66.874,6.634,0.6,290.6
57950,1158,-0.57158,50,0.8165,0.006214,,70.458,2.593,0.28,50.27
58000,1159,-3.67414,50,0.8163,0.006241,,64.54,7.4452,0.56,403.5
58050,1160,-1.54525,50,0.8162,0.006397,,76.558,4.8244,0.38,137.63
58100,1161,-5.10713,50,0.816,0.007449,,73.227,11.9945,0.74,497.42
58150,1162,-5.85028,50,0.8159,0.006872,,69.503,12.0077,0.72,618.08
58200,1163,-1.69236,50,0.8157,0.006455,,69.094,5.1794,0.46,166.44
58250,1164,-2.34712,50,0.8155,0.006903,,73.074,5.9917,0.4,235.29
58300,1165,-3.54423,50,0.8154,0.006324,,67.17,6.828,0.48,396.89
58350,1166,-2.35371,50,0.8152,0.006126,,85.906,5.4393,0.34,254.83
58400,1167,-5.29028,50,0.8151,0.008179,,66.002,9.5397,0.64,595.76
58450,1168,-1.23222,50,0.8149,0.006051,,67.212,3.774,0.38,126.93
58500,1169,-0.24251,50,0.8147,0.006677,,70.856,1.777,0.18,27.82
58550,1170,-6.35172,50,0.8146,0.007331,,66.25,11.3117,0.72,714.78
58600,1171,-2.70207,50,0.8144,0.006732,,74.959,6.6327,0.52,272.19
58650,1172,-1.04481,50,0.8143,0.005966,,64.886,3.7606,0.36,101.35
58700,1173,-2.62156,50,0.8141,0.006884,,61.0,6.1653,0.6,284.25
58750,1174,-3.13244,50,0.814,0.006974,,68.648,7.4245,0.46,320.09
58800,1175,-3.40611,50,0.8138,0.006164,,64.695,7.9974,0.64,341.5
58850,1176,-2.20809,50,0.8136,0.008011,,68.792,4.935,0.4,245.65
58900,1177,-3.88462,50,0.8135,0.006147,,67.963,8.648,0.6,398.51
58950,1178,-0.9449,50,0.8133,0.006904,,73.092,3.1141,0.24,105.18
59000,1179,-0.5647,50,0.8132,0.006412,,68.059,2.3218,0.34,61.77
59050,1180,-0.19043,50,0.813,0.006141,,71.514,1.149,0.12,31.32
59100,1181,0.05648,50,0.8128,0.006945,,73.823,0.8422,0.1,9.74
59150,1182,-0.6431,50,0.8127,0.007054,,65.913,2.994,0.24,62.65
59200,1183,-3.709,50,0.8125,0.005594,,70.961,8.1277,0.58,397.52
59250,1184,-0.669,50,0.8124,0.005722,,71.767,2.6736,0.3,65.66
59300,1185,-3.69467,50,0.8122,0.00624,,66.178,8.0818,0.54,386.98
59350,1186,-3.49872,50,0.8121,0.007375,,71.771,7.299,0.48,378.69
59400,1187,-2.61631,50,0.8119,0.006404,,73.34,6.5059,0.42,265.42
59450,1188,-2.31225,50,0.8117,0.006063,,65.668,5.1181,0.4,260.2
59500,1189,-3.27721,50,0.8116,0.006164,,65.959,7.3914,0.52,346.81
59550,1190,-1.61816,50,0.8114,0.006223,,71.525,4.4737,0.36,167.5
59600,1191,-3.02262,50,0.8113,0.005805,,65.874,6.5843,0.5,328.79
59650,1192,-3.09743,50,0.8111,0.006206,,72.5,6.8648,0.58,332.27
59700,1193,-2.34125,50,0.811,0.007669,,70.811,6.0167,0.64,237.5
59750,1194,-3.46765,50,0.8108,0.007436,,70.749,6.6645,0.48,391.99
59800,1195,-0.15943,50,0.8106,0.006725,,82.138,1.2443,0.06,27.24
59850,1196,-1.71943,50,0.8105,0.006408,,70.688,4.8431,0.38,169.47
59900,1197,-0.16169,50,0.8103,0.007367,,69.846,1.4303,0.18,31.14
59950,1198,-1.72988,50,0.8102,0.006411,,64.558,4.5252,0.44,182.97
60000,1199,-3.29215,50,0.81,0.007037,,76.25,7.9062,0.5,325.91
60050,1200,-4.82193,50,0.8098,0.005819,,70.408,9.4961,0.54,519.33
60100,1201,-1.71186,50,0.8097,0.007015,,71.955,5.137,0.34,162.95
60150,1202,-3.74989,50,0.8095,0.006817,,66.668,7.7205,0.66,414.63
60200,1203,-2.09726,50,0.8094,0.00727,,76.722,4.8708,0.4,218.02
60250,1204,-4.35191,50,0.8092,0.006033,,68.04,8.4162,0.54,479.12
60300,1205,-0.78025,50,0.8091,0.006482,,75.488,3.0406,0.24,81.16
60350,1206,-2.01111,50,0.8089,0.006606,,71.447,4.9854,0.38,210.51
60400,1207,-0.62295,50,0.8087,0.005353,,75.944,2.7938,0.24,63.23
60450,1208,-1.11046,50,0.8086,0.006802,,68.434,4.1352,0.44,98.53
60500,1209,-2.60559,50,0.8084,0.006194,,65.652,5.4824,0.42,297.07
60550,1210,-4.46708,50,0.8083,0.006626,,75.433,10.2304,0.62,451.62
60600,1211,-2.85427,50,0.8081,0.007053,,64.213,6.6745,0.52,299.62
60650,1212,-1.84799,50,0.8079,0.00542,,72.582,4.9665,0.38,193.23
60700,1213,-1.41818,50,0.8078,0.006246,,64.0,3.8426,0.36,151.3
60750,1214,-5.59185,50,0.8076,0.005548,,72.533,12.0596,0.8,571.61
60800,1215,-4.014,50,0.8075,0.005681,,63.147,8.9146,0.68,414.96
60850,1216,-0.78366,50,0.8073,0.006338,,67.89,3.3155,0.24,70.68
60900,1217,-0.12801,50,0.8072,0.005565,,72.079,1.5997,0.12,18.3
60950,1218,-1.44996,50,0.807,0.006457,,61.644,3.4374,0.38,170.93
61000,1219,-1.39006,50,0.8068,0.005835,,68.933,3.6501,0.32,157.28
61050,1220,-3.29484,50,0.8067,0.006668,,70.72,7.7364,0.56,333.29
61100,1221,-6.4993,50,0.8065,0.005583,,77.682,11.6934,0.66,724.96
61150,1222,-0.46206,50,0.8064,0.006109,,71.538,2.373,0.16,54.99
61200,1223,0.01126,50,0.8062,0.005566,,65.715,0.8684,0.12,6.78
61250,1224,-0.93999,50,0.806,0.006729,,70.621,3.1211,0.28,100.28
61300,1225,-3.46239,50,0.8059,0.006115,,67.03,7.1516,0.56,378.64
61350,1226,-3.85729,50,0.8057,0.006693,,77.055,9.1692,0.58,390.16
61400,1227,-4.08296,50,0.8056,0.006404,,72.887,8.5762,0.54,438.6
61450,1228,-5.24973,50,0.8054,0.006697,,68.469,10.014,0.58,580.7
61500,1229,-3.86897,50,0.8053,0.005869,,72.5,8.29,0.52,412.91
61550,1230,-3.14804,50,0.8051,0.006405,,70.298,7.2944,0.56,331.23
61600,1231,-3.01892,50,0.8049,0.006596,,72.765,6.9601,0.52,308.65
61650,1232,-1.22051,50,0.8048,0.006259,,68.89,3.8246,0.24,126.58
61700,1233,-0.45847,50,0.8046,0.007028,,78.217,2.5999,0.26,42.79
61750,1234,-2.08559,50,0.8045,0.005795,,68.312,6.0588,0.46,197.38
61800,1235,-4.16533,50,0.8043,0.006911,,65.692,8.6884,0.56,447.04
61850,1236,-1.3319,50,0.8041,0.006193,,71.045,4.7895,0.32,118.81
61900,1237,-0.58831,50,0.804,0.005785,,73.825,2.4737,0.28,59.31
61950,1238,-3.90543,50,0.8038,0.00594,,77.897,9.5706,0.54,383.81
62000,1239,0.12215,50,0.8037,0.00629,,70.007,0.6966,0.08,3.99
62050,1240,-4.14685,50,0.8035,0.006606,,72.091,8.6925,0.64,438.79
62100,1241,-0.69677,50,0.8034,0.006405,,77.298,3.1933,0.22,58.85
62150,1242,-1.41221,50,0.8032,0.006075,,64.62,4.6683,0.46,126.07
62200,1243,-1.27047,50,0.803,0.006698,,63.923,4.5711,0.42,118.66
62250,1244,-3.15379,50,0.8029,0.006277,,66.605,7.3415,0.54,327.39
62300,1245,-2.26091,50,0.8027,0.006565,,64.24,6.368,0.46,208.31
62350,1246,-0.60027,50,0.8026,0.006308,,61.785,2.739,0.32,52.25
62400,1247,-2.60659,50,0.8024,0.005819,,74.626,6.5299,0.46,265.55
62450,1248,-4.04157,50,0.8022,0.006547,,67.837,9.2597,0.68,409.72
62500,1249,-4.03799,50,0.8021,0.006055,,65.0,8.0297,0.6,446.23
62550,1250,-2.26944,50,0.8019,0.006078,,81.206,4.4022,0.3,273.75
62600,1251,-0.74608,50,0.8018,0.006475,,73.672,2.882,0.34,73.59
62650,1252,-4.52786,50,0.8016,0.005781,,75.172,9.3253,0.56,481.95
62700,1253,-3.91138,50,0.8014,0.006566,,70.879,9.2975,0.64,382.24
62750,1254,-1.92161,50,0.8013,0.006772,,62.791,5.2356,0.52,190.91
62800,1255,-3.08273,50,0.8011,0.005841,,65.428,6.759,0.64,327.26
62850,1256,-0.98777,50,0.801,0.006039,,63.87,3.3222,0.34,111.3
62900,1257,-4.24013,50,0.8008,0.006137,,68.75,9.4333,0.62,434.44
62950,1258,-1.04079,50,0.8007,0.006755,,71.061,4.2794,0.28,89.25
63000,1259,-2.254,50,0.8005,0.006052,,76.065,6.2382,0.46,226.91
63050,1260,-3.69943,50,0.8003,0.006971,,65.615,8.0434,0.64,393.09
63100,1261,-2.37697,50,0.8002,0.006099,,66.005,6.1394,0.48,240.51
63150,1262,-0.83616,50,0.8,0.006447,,68.858,3.4418,0.38,75.2
63200,1263,-0.98608,50,0.7999,0.007519,,73.195,3.15,0.3,105.79
63250,1264,-1.30667,50,0.7997,0.006857,,65.294,4.0833,0.38,130.7
63300,1265,-0.41589,50,0.7995,0.005584,,71.818,1.5285,0.16,52.59
63350,1266,-0.04422,50,0.7994,0.00572,,71.515,0.9247,0.14,16.59
63400,1267,-1.41737,50,0.7992,0.007447,,70.622,3.7204,0.36,161.06
63450,1268,-0.05624,50,0.7991,0.005967,,68.154,1.2272,0.1,13.71
63500,1269,-0.57825,50,0.7989,0.006933,,61.0,2.6689,0.32,54.57
63550,1270,-1.07524,50,0.7988,0.007962,,69.079,4.2723,0.36,83.34
63600,1271,-0.16976,50,0.7986,0.006879,,63.291,1.17,0.2,32.13
63650,1272,-3.04369,50,0.7984,0.006425,,74.026,6.173,0.42,346.66
63700,1273,-0.56472,50,0.7983,0.007094,,64.695,3.1575,0.24,41.23
63750,1274,-3.39357,50,0.7981,0.006104,,71.088,7.1985,0.42,360.18
63800,1275,-2.59786,50,0.798,0.005917,,60.973,6.2631,0.5,265.53
63850,1276,-1.91668,50,0.7978,0.006184,,66.299,4.6263,0.42,209.68
63900,1277,-2.39263,50,0.7976,0.006914,,74.0,6.793,0.52,223.0
63950,1278,-2.86187,50,0.7975,0.005194,,81.373,7.0451,0.48,290.16
64000,1279,-4.10382,50,0.7973,0.005794,,75.985,7.7754,0.48,454.86
64050,1280,-2.41877,50,0.7972,0.006379,,71.567,6.2298,0.42,241.35
64100,1281,-5.76735,50,0.797,0.006077,,74.936,11.7549,0.62,609.61
64150,1282,-1.85161,50,0.7969,0.006216,,78.007,4.2732,0.36,199.71
64200,1283,-0.2601,50,0.7967,0.006167,,67.899,1.9624,0.22,29.21
64250,1284,-5.13936,50,0.7965,0.005769,,69.718,10.1392,0.56,558.25
64300,1285,-4.95849,50,0.7964,0.007152,,74.704,11.3395,0.64,490.31
64350,1286,-2.53697,50,0.7962,0.005755,,71.474,5.5735,0.44,274.66
64400,1287,-0.2709,50,0.7961,0.006143,,67.338,1.4985,0.18,37.65
64450,1288,-2.31228,50,0.7959,0.005956,,69.713,6.5772,0.54,219.88
64500,1289,-1.41856,50,0.7957,0.00618,,75.837,4.6202,0.3,133.58
64550,1290,-2.20265,50,0.7956,0.006434,,69.975,4.816,0.38,245.1
64600,1291,-3.16213,50,0.7954,0.007141,,70.876,6.9667,0.56,337.19
64650,1292,-1.65453,50,0.7953,0.006712,,74.89,4.3328,0.42,170.29
64700,1293,-2.10311,50,0.7951,0.005593,,77.8,5.553,0.4,212.78
64750,1294,-0.19807,50,0.795,0.007637,,90.553,1.1994,0.1,29.9
64800,1295,-0.0357,50,0.7948,0.006625,,69.403,1.3721,0.16,13.51
64850,1296,-2.48515,50,0.7946,0.005152,,69.163,6.6981,0.42,250.44
64900,1297,-2.94847,50,0.7945,0.006379,,80.138,8.3487,0.36,269.32
64950,1298,-0.39652,50,0.7943,0.006152,,65.654,1.7153,0.18,51.27
65000,1299,-1.09114,50,0.7942,0.005975,,58.637,3.6279,0.34,117.82
65050,1300,-2.17113,50,0.794,0.006587,,67.552,5.6486,0.4,217.86
65100,1301,-0.29982,50,0.7938,0.007073,,68.514,1.2969,0.14,44.37
65150,1302,-4.01479,50,0.7937,0.006217,,65.945,7.7458,0.56,447.59
65200,1303,-4.47595,50,0.7935,0.006272,,64.552,9.2023,0.6,484.83
65250,1304,-3.3904,50,0.7934,0.00625,,72.893,6.0388,0.48,397.09
65300,1305,-0.34554,50,0.7932,0.005753,,67.317,1.7039,0.2,40.89
65350,1306,-2.91041,50,0.7931,0.007059,,63.823,5.9404,0.48,331.77
65400,1307,-3.18658,50,0.7929,0.005719,,73.75,7.6309,0.58,317.4
65450,1308,-1.04588,50,0.7927,0.005885,,71.931,2.9984,0.28,123.54
65500,1309,-0.7776,50,0.7926,0.006009,,74.963,2.642,0.32,76.66
65550,1310,-1.51347,50,0.7924,0.006254,,64.262,4.1505,0.34,164.55
65600,1311,-0.31696,50,0.7923,0.006742,,80.251,1.4518,0.2,42.55
65650,1312,-7.13242,50,0.7921,0.006082,,79.105,11.3086,0.58,830.32
65700,1313,-1.39887,50,0.792,0.006562,,72.612,4.9121,0.44,123.37
65750,1314,-1.89346,50,0.7918,0.005898,,71.948,4.9185,0.38,204.95
65800,1315,-2.4758,50,0.7916,0.006302,,74.866,6.24,0.48,254.44
65850,1316,-0.96027,50,0.7915,0.005538,,72.309,3.22,0.32,105.47
65900,1317,-2.09506,50,0.7913,0.006913,,69.257,4.5752,0.34,228.43
65950,1318,-3.08203,50,0.7912,0.005876,,59.253,6.0249,0.46,351.05
66000,1319,-2.06792,50,0.791,0.005874,,65.6,5.4275,0.44,209.84
66050,1320,-2.8102,50,0.7908,0.006746,,71.0,6.4038,0.48,296.13
66100,1321,-1.75317,50,0.7907,0.008012,,69.881,5.527,0.36,165.27
66150,1322,-2.94625,50,0.7905,0.005727,,69.267,5.6773,0.36,342.42
66200,1323,-7.7598,50,0.7904,0.006278,,74.643,15.1921,0.82,818.22
66250,1324,-3.14732,50,0.7902,0.006408,,67.899,7.0125,0.62,338.43
66300,1325,-1.09482,50,0.7901,0.006713,,65.933,3.3158,0.42,113.01
66350,1326,-0.94874,50,0.7899,0.005802,,67.955,3.5836,0.3,92.74
66400,1327,-1.99176,50,0.7897,0.006846,,76.297,5.369,0.38,200.87
66450,1328,-1.02061,50,0.7896,0.006752,,78.713,3.0506,0.3,110.42
66500,1329,-4.39339,50,0.7894,0.006012,,69.311,8.9418,0.6,469.21
66550,1330,-2.34894,50,0.7893,0.005972,,70.198,6.3116,0.44,237.47
66600,1331,-1.27077,50,0.7891,0.00687,,82.114,3.6288,0.34,127.34
66650,1332,-1.408,50,0.7889,0.005909,,70.178,4.3478,0.28,135.13
66700,1333,-1.50927,50,0.7888,0.007887,,68.783,3.7735,0.32,166.72
66750,1334,-0.96431,50,0.7886,0.006656,,73.095,2.9889,0.32,104.45
66800,1335,-0.84362,50,0.7885,0.006895,,73.346,2.9484,0.2,88.76
66850,1336,-0.60675,50,0.7883,0.005899,,72.514,2.7229,0.32,68.18
66900,1337,-2.49726,50,0.7882,0.006912,,68.736,6.1815,0.48,259.22
66950,1338,-2.59941,50,0.788,0.007381,,75.55,6.6248,0.4,257.49
67000,1339,-1.45027,50,0.7878,0.006174,,70.391,4.0467,0.34,145.53
67050,1340,-2.14442,50,0.7877,0.00578,,73.021,5.3236,0.38,223.43
67100,1341,-0.20175,50,0.7875,0.006629,,65.261,1.6011,0.2,19.32
67150,1342,-3.55995,50,0.7874,0.005899,,65.0,8.141,0.7,372.67
67200,1343,-1.53203,50,0.7872,0.005974,,66.364,4.782,0.46,143.47
67250,1344,-1.83947,50,0.787,0.00578,,65.972,5.5823,0.5,174.6
67300,1345,-2.4706,50,0.7869,0.006463,,71.777,6.8257,0.52,238.63
67350,1346,-2.33636,50,0.7867,0.007458,,74.62,5.653,0.38,248.52
67400,1347,-1.28709,50,0.7866,0.006031,,70.378,3.6532,0.28,141.5
67450,1348,-0.40958,50,0.7864,0.006966,,67.358,2.2981,0.22,55.46
67500,1349,-4.33874,50,0.7863,0.006422,,76.25,8.62,0.44,473.45
67550,1350,-3.25516,50,0.7861,0.006235,,69.765,7.0441,0.48,348.83
67600,1351,-2.31298,50,0.7859,0.005888,,73.101,5.9649,0.44,236.36
67650,1352,-0.84955,50,0.7858,0.006619,,80.129,3.2309,0.22,75.78
67700,1353,-3.48441,50,0.7856,0.005791,,63.0,8.2077,0.64,349.68
67750,1354,-6.39103,50,0.7855,0.00599,,73.174,12.3321,0.7,694.51
67800,1355,-2.06512,50,0.7853,0.006177,,72.662,5.279,0.42,219.92
67850,1356,-7.51011,50,0.7851,0.006714,,78.75,14.1324,0.74,807.54
67900,1357,-4.57002,50,0.785,0.006172,,69.709,9.1949,0.6,490.85
67950,1358,-3.19663,50,0.7848,0.00582,,70.813,7.3078,0.54,327.94
68000,1359,-4.9581,50,0.7847,0.006173,,68.823,8.6672,0.56,568.4
68050,1360,-4.16008,50,0.7845,0.0062,,65.574,8.286,0.6,453.97
68100,1361,-2.07411,50,0.7843,0.00556,,70.13,5.4064,0.44,208.35
68150,1362,-4.62078,50,0.7842,0.006248,,67.724,10.4586,0.62,468.35
68200,1363,-2.57514,50,0.784,0.007129,,84.615,5.7632,0.46,271.08
68250,1364,-3.13101,50,0.7839,0.00597,,68.996,5.6009,0.4,365.55
68300,1365,-3.21719,50,0.7837,0.006362,,69.34,6.6536,0.48,358.59
68350,1366,-1.26686,50,0.7836,0.005615,,59.414,4.2664,0.36,117.98
68400,1367,-2.57874,50,0.7834,0.00654,,66.234,6.3613,0.54,265.33
68450,1368,-0.8558,50,0.7832,0.007217,,78.585,3.0899,0.32,88.03
68500,1369,-5.8785,50,0.7831,0.005973,,72.612,12.9015,0.76,585.31
68550,1370,-2.9063,50,0.7829,0.006134,,72.943,7.5525,0.42,277.9
68600,1371,-5.1906,50,0.7828,0.006493,,68.642,10.1459,0.74,571.89
68650,1372,-4.80479,50,0.7826,0.006095,,71.112,8.7125,0.56,543.2
68700,1373,-0.89375,50,0.7824,0.005994,,65.72,3.4512,0.22,81.6
68750,1374,-3.4222,50,0.7823,0.006028,,70.291,7.1691,0.5,370.21
68800,1375,-3.86826,50,0.7821,0.006211,,72.126,9.152,0.48,382.51
68850,1376,-4.28232,50,0.782,0.006241,,67.521,9.6733,0.68,436.75
68900,1377,-7.22181,50,0.7818,0.00694,,72.432,14.1849,0.8,767.65
68950,1378,-3.47598,50,0.7817,0.006653,,70.584,8.0845,0.56,352.41
69000,1379,-3.65664,50,0.7815,0.006326,,73.754,7.3987,0.58,404.37
69050,1380,-0.78191,50,0.7813,0.006091,,62.509,3.1293,0.38,77.04
69100,1381,-5.21031,50,0.7812,0.006279,,67.222,10.9626,0.66,539.32
69150,1382,-2.86025,50,0.781,0.006651,,64.741,7.0742,0.6,287.3
69200,1383,-2.57944,50,0.7809,0.00586,,70.188,6.0343,0.48,266.81
69250,1384,-4.50833,50,0.7807,0.006081,,67.743,8.7728,0.64,500.11
69300,1385,-3.38889,50,0.7805,0.006196,,74.242,7.0948,0.48,369.51
69350,1386,-1.36422,50,0.7804,0.006719,,70.246,4.3664,0.4,131.49
69400,1387,-0.32552,50,0.7802,0.007585,,72.968,2.5605,0.2,20.15
69450,1388,-5.34863,50,0.7801,0.006109,,74.517,9.8032,0.6,598.13
69500,1389,-0.95356,50,0.7799,0.006198,,66.357,3.4541,0.38,95.22
69550,1390,-5.43773,50,0.7798,0.006182,,68.89,11.0355,0.64,570.82
69600,1391,-2.6252,50,0.7796,0.005826,,72.068,7.226,0.48,244.22
69650,1392,-2.91453,50,0.7794,0.006265,,76.273,5.3329,0.34,343.94
69700,1393,-4.27594,50,0.7793,0.006126,,73.588,9.8114,0.56,429.2
69750,1394,-3.51765,50,0.7791,0.006644,,68.86,8.3055,0.6,361.14
69800,1395,-2.46565,50,0.779,0.005964,,64.403,5.883,0.44,258.51
69850,1396,-0.25036,50,0.7788,0.005504,,66.799,1.8601,0.22,27.62
69900,1397,-3.67784,50,0.7787,0.007486,,68.71,8.3655,0.58,384.83
69950,1398,-4.68738,50,0.7785,0.006257,,72.419,8.4323,0.54,538.46
70000,1399,-3.95466,50,0.7783,0.006046,,67.534,7.1752,0.52,453.47
70050,1400,-1.08435,50,0.7782,0.006579,,67.093,3.3305,0.26,114.43
70100,1401,-1.50422,50,0.778,0.00677,,72.207,4.6839,0.46,150.34
70150,1402,-0.40472,50,0.7779,0.006187,,73.027,2.6535,0.18,27.0
70200,1403,0.09874,50,0.7777,0.006384,,73.683,0.557,0.04,2.2
70250,1404,-0.79436,50,0.7775,0.006138,,76.271,3.1741,0.2,73.47
70300,1405,-2.2304,50,0.7774,0.006827,,73.647,5.3243,0.46,231.74
70350,1406,-4.41772,50,0.7772,0.006575,,70.278,8.4751,0.54,490.03
70400,1407,-3.44827,50,0.7771,0.006861,,71.493,8.5903,0.56,332.33
70450,1408,-3.64592,50,0.7769,0.006484,,73.002,7.2955,0.6,395.98
70500,1409,-2.93772,50,0.7768,0.006773,,71.225,6.6772,0.52,309.19
70550,1410,-2.73922,50,0.7766,0.006905,,66.31,7.3055,0.52,265.11
70600,1411,-1.98491,50,0.7764,0.006301,,67.303,5.9047,0.52,185.8
70650,1412,-3.77071,50,0.7763,0.006604,,68.655,7.8953,0.56,413.09
70700,1413,-1.4689,50,0.7761,0.007083,,68.82,4.6685,0.42,135.03
70750,1414,-3.96094,50,0.776,0.006317,,68.898,7.841,0.58,438.21
70800,1415,-3.26549,50,0.7758,0.007022,,70.088,6.7637,0.52,362.23
70850,1416,-4.5103,50,0.7756,0.006567,,74.67,9.5897,0.58,474.93
70900,1417,-2.01023,50,0.7755,0.005919,,77.5,4.9875,0.36,215.49
70950,1418,-3.16887,50,0.7753,0.006378,,71.706,8.3219,0.5,302.57
71000,1419,-0.82714,50,0.7752,0.006531,,74.919,3.5382,0.34,70.01
71050,1420,-0.68005,50,0.775,0.006606,,65.503,2.7489,0.3,71.23
71100,1421,-5.99239,50,0.7749,0.006902,,69.811,10.4325,0.7,683.46
71150,1422,-0.58314,50,0.7747,0.007204,,70.616,1.966,0.2,75.83
71200,1423,-1.46601,50,0.7745,0.006845,,78.436,3.9022,0.28,157.95
71250,1424,-1.98534,50,0.7744,0.006979,,65.741,5.4184,0.5,195.12
71300,1425,-4.76121,50,0.7742,0.006884,,74.618,9.6235,0.58,508.74
71350,1426,-3.91863,50,0.7741,0.006943,,67.5,7.9283,0.68,431.56
71400,1427,-1.9573,50,0.7739,0.006553,,75.768,5.1117,0.48,204.8
71450,1428,-3.33919,50,0.7737,0.006086,,69.592,7.3687,0.44,357.31
71500,1429,-0.6528,50,0.7736,0.00722,,65.49,1.9514,0.2,85.73
71550,1430,-2.21041,50,0.7734,0.007163,,70.887,6.3946,0.54,205.67
71600,1431,-3.97331,50,0.7733,0.006178,,72.333,8.1893,0.5,424.83
71650,1432,-4.02258,50,0.7731,0.006261,,76.25,9.8765,0.66,384.77
71700,1433,-0.06434,50,0.773,0.006654,,76.625,1.0925,0.16,15.79
71750,1434,-5.88733,50,0.7728,0.007034,,69.0,11.2732,0.7,645.92
71800,1435,-5.02799,50,0.7726,0.006257,,68.892,9.3392,0.68,568.33
71850,1436,-0.29625,50,0.7725,0.00686,,74.431,1.8406,0.18,39.92
71900,1437,-3.5055,50,0.7723,0.006551,,77.504,8.1094,0.56,353.11
71950,1438,-3.97629,50,0.7722,0.006859,,63.198,8.8598,0.56,411.9
72000,1439,-2.33648,50,0.772,0.006059,,72.372,7.0749,0.48,209.2
72050,1440,-0.09697,50,0.7718,0.006134,,78.941,1.1394,0.1,17.94
72100,1441,-4.69131,50,0.7717,0.005807,,67.461,10.1555,0.76,487.13
72150,1442,-1.81991,50,0.7715,0.00677,,73.369,4.4616,0.36,194.09
72200,1443,-0.35754,50,0.7714,0.006487,,66.464,1.9403,0.18,40.05
72250,1444,-3.20945,50,0.7712,0.006888,,68.404,6.8384,0.46,346.68
72300,1445,-4.83037,50,0.7711,0.006802,,76.332,10.8797,0.58,486.34
72350,1446,-0.64837,50,0.7709,0.006434,,67.743,2.2195,0.26,74.64
72400,1447,-2.09165,50,0.7707,0.005725,,65.0,5.8587,0.54,201.53
72450,1448,-5.2351,50,0.7706,0.006573,,71.284,9.7885,0.62,584.51
72500,1449,-4.16275,50,0.7704,0.006696,,71.635,7.5186,0.48,481.12
72550,1450,-1.30549,50,0.7703,0.006961,,74.93,4.4776,0.28,121.65
72600,1451,-4.83666,50,0.7701,0.005672,,70.495,10.1807,0.64,503.86
72650,1452,-0.35528,50,0.7699,0.006315,,63.799,2.1347,0.22,34.96
72700,1453,-3.48843,50,0.7698,0.006005,,63.119,7.3573,0.66,378.5
72750,1454,-2.71598,50,0.7696,0.006129,,64.784,6.1604,0.46,292.57
72800,1455,-3.35959,50,0.7695,0.005648,,75.239,7.3066,0.46,360.68
72850,1456,-2.27321,50,0.7693,0.005963,,77.33,5.0155,0.38,252.59
72900,1457,-0.33375,50,0.7692,0.006943,,66.698,1.801,0.2,36.06
72950,1458,-1.10392,50,0.769,0.007972,,70.697,3.9105,0.34,104.51
73000,1459,-0.86302,50,0.7688,0.006808,,63.635,2.6726,0.28,96.46
73050,1460,-2.41719,50,0.7687,0.00628,,66.644,5.8277,0.4,250.03
73100,1461,-3.51681,50,0.7685,0.006983,,73.907,7.8466,0.56,368.46
73150,1462,-3.56973,50,0.7684,0.006446,,64.132,7.3254,0.5,392.33
73200,1463,-0.15775,50,0.7682,0.006025,,72.457,1.7582,0.14,18.75
73250,1464,-3.10449,50,0.768,0.007171,,71.011,7.8496,0.54,301.04
73300,1465,-0.35755,50,0.7679,0.008071,,72.313,1.5539,0.14,47.08
73350,1466,-1.60184,50,0.7677,0.006456,,70.594,4.0316,0.4,173.0
73400,1467,-2.91911,50,0.7676,0.006452,,70.641,7.3148,0.52,290.08
73450,1468,-1.8986,50,0.7674,0.0066,,72.631,5.2263,0.32,191.36
73500,1469,-1.01441,50,0.7672,0.007074,,72.991,3.1712,0.24,108.7
73550,1470,-3.50657,50,0.7671,0.005847,,69.592,9.2286,0.64,322.14
73600,1471,-3.92909,50,0.7669,0.006591,,70.267,7.9919,0.44,424.89
73650,1472,-2.96929,50,0.7668,0.006327,,68.935,6.0757,0.52,330.73
73700,1473,-0.76183,50,0.7666,0.006242,,67.5,3.0675,0.32,70.48
73750,1474,-1.68289,50,0.7665,0.006469,,73.585,4.6802,0.36,167.72
73800,1475,-0.86868,50,0.7663,0.006424,,72.896,2.9439,0.28,91.98
73850,1476,-1.86285,50,0.7661,0.006329,,72.252,5.3996,0.42,182.43
73900,1477,-2.38664,50,0.766,0.006799,,67.968,6.1532,0.52,236.28
73950,1478,-4.3235,50,0.7658,0.007444,,71.933,9.844,0.58,441.17
74000,1479,-1.39284,50,0.7657,0.005831,,69.049,4.3146,0.36,137.48
74050,1480,-1.761,50,0.7655,0.006585,,64.87,5.0823,0.48,174.6
74100,1481,-5.18097,50,0.7653,0.006072,,75.19,10.0089,0.68,561.01
74150,1482,-1.48747,50,0.7652,0.00677,,65.266,4.4525,0.42,153.2
74200,1483,-4.80828,50,0.765,0.005728,,75.201,10.6553,0.66,486.79
74250,1484,-3.06095,50,0.7649,0.006138,,66.06,7.1182,0.54,324.31
74300,1485,-3.37752,50,0.7647,0.006143,,69.233,7.9489,0.54,338.99
74350,1486,-2.39311,50,0.7646,0.006438,,70.928,5.9618,0.44,253.78
74400,1487,-2.3572,50,0.7644,0.006407,,57.007,5.2082,0.46,261.95
74450,1488,-0.62738,50,0.7642,0.006956,,84.717,2.0098,0.16,71.5
74500,1489,-2.38501,50,0.7641,0.006453,,66.263,5.0404,0.42,266.89
74550,1490,-1.44605,50,0.7639,0.006075,,69.488,4.0086,0.28,151.63
74600,1491,-2.00704,50,0.7638,0.006696,,68.274,5.4106,0.48,200.18
74650,1492,-2.27768,50,0.7636,0.006224,,73.451,5.5769,0.38,234.78
74700,1493,-4.67751,50,0.7634,0.006838,,74.618,10.0742,0.7,491.07
74750,1494,-2.02238,50,0.7633,0.006748,,73.75,5.9039,0.48,197.23
74800,1495,-5.19916,50,0.7631,0.005756,,73.681,9.3808,0.5,589.47
74850,1496,-1.9261,50,0.763,0.007038,,69.696,4.7613,0.36,207.74
74900,1497,-1.00186,50,0.7628,0.006627,,68.543,3.7799,0.32,86.11
74950,1498,-1.0756,50,0.7627,0.006927,,70.318,3.4201,0.36,99.83
75000,1499,-2.07026,50,0.7625,0.006529,,77.336,5.8224,0.44,198.29
75050,1500,-2.60315,50,0.7623,0.005834,,65.193,6.1384,0.42,277.05
75100,1501,-6.50285,50,0.7622,0.005441,,71.669,12.6175,0.7,697.37
75150,1502,-2.94861,50,0.762,0.007026,,63.674,7.1934,0.54,297.22
75200,1503,-4.33284,50,0.7619,0.005816,,77.754,8.1649,0.6,476.58
75250,1504,-4.54185,50,0.7617,0.006209,,63.882,8.6305,0.64,505.69
75300,1505,-0.9791,50,0.7615,0.005693,,69.54,3.0783,0.38,102.03
75350,1506,-2.35237,50,0.7614,0.005268,,64.048,5.3226,0.4,260.41
75400,1507,-4.12951,50,0.7612,0.005652,,70.233,9.3452,0.5,417.84
75450,1508,-5.73562,50,0.7611,0.006302,,71.403,10.6645,0.58,633.56
75500,1509,-4.92257,50,0.7609,0.006284,,72.8,9.7825,0.66,537.07
75550,1510,-2.56658,50,0.7608,0.005768,,67.93,5.5402,0.42,282.73
75600,1511,-4.25861,50,0.7606,0.005452,,75.836,7.557,0.42,483.08
75650,1512,-2.11913,50,0.7604,0.006562,,68.37,5.2786,0.44,229.69
75700,1513,-4.4428,50,0.7603,0.006326,,67.394,6.9869,0.44,531.18
75750,1514,-4.52958,50,0.7601,0.006433,,67.5,9.6297,0.64,480.39
75800,1515,-1.29425,50,0.76,0.006369,,68.912,3.4789,0.34,144.9
75850,1516,-2.58171,50,0.7598,0.006884,,68.539,4.9847,0.42,301.29
75900,1517,-6.43539,50,0.7597,0.006405,,71.0,13.2159,0.72,673.64
75950,1518,-1.8992,50,0.7595,0.00625,,72.68,5.1004,0.36,190.58
76000,1519,-7.1756,50,0.7593,0.005503,,69.454,12.0488,0.74,814.95
76050,1520,-1.23586,50,0.7592,0.00637,,57.977,3.5415,0.44,133.56
76100,1521,-2.55103,50,0.759,0.005845,,68.75,6.6849,0.5,254.7
76150,1522,-3.24762,50,0.7589,0.006334,,68.471,6.8036,0.44,357.43
76200,1523,-3.69954,50,0.7587,0.005555,,68.995,8.7261,0.56,375.19
76250,1524,-0.79863,50,0.7585,0.006526,,67.94,2.857,0.28,82.59
76300,1525,-0.98168,50,0.7584,0.00595,,67.285,3.2063,0.3,102.96
76350,1526,-1.29699,50,0.7582,0.005898,,74.803,3.7496,0.38,133.48
76400,1527,-8.69485,50,0.7581,0.00622,,68.795,14.5961,0.8,980.4
76450,1528,-0.24647,50,0.7579,0.006208,,80.003,1.804,0.2,21.93
76500,1529,-3.09882,50,0.7578,0.006043,,73.168,6.5244,0.46,339.7
76550,1530,-2.52388,50,0.7576,0.006272,,67.268,5.8408,0.44,268.23
76600,1531,-0.43539,50,0.7574,0.00614,,67.253,2.2991,0.24,47.63
76650,1532,-2.60306,50,0.7573,0.005283,,70.935,7.2705,0.54,237.01
76700,1533,-6.31217,50,0.7571,0.007162,,69.626,11.6428,0.64,694.23
76750,1534,-3.21888,50,0.757,0.006176,,68.738,7.6856,0.62,328.27
76800,1535,-3.42958,50,0.7568,0.00548,,70.648,7.9892,0.56,345.49
76850,1536,-4.06585,50,0.7566,0.006389,,70.822,8.1402,0.62,444.43
76900,1537,-1.34747,50,0.7565,0.006064,,78.635,4.5553,0.34,107.64
76950,1538,-3.09277,50,0.7563,0.005762,,69.499,7.5974,0.54,308.63
77000,1539,-2.27068,50,0.7562,0.006334,,72.398,5.7968,0.42,229.71
77050,1540,-4.20025,50,0.756,0.006523,,70.392,8.8524,0.62,446.58
77100,1541,-0.16632,50,0.7559,0.006293,,67.63,1.2643,0.2,28.24
77150,1542,-4.83831,50,0.7557,0.005997,,69.27,9.5116,0.7,525.8
77200,1543,-0.12239,50,0.7555,0.007276,,70.952,1.622,0.18,20.37
77250,1544,-1.004,50,0.7554,0.005163,,72.517,3.8796,0.3,96.99
77300,1545,-1.73799,50,0.7552,0.005065,,64.365,5.3286,0.44,174.26
77350,1546,-0.68222,50,0.7551,0.005551,,67.144,2.5891,0.34,72.26
77400,1547,-4.34483,50,0.7549,0.005957,,71.244,8.6905,0.62,476.46
77450,1548,-2.54607,50,0.7547,0.006531,,72.516,5.354,0.4,286.35
77500,1549,-1.2138,50,0.7546,0.005702,,69.922,3.667,0.32,132.26
77550,1550,-2.84698,50,0.7544,0.00624,,80.654,5.3573,0.36,323.63
77600,1551,-2.04547,50,0.7543,0.006455,,67.32,5.1403,0.44,218.39
77650,1552,-4.33794,50,0.7541,0.006501,,72.95,7.3514,0.54,508.93
77700,1553,-4.341,50,0.754,0.006101,,80.832,7.9537,0.5,479.37
77750,1554,-1.75807,50,0.7538,0.006055,,67.821,5.3017,0.34,162.87
77800,1555,-1.01444,50,0.7536,0.006201,,65.454,3.0377,0.28,118.9
77850,1556,-2.87763,50,0.7535,0.00621,,67.531,6.9713,0.54,296.54
77900,1557,-3.56173,50,0.7533,0.005971,,78.36,8.487,0.54,353.33
77950,1558,-2.02634,50,0.7532,0.005886,,72.981,5.9895,0.36,189.37
78000,1559,-4.3797,50,0.753,0.006446,,71.061,9.5877,0.66,455.96
78050,1560,-3.30141,50,0.7528,0.005145,,63.398,6.8326,0.52,365.68
78100,1561,-1.04904,50,0.7527,0.006426,,73.811,3.6875,0.32,107.3
78150,1562,-2.56889,50,0.7525,0.005806,,65.536,6.1126,0.44,267.82
78200,1563,-6.33231,50,0.7524,0.006629,,72.8,13.3818,0.74,649.27
78250,1564,-0.33109,50,0.7522,0.006664,,76.413,2.1652,0.2,25.56
78300,1565,-0.65736,50,0.752,0.005883,,70.427,2.3788,0.24,76.33
78350,1566,-1.03347,50,0.7519,0.006908,,66.195,3.742,0.4,93.5
78400,1567,-1.25819,50,0.7517,0.006229,,53.6,3.8015,0.42,128.99
78450,1568,-4.15433,50,0.7516,0.006556,,81.692,8.4311,0.54,448.89
78500,1569,-1.34679,50,0.7514,0.006271,,69.532,3.3418,0.24,153.11
78550,1570,-2.04342,50,0.7513,0.006187,,80.006,4.2722,0.28,232.71
78600,1571,-3.10881,50,0.7511,0.006279,,67.998,7.762,0.66,304.83
78650,1572,-1.04525,50,0.7509,0.005927,,66.647,2.7373,0.26,118.61
78700,1573,-2.44563,50,0.7508,0.006536,,66.4,7.0251,0.4,228.37
78750,1574,-1.29614,50,0.7506,0.006721,,63.75,3.7234,0.32,130.94
78800,1575,-5.20631,50,0.7505,0.00554,,77.085,8.6897,0.56,598.87
78850,1576,-1.8903,50,0.7503,0.005647,,71.217,5.1251,0.34,189.26
78900,1577,-0.44832,50,0.7501,0.006536,,71.636,2.1751,0.26,52.22
78950,1578,-4.96165,50,0.75,0.005329,,75.302,9.6833,0.62,532.89
79000,1579,-4.18819,50,0.7498,0.006285,,74.272,8.17,0.56,471.72
79050,1580,-2.30894,50,0.7497,0.006128,,67.026,6.3244,0.54,226.84
79100,1581,-3.10765,50,0.7495,0.005954,,62.122,7.6237,0.62,314.89
79150,1582,-2.62018,50,0.7494,0.006342,,66.62,6.4146,0.52,265.51
79200,1583,-3.01537,50,0.7492,0.00688,,64.666,7.9762,0.6,292.8
79250,1584,-1.24186,50,0.749,0.007221,,78.018,4.2404,0.38,117.92
79300,1585,-1.11245,50,0.7489,0.00665,,73.286,3.6272,0.3,110.09
79350,1586,-2.27731,50,0.7487,0.006392,,73.687,4.8247,0.44,259.85
79400,1587,-2.70382,50,0.7486,0.005424,,67.055,7.4525,0.54,250.3
79450,1588,-2.88505,50,0.7484,0.006551,,71.023,6.1384,0.54,310.21
79500,1589,-4.68835,50,0.7483,0.006308,,71.782,10.1134,0.64,483.48
79550,1590,-3.85137,50,0.7481,0.006297,,61.204,7.6278,0.66,423.39
79600,1591,-0.95388,50,0.7479,0.006237,,63.684,3.4528,0.3,86.22
79650,1592,-2.87931,50,0.7478,0.005754,,68.75,6.8305,0.52,302.41
79700,1593,-0.32391,50,0.7476,0.006247,,69.821,1.8856,0.22,39.16
79750,1594,-6.1532,50,0.7475,0.006336,,67.495,9.8254,0.66,722.37
79800,1595,-1.63672,50,0.7473,0.00661,,69.135,4.4037,0.36,171.25
79850,1596,-3.18081,50,0.7471,0.005836,,68.591,6.0381,0.48,381.16
79900,1597,-0.48682,50,0.747,0.006433,,66.792,2.4898,0.22,40.44
79950,1598,-3.80465,50,0.7468,0.00602,,69.917,8.1717,0.6,407.03
80000,1599,-2.80388,50,0.7467,0.005559,,67.296,7.3839,0.52,263.89
80050,1600,-6.47751,50,0.7465,0.006252,,70.119,11.1827,0.64,734.63
80100,1601,-3.75318,50,0.7464,0.006261,,65.912,7.8019,0.56,405.57
80150,1602,-2.92789,50,0.7462,0.005979,,66.356,6.7789,0.6,315.02
80200,1603,-4.39772,50,0.746,0.005504,,74.622,8.2018,0.58,492.52
80250,1604,-3.1042,50,0.7459,0.005543,,70.519,8.2356,0.62,287.71
80300,1605,-6.8554,50,0.7457,0.006333,,70.613,11.5739,0.6,774.99
80350,1606,-3.29384,50,0.7456,0.005826,,66.277,7.2999,0.56,357.25
80400,1607,-5.51562,50,0.7454,0.005444,,70.001,11.6683,0.66,572.29
80450,1608,-2.62345,50,0.7452,0.006539,,69.287,6.9367,0.54,260.53
80500,1609,-0.23438,50,0.7451,0.005543,,58.469,1.8761,0.18,24.39
80550,1610,-2.54553,50,0.7449,0.006228,,68.6,5.9911,0.42,275.98
80600,1611,-8.01634,50,0.7448,0.006931,,74.589,12.2966,0.72,933.8
80650,1612,-0.88878,50,0.7446,0.005289,,64.988,3.6632,0.42,75.27
80700,1613,-2.49337,50,0.7445,0.005464,,77.494,5.7414,0.52,264.81
80750,1614,-1.45442,50,0.7443,0.00682,,74.101,4.2744,0.32,139.58
80800,1615,-2.50678,50,0.7441,0.006515,,73.22,7.2448,0.54,225.22
80850,1616,-4.04716,50,0.744,0.005452,,64.129,9.0006,0.62,418.73
80900,1617,-2.98969,50,0.7438,0.006298,,73.82,6.6253,0.42,316.72
80950,1618,-2.23598,50,0.7437,0.005714,,70.283,4.9796,0.5,245.65
81000,1619,-3.65892,50,0.7435,0.005314,,69.461,7.4907,0.54,407.34
81050,1620,-1.0275,50,0.7433,0.006138,,71.76,3.5419,0.24,104.74
81100,1621,-5.18665,50,0.7432,0.006498,,68.242,11.4207,0.7,535.22
81150,1622,-1.82961,50,0.743,0.005514,,66.581,5.1298,0.4,177.9
81200,1623,-3.25565,50,0.7429,0.005219,,75.244,8.485,0.66,313.58
81250,1624,-1.38703,50,0.7427,0.005469,,59.31,4.6985,0.46,128.87
81300,1625,-2.81175,50,0.7426,0.006394,,69.991,5.7528,0.46,320.6
81350,1626,-1.08736,50,0.7424,0.006526,,70.11,3.352,0.34,115.27
81400,1627,-6.77068,50,0.7422,0.006479,,67.5,10.3431,0.72,801.78
81450,1628,-1.43028,50,0.7421,0.006006,,71.673,4.574,0.36,137.16
81500,1629,-0.59934,50,0.7419,0.005743,,68.824,2.807,0.2,56.85
81550,1630,-1.21588,50,0.7418,0.005789,,74.465,4.5842,0.3,109.08
81600,1631,-3.17522,50,0.7416,0.004766,,67.232,6.8733,0.52,337.98
81650,1632,-0.55674,50,0.7414,0.00638,,76.079,2.1862,0.22,52.21
81700,1633,-2.31008,50,0.7413,0.005687,,71.589,5.7621,0.44,232.14
81750,1634,-1.60055,50,0.7411,0.005445,,66.611,3.9812,0.34,171.65
81800,1635,-5.28287,50,0.741,0.006516,,62.534,8.0459,0.62,643.89
81850,1636,-4.47945,50,0.7408,0.005519,,63.844,8.7444,0.56,488.93
81900,1637,-2.12495,50,0.7407,0.005095,,73.106,6.1069,0.44,198.14
81950,1638,-0.05918,50,0.7405,0.006093,,72.317,1.3303,0.1,7.27
82000,1639,-3.95088,50,0.7403,0.006171,,77.705,9.2064,0.54,398.68
82050,1640,-2.36897,50,0.7402,0.005575,,60.301,6.3467,0.54,234.4
82100,1641,-0.67851,50,0.74,0.006167,,74.089,3.3171,0.28,56.36
82150,1642,-2.32897,50,0.7399,0.005492,,68.183,5.9765,0.52,231.81
82200,1643,-1.17628,50,0.7397,0.006525,,65.02,4.1679,0.38,103.35
82250,1644,-0.98232,50,0.7395,0.005953,,61.91,3.2406,0.36,105.34
82300,1645,-0.77605,50,0.7394,0.005781,,63.835,2.706,0.36,89.92
82350,1646,-3.68357,50,0.7392,0.005704,,65.092,7.5268,0.58,403.35
82400,1647,-1.75732,50,0.7391,0.006076,,67.72,4.3256,0.42,195.72
82450,1648,-6.17578,50,0.7389,0.006068,,74.67,12.9202,0.72,641.2
82500,1649,-1.84774,50,0.7388,0.00658,,72.805,4.9103,0.34,184.77
82550,1650,-1.3213,50,0.7386,0.005893,,60.0,4.4123,0.44,122.59
82600,1651,-2.45905,50,0.7384,0.006484,,69.26,5.6632,0.5,270.51
82650,1652,-3.66075,50,0.7383,0.005612,,67.415,8.4788,0.52,373.54
82700,1653,-1.68515,50,0.7381,0.005629,,70.358,4.8167,0.38,171.95
82750,1654,-2.18997,50,0.738,0.005208,,75.237,5.134,0.46,233.32
82800,1655,-0.33087,50,0.7378,0.005067,,72.64,1.3626,0.12,51.04
82850,1656,-2.0722,50,0.7376,0.005516,,75.496,5.3534,0.38,209.4
82900,1657,-2.23751,50,0.7375,0.005625,,78.043,5.6828,0.5,224.11
82950,1658,-1.97077,50,0.7373,0.005829,,74.384,5.4042,0.48,192.07
83000,1659,-1.4459,50,0.7372,0.005272,,67.38,4.1271,0.36,144.84
83050,1660,-3.47307,50,0.737,0.006045,,73.725,7.7618,0.48,363.17
83100,1661,-2.77671,50,0.7369,0.005395,,75.814,6.9055,0.54,275.18
83150,1662,-1.04318,50,0.7367,0.005478,,67.781,3.5732,0.34,103.49
83200,1663,-4.06032,50,0.7365,0.005072,,76.167,10.0051,0.64,387.85
83250,1664,-1.57503,50,0.7364,0.005428,,61.853,4.5782,0.42,162.48
83300,1665,-1.93074,50,0.7362,0.00604,,70.634,5.6864,0.42,179.01
83350,1666,-0.86911,50,0.7361,0.005402,,75.595,3.0815,0.26,79.64
83400,1667,-4.29323,50,0.7359,0.005965,,74.744,8.4803,0.56,469.37
83450,1668,-2.0837,50,0.7357,0.0062,,76.412,5.4554,0.4,211.68
83500,1669,-2.27102,50,0.7356,0.005952,,68.24,5.568,0.48,236.24
83550,1670,-5.24121,50,0.7354,0.005857,,70.967,9.7331,0.58,579.01
83600,1671,-3.44671,50,0.7353,0.005361,,60.44,7.4783,0.62,368.96
83650,1672,-3.27665,50,0.7351,0.006082,,70.464,8.5896,0.56,310.4
83700,1673,-0.13162,50,0.7349,0.006052,,67.785,1.3831,0.18,19.04
83750,1674,-1.61198,50,0.7348,0.006019,,73.063,4.9992,0.54,147.09
83800,1675,-3.63952,50,0.7346,0.005412,,71.94,8.9994,0.64,363.46
83850,1676,-2.34297,50,0.7345,0.006289,,72.407,5.3278,0.4,250.5
83900,1677,-2.0721,50,0.7343,0.006334,,67.921,5.3295,0.38,210.1
83950,1678,-4.01542,50,0.7342,0.00576,,68.672,8.509,0.64,427.1
84000,1679,-1.61556,50,0.734,0.005833,,65.028,3.9884,0.42,180.39
84050,1680,-3.97672,50,0.7338,0.006352,,65.06,8.7279,0.62,421.17
84100,1681,-4.08366,50,0.7337,0.005431,,70.399,9.1573,0.64,424.35
84150,1682,-2.71407,50,0.7335,0.006078,,62.784,7.0416,0.5,261.53
84200,1683,-4.63294,50,0.7334,0.005143,,60.0,7.8543,0.64,541.63
84250,1684,-3.58945,50,0.7332,0.006857,,71.471,7.8916,0.62,377.37
84300,1685,-3.10484,50,0.733,0.0057,,62.856,7.2388,0.6,324.15
84350,1686,-3.86397,50,0.7329,0.00609,,71.259,7.9881,0.56,415.37
84400,1687,-5.09295,50,0.7327,0.00562,,67.977,9.9974,0.68,558.04
84450,1688,-3.1129,50,0.7326,0.006386,,71.159,7.2693,0.56,321.02
84500,1689,-0.87063,50,0.7324,0.005695,,68.3,1.6703,0.24,119.22
84550,1690,-0.42449,50,0.7323,0.007005,,73.913,1.6611,0.14,53.53
84600,1691,-3.97299,50,0.7321,0.006095,,71.613,7.5288,0.54,439.42
84650,1692,-3.40256,50,0.7319,0.005702,,67.422,7.1472,0.48,368.93
84700,1693,-2.39428,50,0.7318,0.006806,,79.181,4.8375,0.38,269.82
84750,1694,-1.68181,50,0.7316,0.005973,,75.729,5.1724,0.5,154.97
84800,1695,-2.47718,50,0.7315,0.005492,,66.0,5.8023,0.52,260.6
84850,1696,-5.11923,50,0.7313,0.005821,,68.764,9.7326,0.56,562.9
84900,1697,-0.47323,50,0.7311,0.005581,,64.724,1.9976,0.18,53.49
84950,1698,-4.17949,50,0.731,0.005149,,70.0,8.4462,0.6,455.08
85000,1699,-1.29625,50,0.7308,0.005625,,75.978,4.4429,0.38,113.46
85050,1700,-3.12706,50,0.7307,0.005671,,71.414,8.0251,0.52,302.58
85100,1701,-0.61825,50,0.7305,0.005126,,61.25,2.8282,0.3,54.49
85150,1702,-3.44793,50,0.7304,0.005613,,68.75,8.2169,0.62,349.09
85200,1703,-2.47792,50,0.7302,0.005224,,60.545,5.9113,0.52,258.92
85250,1704,-4.43181,50,0.73,0.005536,,80.49,8.3225,0.5,501.32
85300,1705,-0.70281,50,0.7299,0.006322,,73.108,2.8895,0.28,66.31
85350,1706,-2.45406,50,0.7297,0.006252,,68.611,5.8268,0.48,260.95
85400,1707,-0.36848,50,0.7296,0.005725,,72.407,1.8715,0.22,41.61
85450,1708,-1.40768,50,0.7294,0.006363,,68.86,4.0759,0.28,147.28
85500,1709,-2.41429,50,0.7292,0.005593,,74.284,6.5873,0.38,233.41
85550,1710,-1.64074,50,0.7291,0.005442,,67.014,4.4688,0.4,174.93
85600,1711,-2.22086,50,0.7289,0.004972,,69.2,6.1425,0.46,219.99
85650,1712,-0.9804,50,0.7288,0.006009,,77.653,3.1705,0.32,103.08
85700,1713,-1.41481,50,0.7286,0.00544,,81.364,4.2309,0.32,131.41
85750,1714,-1.33745,50,0.7285,0.005368,,69.043,4.162,0.42,127.55
85800,1715,-2.20572,50,0.7283,0.005706,,69.719,5.6863,0.48,226.84
85850,1716,-1.39761,50,0.7281,0.006287,,70.163,4.5215,0.42,125.32
85900,1717,-0.20245,50,0.728,0.005321,,69.895,1.5601,0.16,23.04
85950,1718,-1.76551,50,0.7278,0.00569,,63.749,4.9505,0.46,178.24
86000,1719,-3.128,50,0.7277,0.005726,,65.387,6.0516,0.58,361.54
86050,1720,-4.43795,50,0.7275,0.006333,,71.572,10.4019,0.68,444.74
86100,1721,-0.50867,50,0.7274,0.006205,,79.352,2.375,0.2,41.39
86150,1722,-4.50628,50,0.7272,0.004941,,73.216,8.957,0.64,493.47
86200,1723,-1.7552,50,0.727,0.005952,,71.615,5.6212,0.42,158.88
86250,1724,-2.25691,50,0.7269,0.004836,,75.908,5.9856,0.48,225.61
86300,1725,-0.33663,50,0.7267,0.005758,,64.21,1.9676,0.26,36.74
86350,1726,-2.77145,50,0.7266,0.006364,,68.899,7.3124,0.42,269.07
86400,1727,-4.67251,50,0.7264,0.005973,,66.25,10.1104,0.68,481.3
86450,1728,-3.45658,50,0.7262,0.005312,,68.274,7.5889,0.54,372.8
86500,1729,-5.01038,50,0.7261,0.006035,,73.369,9.2299,0.6,563.79
86550,1730,-1.78486,50,0.7259,0.005618,,58.586,4.87,0.42,190.96
86600,1731,-3.3539,50,0.7258,0.005359,,65.656,6.8913,0.64,366.93
86650,1732,-3.73613,50,0.7256,0.005608,,72.5,7.9452,0.48,404.19
86700,1733,-0.21593,50,0.7255,0.006069,,80.467,1.5318,0.1,19.51
86750,1734,-1.01596,50,0.7253,0.005852,,70.882,2.9133,0.24,108.58
86800,1735,-0.12708,50,0.7251,0.005687,,69.528,1.5027,0.16,22.23
86850,1736,-4.85202,50,0.725,0.006357,,69.874,9.5186,0.6,526.91
86900,1737,-0.96604,50,0.7248,0.005716,,62.991,3.4419,0.42,92.52
86950,1738,-5.34243,50,0.7247,0.005358,,75.035,9.5375,0.62,607.04
87000,1739,-3.32194,50,0.7245,0.005635,,65.59,7.2322,0.58,354.45
87050,1740,-3.72589,50,0.7243,0.005499,,70.525,7.8955,0.58,392.3
87100,1741,-4.32842,50,0.7242,0.006011,,69.443,8.5617,0.6,478.02
87150,1742,-0.13125,50,0.724,0.006422,,63.988,1.3459,0.12,25.64
87200,1743,-3.78825,50,0.7239,0.005694,,71.17,7.8986,0.52,408.29
87250,1744,-1.16363,50,0.7237,0.005482,,70.063,4.1572,0.34,106.82
87300,1745,-3.71263,50,0.7236,0.005844,,75.218,8.3078,0.58,384.91
87350,1746,-2.87133,50,0.7234,0.006384,,65.818,5.9167,0.44,319.22
87400,1747,-1.34814,50,0.7232,0.005263,,72.703,4.7378,0.36,114.97
87450,1748,-0.94102,50,0.7231,0.006218,,71.275,2.9457,0.22,99.08
87500,1749,-6.13545,50,0.7229,0.005139,,70.484,12.3461,0.68,644.13
87550,1750,-2.45246,50,0.7228,0.005777,,68.806,5.5094,0.36,265.46
87600,1751,-3.23565,50,0.7226,0.005967,,59.057,6.2383,0.52,369.15
87650,1752,-1.10536,50,0.7224,0.006109,,70.0,4.1463,0.38,96.07
87700,1753,-3.46596,50,0.7223,0.005389,,72.043,7.7097,0.6,364.94
87750,1754,-5.0833,50,0.7221,0.005403,,69.491,8.8093,0.66,578.95
87800,1755,-3.90414,50,0.722,0.005948,,70.738,7.3584,0.5,437.05
87850,1756,-4.41868,50,0.7218,0.005771,,67.188,9.3687,0.6,465.47
87900,1757,-1.11339,50,0.7217,0.006371,,62.706,3.1184,0.3,124.23
87950,1758,-1.59808,50,0.7215,0.006709,,69.094,5.2211,0.4,140.3
88000,1759,-2.69163,50,0.7213,0.004616,,71.012,5.6035,0.44,307.97
88050,1760,-0.20612,50,0.7212,0.006018,,61.321,1.5409,0.18,25.33
88100,1761,-0.48405,50,0.721,0.005768,,67.617,2.5495,0.24,47.59
88150,1762,-2.18367,50,0.7209,0.006048,,61.595,5.982,0.48,211.61
88200,1763,-3.9617,50,0.7207,0.005368,,70.668,8.0854,0.62,431.01
88250,1764,-3.1824,50,0.7205,0.006236,,71.235,7.393,0.5,327.51
88300,1765,-1.8053,50,0.7204,0.006552,,74.406,5.5973,0.44,174.34
88350,1766,-6.19654,50,0.7202,0.006417,,70.326,11.0254,0.64,700.2
88400,1767,-2.89498,50,0.7201,0.005334,,79.67,7.8363,0.42,269.04
88450,1768,-0.28474,50,0.7199,0.005011,,65.849,1.6886,0.16,38.95
88500,1769,-2.47619,50,0.7198,0.006015,,66.785,6.7362,0.56,241.07
88550,1770,-1.07868,50,0.7196,0.005471,,75.738,2.8423,0.28,115.64
88600,1771,-4.49747,50,0.7194,0.005713,,76.271,10.235,0.62,452.68
88650,1772,-0.55295,50,0.7193,0.005273,,65.351,2.2538,0.22,63.42
88700,1773,-2.96434,50,0.7191,0.005794,,66.934,7.6226,0.66,284.48
88750,1774,-0.50998,50,0.719,0.006296,,65.69,1.5545,0.2,74.01
88800,1775,-2.26594,50,0.7188,0.006101,,69.34,5.5536,0.52,233.59
88850,1776,-2.68349,50,0.7186,0.006336,,73.83,7.3973,0.54,247.68
88900,1777,-3.97978,50,0.7185,0.005615,,65.808,7.8158,0.58,437.94
88950,1778,-0.47678,50,0.7183,0.005933,,72.505,2.134,0.2,53.21
89000,1779,-2.40034,50,0.7182,0.005183,,67.771,5.7807,0.46,256.71
89050,1780,-1.14996,50,0.718,0.005413,,66.257,4.109,0.4,113.24
89100,1781,-1.24797,50,0.7179,0.00524,,63.374,3.2974,0.34,146.15
89150,1782,-4.70472,50,0.7177,0.005194,,63.0,8.7376,0.68,523.94
89200,1783,-3.90292,50,0.7175,0.005854,,70.0,8.6516,0.56,401.42
89250,1784,-6.12071,50,0.7174,0.00584,,73.624,10.0906,0.64,714.1
89300,1785,-3.12151,50,0.7172,0.005872,,70.945,7.8303,0.6,310.15
89350,1786,-1.3297,50,0.7171,0.005256,,68.266,3.7112,0.38,144.49
89400,1787,-0.18889,50,0.7169,0.006884,,65.267,1.7356,0.2,22.05
89450,1788,-8.95032,50,0.7167,0.005717,,72.708,16.3606,0.74,973.3
89500,1789,-1.4052,50,0.7166,0.00636,,70.0,4.8882,0.48,125.65
89550,1790,-0.39147,50,0.7164,0.005949,,65.477,2.4016,0.28,38.22
89600,1791,-4.34456,50,0.7163,0.006763,,67.203,9.0157,0.66,464.76
89650,1792,-0.38379,50,0.7161,0.006838,,65.525,2.3152,0.26,41.51
89700,1793,-4.67263,50,0.716,0.00585,,70.496,9.4889,0.56,498.83
89750,1794,-3.34522,50,0.7158,0.006161,,68.005,7.8217,0.54,344.68
89800,1795,-2.86128,50,0.7156,0.006291,,71.086,5.3298,0.48,335.79
89850,1796,-4.1234,50,0.7155,0.006498,,72.245,9.1125,0.62,427.42
89900,1797,-2.09526,50,0.7153,0.005834,,75.605,5.5394,0.36,207.92
89950,1798,-2.01409,50,0.7152,0.006154,,72.198,4.9562,0.46,217.44
90000,1799,-2.67097,50,0.715,0.005085,,72.454,6.934,0.48,265.78
90050,1800,-0.90889,50,0.7148,0.00589,,71.998,2.5695,0.32,100.52
90100,1801,-1.47819,50,0.7147,0.004874,,65.855,4.3078,0.38,158.47
90150,1802,-2.82259,50,0.7145,0.004656,,67.985,7.0528,0.62,279.4
90200,1803,-2.08601,50,0.7144,0.005706,,65.58,6.3619,0.52,194.67
90250,1804,-0.83438,50,0.7142,0.005341,,72.001,3.4404,0.3,76.86
90300,1805,-1.42688,50,0.7141,0.005564,,70.306,5.245,0.46,128.02
90350,1806,-0.18553,50,0.7139,0.005382,,67.044,1.2839,0.16,24.48
90400,1807,-2.03038,50,0.7137,0.00618,,82.067,4.9059,0.3,208.78
90450,1808,0.05979,50,0.7136,0.004969,,72.801,0.5705,0.04,8.53
90500,1809,-0.2644,50,0.7134,0.005325,,66.359,1.8205,0.18,42.09
90550,1810,-2.2638,50,0.7133,0.005711,,58.353,5.996,0.48,228.91
90600,1811,-0.70432,50,0.7131,0.005773,,70.574,3.4398,0.32,51.11
90650,1812,-0.41989,50,0.7129,0.006099,,67.009,1.9688,0.2,48.13
90700,1813,-1.45632,50,0.7128,0.005655,,60.217,4.3192,0.42,151.98
90750,1814,-2.08118,50,0.7126,0.005852,,67.592,5.2627,0.42,225.04
90800,1815,-2.93421,50,0.7125,0.005121,,69.603,7.1201,0.5,296.69
90850,1816,-1.74165,50,0.7123,0.004861,,64.74,3.7958,0.32,208.23
90900,1817,-3.48061,50,0.7122,0.006076,,68.801,6.4073,0.52,404.3
90950,1818,-0.72229,50,0.712,0.005498,,62.271,2.0497,0.26,96.16
91000,1819,-0.51466,50,0.7118,0.004827,,63.067,2.5892,0.24,48.24
91050,1820,-2.0768,50,0.7117,0.006142,,65.659,5.2303,0.52,220.4
91100,1821,-2.47193,50,0.7115,0.005121,,72.907,6.8396,0.64,231.76
91150,1822,-3.61621,50,0.7114,0.005393,,73.234,7.7713,0.54,389.71
91200,1823,-4.80114,50,0.7112,0.005347,,71.089,8.1913,0.6,557.94
91250,1824,-0.17154,50,0.711,0.005613,,64.816,1.6127,0.18,26.53
91300,1825,-4.07858,50,0.7109,0.004776,,64.909,8.2584,0.58,450.13
91350,1826,-0.31296,50,0.7107,0.005545,,68.743,2.08,0.16,25.8
91400,1827,-3.89986,50,0.7106,0.005064,,71.443,8.3996,0.52,410.88
91450,1828,-6.18996,50,0.7104,0.005791,,79.131,13.0665,0.68,632.16
91500,1829,-5.86502,50,0.7103,0.005232,,66.904,11.7256,0.72,625.45
91550,1830,-3.5867,50,0.7101,0.00559,,75.279,9.1466,0.64,345.34
91600,1831,-0.30189,50,0.7099,0.005934,,71.825,2.1533,0.16,30.14
91650,1832,-4.00595,50,0.7098,0.004977,,65.077,8.8229,0.64,413.64
91700,1833,-0.54314,50,0.7096,0.005477,,64.84,2.3376,0.3,59.58
91750,1834,-3.84132,50,0.7095,0.005735,,70.938,7.3134,0.54,434.38
91800,1835,-0.41917,50,0.7093,0.00598,,72.858,2.3428,0.22,43.49
91850,1836,-0.13038,50,0.7091,0.005446,,70.279,1.5328,0.12,16.72
91900,1837,-3.99239,50,0.709,0.005588,,71.596,7.7603,0.5,448.94
91950,1838,-3.24362,50,0.7088,0.005934,,72.236,6.6803,0.46,348.6
92000,1839,-4.71188,50,0.7087,0.006567,,75.75,8.2567,0.54,543.7
92050,1840,-1.39468,50,0.7085,0.006001,,73.596,4.37,0.34,130.19
92100,1841,-6.37674,50,0.7084,0.005109,,77.886,12.3585,0.68,680.18
92150,1842,-0.03129,50,0.7082,0.005751,,67.56,1.1001,0.12,19.67
92200,1843,-3.25231,50,0.708,0.005767,,73.52,7.8526,0.54,325.78
92250,1844,-1.7877,50,0.7079,0.005281,,69.526,4.803,0.38,185.13
92300,1845,-3.74997,50,0.7077,0.00591,,71.061,8.9213,0.52,372.12
92350,1846,-8.14062,50,0.7076,0.005928,,69.054,13.5636,0.72,922.97
92400,1847,-3.74564,50,0.7074,0.00649,,69.39,8.7647,0.62,377.88
92450,1848,-4.09859,50,0.7072,0.005484,,74.281,8.3524,0.56,446.38
92500,1849,-4.46744,50,0.7071,0.004835,,61.661,9.2012,0.68,478.39
92550,1850,-1.05542,50,0.7069,0.006911,,73.455,3.0682,0.26,115.73
92600,1851,0.1276,50,0.7068,0.005954,,79.153,0.2683,0.0,0.0
92650,1852,-1.06855,50,0.7066,0.004529,,70.772,4.0776,0.34,98.69
92700,1853,-1.74378,50,0.7065,0.006437,,70.004,5.6506,0.4,160.27
92750,1854,-2.4488,50,0.7063,0.004741,,76.822,5.2099,0.4,268.71
92800,1855,-3.24112,50,0.7061,0.006009,,77.662,7.0444,0.42,351.65
92850,1856,-2.36363,50,0.706,0.005601,,63.212,5.6338,0.44,252.46
92900,1857,-2.24086,50,0.7058,0.006226,,64.733,5.8555,0.52,221.83
92950,1858,-1.09457,50,0.7057,0.00618,,70.248,3.6651,0.32,107.02
93000,1859,-2.56386,50,0.7055,0.006314,,73.654,5.9231,0.44,268.97
93050,1860,-0.28067,50,0.7053,0.006209,,66.428,1.8152,0.18,29.92
93100,1861,-2.59579,50,0.7052,0.006238,,74.703,5.2133,0.4,296.23
93150,1862,-0.349,50,0.705,0.005879,,70.383,2.4206,0.2,39.25
93200,1863,-1.93895,50,0.7049,0.005487,,73.607,5.0968,0.34,206.09
93250,1864,-4.65263,50,0.7047,0.005758,,75.589,9.6603,0.56,490.6
93300,1865,-2.06037,50,0.7046,0.006726,,75.954,5.4132,0.5,205.98
93350,1866,-0.54909,50,0.7044,0.005626,,74.496,2.5826,0.18,57.25
93400,1867,-0.47695,50,0.7042,0.005287,,67.0,2.3887,0.26,51.03
93450,1868,-3.24824,50,0.7041,0.005869,,70.042,7.6874,0.62,327.38
93500,1869,-0.22925,50,0.7039,0.005943,,82.75,1.6035,0.12,25.76
93550,1870,-0.8164,50,0.7038,0.005336,,71.036,2.8577,0.26,85.64
93600,1871,-3.80642,50,0.7036,0.005829,,66.161,7.7765,0.56,419.41
93650,1872,-4.39381,50,0.7034,0.006218,,73.0,10.4247,0.68,439.75
93700,1873,-3.714,50,0.7033,0.005255,,65.441,7.3432,0.52,411.2
93750,1874,-1.46774,50,0.7031,0.004807,,67.532,4.0175,0.32,152.94
93800,1875,-2.55497,50,0.703,0.005611,,72.448,6.1892,0.4,263.65
93850,1876,-2.50646,50,0.7028,0.005754,,69.233,6.2033,0.48,257.15
93900,1877,-1.06738,50,0.7026,0.005981,,71.506,3.9259,0.24,96.81
93950,1878,-2.25448,50,0.7025,0.006411,,63.704,5.8318,0.42,229.98
94000,1879,-2.84793,50,0.7023,0.005546,,69.07,7.5585,0.46,278.42
94050,1880,-2.55975,50,0.7022,0.005097,,68.544,6.3273,0.5,274.82
94100,1881,-2.82942,50,0.702,0.006177,,64.171,6.7212,0.48,296.08
94150,1882,-1.60547,50,0.7019,0.006052,,83.75,5.3989,0.5,136.77
94200,1883,-2.3883,50,0.7017,0.006128,,67.349,6.1954,0.42,241.58
94250,1884,-6.47095,50,0.7015,0.006373,,72.142,11.284,0.72,736.53
94300,1885,-5.96613,50,0.7014,0.005714,,71.564,11.5085,0.76,648.7
94350,1886,-4.14817,50,0.7012,0.006815,,67.911,9.2494,0.6,428.29
94400,1887,-2.25731,50,0.7011,0.005839,,68.0,5.1169,0.48,251.57
94450,1888,-1.55804,50,0.7009,0.00691,,57.027,4.5614,0.38,158.21
94500,1889,-4.66927,50,0.7007,0.005508,,81.609,10.1742,0.6,474.0
94550,1890,-3.15622,50,0.7006,0.005892,,68.787,6.7414,0.44,340.15
94600,1891,-0.51312,50,0.7004,0.006454,,61.885,2.4625,0.24,51.42
94650,1892,-3.29496,50,0.7003,0.006811,,67.312,6.5275,0.48,367.41
94700,1893,-3.51398,50,0.7001,0.005684,,68.053,7.5949,0.52,376.81
94750,1894,-0.08317,50,0.7,0.00703,,66.998,1.2054,0.14,13.92
94800,1895,-1.01326,50,0.6998,0.005756,,63.038,3.1127,0.24,113.48
94850,1896,-0.38028,50,0.6996,0.00627,,65.383,2.567,0.26,31.95
94900,1897,-4.32373,50,0.6995,0.005426,,66.3,9.6947,0.64,455.34
94950,1898,-2.14503,50,0.6993,0.006505,,75.721,5.8488,0.4,206.7
95000,1899,-0.9741,50,0.6992,0.005553,,68.096,2.4457,0.18,120.45
95050,1900,-4.93932,50,0.699,0.005665,,74.726,10.6553,0.66,507.94
95100,1901,-10.49476,50,0.6988,0.005914,,76.737,16.0906,0.78,1214.39
95150,1902,-0.10808,50,0.6987,0.007078,,65.263,1.2797,0.12,18.18
95200,1903,-4.71838,50,0.6985,0.005778,,68.986,9.9186,0.68,501.42
95250,1904,-2.77581,50,0.6984,0.004777,,66.25,5.3488,0.42,321.02
95300,1905,-3.18245,50,0.6982,0.005913,,64.031,6.5233,0.46,347.32
95350,1906,-3.52257,50,0.6981,0.006886,,73.364,8.3793,0.62,353.39
95400,1907,-2.20298,50,0.6979,0.006015,,62.524,5.7828,0.52,225.06
95450,1908,-5.2563,50,0.6977,0.006484,,75.515,10.5304,0.66,569.24
95500,1909,-2.79901,50,0.6976,0.007684,,70.08,5.2936,0.46,327.94
95550,1910,-3.50556,50,0.6974,0.006482,,70.786,9.3689,0.64,329.37
95600,1911,-2.76374,50,0.6973,0.005606,,79.243,7.0459,0.46,268.95
95650,1912,-2.32652,50,0.6971,0.006413,,66.25,5.4607,0.5,253.36
95700,1913,-0.73135,50,0.6969,0.006643,,66.05,2.204,0.2,98.58
95750,1914,-2.14164,50,0.6968,0.00605,,63.712,5.2558,0.46,219.63
95800,1915,-2.67795,50,0.6966,0.005773,,65.291,6.8098,0.5,272.28
95850,1916,-0.3144,50,0.6965,0.005787,,73.107,1.8349,0.2,30.84
95900,1917,-2.60578,50,0.6963,0.006243,,70.77,5.6353,0.44,288.36
95950,1918,-3.05151,50,0.6962,0.005427,,70.11,8.2024,0.52,283.75
96000,1919,-2.67497,50,0.696,0.006455,,71.665,7.2286,0.52,248.01
96050,1920,-2.4179,50,0.6958,0.006216,,71.821,5.9762,0.48,244.54
96100,1921,-3.01972,50,0.6957,0.005471,,65.0,5.8829,0.54,352.9
96150,1922,-1.7414,50,0.6955,0.005792,,66.211,4.7804,0.44,175.59
96200,1923,-6.40155,50,0.6954,0.006256,,67.647,11.9554,0.72,704.19
96250,1924,-0.63508,50,0.6952,0.006341,,65.633,1.8,0.18,88.58
96300,1925,-5.87635,50,0.695,0.005516,,72.729,9.5457,0.64,679.79
96350,1926,-3.64612,50,0.6949,0.00581,,70.974,9.2527,0.66,351.34
96400,1927,-2.25518,50,0.6947,0.006308,,69.913,6.5251,0.5,213.77
96450,1928,-2.41909,50,0.6946,0.006,,71.0,6.1606,0.44,249.68
96500,1929,-3.80367,50,0.6944,0.00603,,67.534,8.1387,0.58,403.51
96550,1930,-1.79349,50,0.6943,0.006253,,70.511,4.7924,0.36,180.06
96600,1931,-0.45801,50,0.6941,0.005629,,70.389,2.6335,0.3,47.49
96650,1932,-1.05506,50,0.6939,0.005602,,67.136,3.1637,0.32,119.72
96700,1933,-0.67866,50,0.6938,0.00638,,74.685,2.4635,0.3,66.85
96750,1934,-3.47782,50,0.6936,0.006589,,72.254,7.5757,0.46,367.64
96800,1935,-0.46495,50,0.6935,0.006959,,63.539,2.563,0.26,48.64
96850,1936,-0.60901,50,0.6933,0.006043,,74.94,3.102,0.22,46.07
96900,1937,-0.86381,50,0.6931,0.006083,,58.029,2.5422,0.28,99.51
96950,1938,-4.23143,50,0.693,0.005796,,68.954,8.7131,0.58,458.3
97000,1939,-4.21478,50,0.6928,0.006275,,77.838,7.3356,0.4,491.91
97050,1940,-7.13425,50,0.6927,0.006265,,66.25,13.1059,0.68,783.49
97100,1941,-0.75263,50,0.6925,0.006621,,74.294,2.9847,0.34,64.33
97150,1942,-3.35721,50,0.6924,0.007436,,68.137,6.2824,0.46,399.45
97200,1943,-2.12776,50,0.6922,0.0058,,61.437,4.2427,0.42,252.99
97250,1944,-2.58092,50,0.692,0.006326,,63.72,5.7335,0.54,284.61
97300,1945,-2.91973,50,0.6919,0.006549,,66.325,6.7415,0.56,304.67
97350,1946,-7.69699,50,0.6917,0.006536,,74.333,14.7724,0.74,823.89
97400,1947,-3.1416,50,0.6916,0.006057,,73.306,7.1181,0.58,326.77
97450,1948,-3.69514,50,0.6914,0.006583,,65.611,8.5788,0.56,373.88
97500,1949,-2.48556,50,0.6913,0.008202,,77.748,5.3699,0.38,275.12
97550,1950,-1.63662,50,0.6911,0.006943,,70.054,4.6865,0.34,173.44
97600,1951,-2.54534,50,0.6909,0.006814,,64.076,5.6727,0.44,274.7
97650,1952,-2.83923,50,0.6908,0.005547,,72.0,6.4147,0.54,303.09
97700,1953,-2.71629,50,0.6906,0.006367,,78.75,6.2849,0.4,282.47
97750,1954,-0.54579,50,0.6905,0.006441,,73.359,2.601,0.16,50.13
97800,1955,-0.65838,50,0.6903,0.006271,,81.483,2.9747,0.26,56.81
97850,1956,-2.93182,50,0.6901,0.006439,,61.65,7.2535,0.58,295.46
97900,1957,-1.75347,50,0.69,0.007633,,69.213,4.933,0.42,174.14
97950,1958,-0.06157,50,0.6898,0.00651,,62.099,1.3002,0.1,10.89
98000,1959,-0.44731,50,0.6897,0.005381,,70.896,1.9087,0.18,59.8
98050,1960,-5.76394,50,0.6895,0.006111,,73.707,10.8482,0.62,632.65
98100,1961,-4.60522,50,0.6894,0.006859,,70.157,9.827,0.62,481.76
98150,1962,-5.2175,50,0.6892,0.006966,,70.078,10.1061,0.64,567.86
98200,1963,-2.94538,50,0.689,0.006268,,67.271,7.0351,0.6,310.16
98250,1964,-1.22667,50,0.6889,0.00631,,73.131,4.2314,0.38,113.64
98300,1965,-5.43106,50,0.6887,0.006186,,68.0,11.0875,0.64,577.25
98350,1966,-1.21555,50,0.6886,0.006304,,66.137,3.4819,0.3,135.05
98400,1967,-1.77214,50,0.6884,0.00652,,71.25,5.3242,0.44,162.86
98450,1968,-0.47213,50,0.6882,0.007102,,67.392,2.1721,0.2,55.15
98500,1969,-4.30772,50,0.6881,0.005792,,63.595,10.1295,0.68,425.62
98550,1970,-2.66988,50,0.6879,0.00682,,67.303,6.2124,0.52,278.66
98600,1971,-1.44751,50,0.6878,0.006021,,65.427,3.4796,0.28,172.3
98650,1972,-4.74142,50,0.6876,0.005757,,76.204,11.0472,0.56,468.85
98700,1973,-1.27724,50,0.6875,0.006022,,73.366,4.2158,0.42,116.18
98750,1974,-0.63044,50,0.6873,0.006522,,64.648,2.1581,0.22,79.89
98800,1975,-3.30355,50,0.6871,0.006436,,69.068,6.4936,0.56,367.31
98850,1976,-3.39991,50,0.687,0.006282,,69.903,6.8176,0.58,377.86
98900,1977,-0.93978,50,0.6868,0.007021,,70.558,3.152,0.3,94.08
98950,1978,-3.98838,50,0.6867,0.006442,,72.754,8.8304,0.64,419.73
99000,1979,-2.77912,50,0.6865,0.006857,,72.87,7.2253,0.58,264.95
99050,1980,-1.65327,50,0.6863,0.007142,,65.953,4.9811,0.46,155.94
99100,1981,-1.66873,50,0.6862,0.007902,,66.952,4.588,0.36,171.46
99150,1982,-0.17676,50,0.686,0.007047,,80.47,1.4194,0.1,28.26
99200,1983,-2.4087,50,0.6859,0.006808,,71.432,6.3287,0.32,230.41
99250,1984,-0.16573,50,0.6857,0.007673,,77.808,1.4394,0.12,21.29
99300,1985,-2.21321,50,0.6855,0.006405,,67.573,4.7128,0.42,253.5
99350,1986,-2.8627,50,0.6854,0.006819,,70.644,5.5912,0.42,330.6
99400,1987,-0.82203,50,0.6852,0.007256,,69.775,2.8977,0.3,85.8
99450,1988,-1.31738,50,0.6851,0.006982,,74.731,3.5786,0.26,150.9
99500,1989,-1.2959,50,0.6849,0.006933,,65.619,4.2532,0.4,121.99
99550,1990,-2.04931,50,0.6848,0.006461,,67.5,5.2478,0.42,208.7
99600,1991,-0.24617,50,0.6846,0.006753,,76.037,1.578,0.2,25.61
99650,1992,-2.3751,50,0.6844,0.006255,,64.627,6.4361,0.54,227.67
99700,1993,-2.58281,50,0.6843,0.006691,,64.643,6.1442,0.52,274.96
99750,1994,-2.17661,50,0.6841,0.006862,,72.0,6.0467,0.4,211.68
99800,1995,-3.10949,50,0.684,0.006925,,76.645,6.3834,0.52,337.87
99850,1996,-2.06106,50,0.6838,0.006461,,67.62,4.909,0.44,226.16
99900,1997,-1.44006,50,0.6836,0.007054,,73.007,5.094,0.48,121.51
99950,1998,-1.26161,50,0.6835,0.00721,,67.001,4.1322,0.38,121.34
100000,1999,-1.94668,50,0.6833,0.007553,,70.974,4.8793,0.4,201.99
100050,2000,-0.66624,50,0.6832,0.007424,,66.805,2.8185,0.34,60.59
100100,2001,-2.32224,50,0.683,0.00533,,73.026,6.7623,0.56,208.97
100150,2002,-2.50538,50,0.6829,0.006131,,69.661,6.0811,0.46,267.27
100200,2003,-3.43698,50,0.6827,0.006427,,77.24,8.1655,0.5,346.78
100250,2004,-0.85919,50,0.6825,0.006711,,64.166,3.0711,0.34,85.78
100300,2005,-0.58424,50,0.6824,0.007405,,63.386,2.3205,0.3,67.73
100350,2006,-1.04218,50,0.6822,0.005981,,67.779,3.973,0.38,95.64
100400,2007,-0.28647,50,0.6821,0.006001,,69.558,2.0672,0.18,24.98
100450,2008,-0.8839,50,0.6819,0.007153,,67.668,3.3892,0.36,84.43
100500,2009,-2.29751,50,0.6818,0.005984,,64.0,6.7065,0.62,210.11
100550,2010,-3.64557,50,0.6816,0.008167,,76.641,7.6608,0.6,393.06
100600,2011,-2.90424,50,0.6814,0.006992,,71.131,6.6407,0.38,311.07
100650,2012,-6.19707,50,0.6813,0.006546,,76.462,10.7575,0.64,706.36
100700,2013,-3.73398,50,0.6811,0.006695,,73.583,8.6443,0.6,382.71
100750,2014,-2.45484,50,0.681,0.007455,,75.317,5.373,0.36,270.46
100800,2015,-4.75882,50,0.6808,0.006157,,68.053,8.6694,0.52,543.48
100850,2016,-2.29091,50,0.6806,0.006868,,70.372,5.6111,0.46,233.12
100900,2017,-2.07867,50,0.6805,0.005875,,76.458,4.7837,0.34,230.96
100950,2018,-0.66099,50,0.6803,0.007142,,68.757,3.0263,0.34,61.66
101000,2019,-3.47259,50,0.6802,0.006283,,67.5,8.0181,0.58,351.01
101050,2020,0.03712,50,0.68,0.007852,,74.474,0.7659,0.06,3.96
101100,2021,-2.28458,50,0.6799,0.006142,,65.788,5.8992,0.5,231.54
101150,2022,0.02597,50,0.6797,0.006941,,71.135,0.6266,0.1,5.34
101200,2023,-4.76303,50,0.6795,0.007227,,70.262,9.9887,0.66,506.15
101250,2024,-2.58667,50,0.6794,0.007752,,65.242,6.3417,0.5,273.94
101300,2025,-2.86337,50,0.6792,0.007211,,71.559,6.6092,0.44,303.0
101350,2026,-0.91748,50,0.6791,0.007001,,66.249,3.2196,0.32,91.15
101400,2027,-0.87934,50,0.6789,0.006572,,58.122,3.0542,0.3,96.61
101450,2028,-1.01225,50,0.6787,0.006987,,65.667,3.1212,0.34,104.62
101500,2029,-4.64574,50,0.6786,0.007168,,73.75,10.1838,0.58,481.4
101550,2030,-0.1364,50,0.6784,0.0067,,62.237,1.459,0.2,27.71
101600,2031,-4.57758,50,0.6783,0.006848,,72.0,9.3563,0.6,488.62
101650,2032,-1.16201,50,0.6781,0.007676,,62.664,3.3385,0.3,130.0
101700,2033,-1.92591,50,0.678,0.007414,,71.458,5.792,0.48,181.38
101750,2034,-0.37849,50,0.6778,0.006538,,72.3,2.2964,0.2,40.61
101800,2035,-0.57087,50,0.6776,0.007551,,73.005,2.9081,0.34,47.88
101850,2036,-1.73512,50,0.6775,0.0068,,65.395,4.6408,0.46,183.5
101900,2037,-7.43938,50,0.6773,0.007248,,79.659,13.1333,0.74,827.97
101950,2038,-2.96522,50,0.6772,0.006857,,62.635,7.8619,0.64,285.84
102000,2039,-4.02353,50,0.677,0.006911,,70.221,6.8988,0.44,474.63
102050,2040,-3.70247,50,0.6768,0.006515,,64.169,7.3606,0.58,417.22
102100,2041,-2.88442,50,0.6767,0.006795,,67.231,7.1699,0.52,289.0
102150,2042,-1.37528,50,0.6765,0.007123,,70.891,4.7518,0.46,124.46
102200,2043,-2.92587,50,0.6764,0.008219,,76.19,7.7766,0.4,271.72
102250,2044,-2.61095,50,0.6762,0.007922,,64.488,5.8528,0.44,284.3
102300,2045,-4.95927,50,0.6761,0.007386,,68.356,9.8625,0.64,538.1
102350,2046,-3.66026,50,0.6759,0.007871,,69.622,8.7014,0.54,368.06
102400,2047,-1.09204,50,0.6757,0.007546,,68.907,4.1921,0.32,95.54
102450,2048,-3.08782,50,0.6756,0.007159,,64.0,6.6491,0.5,334.09
102500,2049,-1.48201,50,0.6754,0.007138,,65.098,4.0381,0.34,164.34
102550,2050,-2.48085,50,0.6753,0.006841,,66.0,5.4052,0.56,277.35
102600,2051,-0.35115,50,0.6751,0.007393,,67.597,2.3344,0.24,39.9
102650,2052,-1.40426,50,0.6749,0.007063,,59.682,4.2573,0.48,131.98
102700,2053,-3.58734,50,0.6748,0.007687,,75.718,8.7232,0.46,350.91
102750,2054,-0.93474,50,0.6746,0.006466,,68.75,3.662,0.32,88.59
102800,2055,-0.79312,50,0.6745,0.007301,,73.888,2.8364,0.22,83.76
102850,2056,-0.0645,50,0.6743,0.006859,,72.725,0.8624,0.12,11.15
102900,2057,-4.02812,50,0.6742,0.00745,,74.171,7.8001,0.48,443.51
102950,2058,-4.51951,50,0.674,0.007332,,69.928,9.716,0.58,474.64
103000,2059,-2.77479,50,0.6738,0.007176,,73.755,5.8991,0.44,303.29
103050,2060,-3.69184,50,0.6737,0.007205,,72.109,9.0824,0.64,361.45
103100,2061,-4.30227,50,0.6735,0.006989,,77.005,9.47,0.64,449.0
103150,2062,-1.95531,50,0.6734,0.008045,,66.211,5.5547,0.4,188.87
103200,2063,-1.87522,50,0.6732,0.006236,,64.391,4.8845,0.34,204.25
103250,2064,-1.1545,50,0.673,0.00736,,71.344,4.2374,0.36,101.5
103300,2065,-5.6229,50,0.6729,0.007141,,72.5,11.5405,0.66,588.75
103350,2066,-0.41201,50,0.6727,0.00702,,67.619,2.2551,0.2,47.72
103400,2067,-0.53532,50,0.6726,0.006385,,76.75,2.3975,0.26,45.54
103450,2068,-4.09878,50,0.6724,0.007845,,74.073,8.9936,0.58,424.19
103500,2069,-1.69312,50,0.6723,0.007313,,69.173,4.7504,0.42,175.21
103550,2070,-4.06987,50,0.6721,0.006962,,73.175,9.3698,0.58,406.36
103600,2071,-1.10127,50,0.6719,0.007354,,69.301,3.8159,0.4,110.36
103650,2072,-2.91043,50,0.6718,0.007529,,73.753,7.7093,0.5,273.04
103700,2073,-3.91082,50,0.6716,0.007731,,66.082,8.0042,0.58,425.05
103750,2074,-1.32938,50,0.6715,0.006845,,67.225,4.4596,0.4,126.3
103800,2075,-3.97732,50,0.6713,0.008159,,62.962,9.2035,0.62,399.53
103850,2076,-2.35733,50,0.6711,0.006701,,69.51,5.2769,0.5,260.1
103900,2077,-4.90839,50,0.671,0.006452,,70.175,8.6249,0.52,567.95
103950,2078,-4.36583,50,0.6708,0.007532,,69.544,8.0905,0.46,485.87
104000,2079,-0.35293,50,0.6707,0.00778,,75.638,2.4509,0.24,33.86
104050,2080,-2.21355,50,0.6705,0.007926,,69.79,5.3082,0.48,246.76
104100,2081,-2.51898,50,0.6704,0.007138,,75.314,6.4865,0.46,250.09
104150,2082,-1.99986,50,0.6702,0.008058,,69.892,5.1885,0.36,213.32
104200,2083,-1.9084,50,0.67,0.006341,,66.243,5.3367,0.46,184.9
104250,2084,-0.41907,50,0.6699,0.007604,,74.916,2.3038,0.3,36.0
104300,2085,-2.10113,50,0.6697,0.007754,,71.75,5.7942,0.4,204.46
104350,2086,-6.4015,50,0.6696,0.006855,,74.615,11.9447,0.62,702.54
104400,2087,-1.83601,50,0.6694,0.007703,,70.049,5.6838,0.38,164.88
104450,2088,-6.21899,50,0.6692,0.007381,,73.317,10.665,0.6,714.34
104500,2089,-4.31023,50,0.6691,0.007242,,70.211,8.3818,0.64,477.93
104550,2090,-5.46276,50,0.6689,0.007758,,66.337,10.5953,0.72,600.76
104600,2091,0.14203,50,0.6688,0.00775,,64.482,0.4357,0.02,0.62
104650,2092,-0.46172,50,0.6686,0.006786,,70.794,2.5275,0.18,40.16
104700,2093,-3.93472,50,0.6684,0.006806,,73.095,9.3489,0.54,386.82
104750,2094,-2.64349,50,0.6683,0.006717,,66.167,6.3677,0.56,273.95
104800,2095,-0.82337,50,0.6681,0.006558,,72.5,3.3607,0.4,73.01
104850,2096,-1.07206,50,0.668,0.006199,,76.419,3.4415,0.26,104.7
104900,2097,-1.61922,50,0.6678,0.006952,,69.62,4.6895,0.4,161.25
104950,2098,-0.56958,50,0.6677,0.006658,,67.5,2.791,0.28,44.94
105000,2099,-2.36258,50,0.6675,0.007676,,69.564,5.5172,0.48,251.23
105050,2100,-0.28698,50,0.6673,0.007109,,75.08,2.0863,0.2,40.91
105100,2101,-0.17244,50,0.6672,0.006374,,70.239,1.7079,0.2,12.25
105150,2102,-2.73038,50,0.667,0.006895,,77.174,7.1616,0.52,265.37
105200,2103,-2.93127,50,0.6669,0.007285,,65.914,6.9753,0.52,304.37
105250,2104,-2.36555,50,0.6667,0.00713,,72.023,6.449,0.48,235.22
105300,2105,-1.14251,50,0.6665,0.007436,,78.488,3.5263,0.34,108.98
105350,2106,-3.73744,50,0.6664,0.007587,,71.363,8.7449,0.64,382.7
105400,2107,-2.23392,50,0.6662,0.006936,,71.24,5.0559,0.46,240.69
105450,2108,-4.27072,50,0.6661,0.007402,,75.239,10.6098,0.62,402.2
105500,2109,-0.56178,50,0.6659,0.007695,,77.528,2.419,0.24,62.36
105550,2110,-2.71482,50,0.6658,0.006985,,71.003,6.5324,0.44,277.87
105600,2111,-1.85775,50,0.6656,0.008094,,67.753,6.0699,0.56,159.36
105650,2112,-0.78335,50,0.6654,0.007643,,71.244,3.1819,0.3,68.9
105700,2113,-4.09032,50,0.6653,0.007122,,68.999,8.2533,0.54,451.06
105750,2114,-3.23096,50,0.6651,0.007058,,71.663,8.8072,0.62,298.36
105800,2115,-6.0162,50,0.665,0.008635,,66.603,10.7039,0.78,681.01
105850,2116,-2.78932,50,0.6648,0.007252,,79.101,7.217,0.4,263.78
105900,2117,-2.30983,50,0.6646,0.006244,,65.0,5.6548,0.4,245.8
105950,2118,-0.28007,50,0.6645,0.007013,,76.89,1.4379,0.18,34.04
106000,2119,-3.45846,50,0.6643,0.00684,,71.25,7.9012,0.58,353.32
106050,2120,-0.63765,50,0.6642,0.005765,,65.701,2.9827,0.22,60.82
106100,2121,-2.81073,50,0.664,0.007527,,73.843,5.645,0.38,316.74
106150,2122,-1.75613,50,0.6639,0.00734,,73.866,4.5688,0.3,186.36
106200,2123,-2.01716,50,0.6637,0.006931,,73.776,5.6918,0.36,189.95
106250,2124,-1.34737,50,0.6635,0.00733,,69.281,4.2549,0.4,131.58
106300,2125,-2.17149,50,0.6634,0.007776,,69.365,5.6559,0.42,224.6
106350,2126,-3.13587,50,0.6632,0.007359,,68.75,7.7942,0.6,311.62
106400,2127,-3.3083,50,0.6631,0.007186,,75.248,7.2902,0.56,359.29
106450,2128,-5.23247,50,0.6629,0.006257,,71.149,10.4047,0.7,563.89
106500,2129,-3.95796,50,0.6627,0.007344,,73.225,7.4198,0.48,448.53
106550,2130,-4.8626,50,0.6626,0.006521,,68.134,9.8316,0.7,530.24
106600,2131,-0.2737,50,0.6624,0.006864,,75.988,1.8889,0.18,27.8
106650,2132,-6.21562,50,0.6623,0.008416,,74.247,12.2646,0.66,658.94
106700,2133,-2.49732,50,0.6621,0.0066,,72.192,5.7103,0.4,274.19
106750,2134,-2.10667,50,0.662,0.008101,,65.505,5.6103,0.48,218.66
106800,2135,-2.37421,50,0.6618,0.008209,,75.931,5.4921,0.36,254.04
106850,2136,-4.17439,50,0.6616,0.0067,,68.75,8.7871,0.58,447.91
106900,2137,-0.0927,50,0.6615,0.006486,,75.608,0.8841,0.12,19.98
106950,2138,-4.47989,50,0.6613,0.00636,,71.548,9.4696,0.62,475.13
107000,2139,-2.83488,50,0.6612,0.007293,,65.0,7.311,0.64,284.8
107050,2140,-1.86709,50,0.661,0.006935,,65.304,4.3719,0.4,212.96
107100,2141,-0.54138,50,0.6609,0.007868,,71.564,3.2973,0.34,41.64
107150,2142,-0.08045,50,0.6607,0.007657,,68.725,1.2916,0.08,4.56
107200,2143,-2.215,50,0.6605,0.007384,,61.817,6.6697,0.6,195.75
107250,2144,-1.72114,50,0.6604,0.007579,,66.113,4.8289,0.34,174.07
107300,2145,-0.7559,50,0.6602,0.008087,,74.852,2.8009,0.34,79.08
107350,2146,-0.38961,50,0.6601,0.007557,,72.063,1.7459,0.18,54.56
107400,2147,-1.44434,50,0.6599,0.007118,,61.407,4.1392,0.44,151.75
107450,2148,-3.74895,50,0.6597,0.007923,,65.821,9.3377,0.58,366.27
107500,2149,-4.13869,50,0.6596,0.00752,,69.489,9.11,0.58,432.62
107550,2150,-3.92625,50,0.6594,0.007565,,65.781,8.9338,0.56,402.99
107600,2151,-0.90682,50,0.6593,0.008134,,69.811,3.136,0.32,88.83
107650,2152,-5.58519,50,0.6591,0.008375,,68.354,8.7347,0.64,663.62
107700,2153,-2.41875,50,0.659,0.008392,,61.584,5.3427,0.44,270.48
107750,2154,-4.13077,50,0.6588,0.007174,,70.512,9.0218,0.64,428.27
107800,2155,-5.97692,50,0.6586,0.006978,,69.63,11.517,0.64,643.73
107850,2156,-2.8181,50,0.6585,0.008275,,70.302,6.2849,0.48,305.1
107900,2157,-1.14038,50,0.6583,0.007527,,61.74,3.8357,0.32,110.02
107950,2158,-2.45132,50,0.6582,0.007665,,77.383,4.9307,0.4,279.26
108000,2159,-1.73532,50,0.658,0.007368,,61.048,4.1562,0.36,191.87
108050,2160,-1.13649,50,0.6578,0.008689,,73.14,4.0546,0.34,102.04
108100,2161,-4.11153,50,0.6577,0.008334,,70.154,8.2112,0.62,453.91
108150,2162,-3.91845,50,0.6575,0.008017,,75.176,7.7505,0.58,428.94
108200,2163,-1.10445,50,0.6574,0.006797,,73.75,2.925,0.3,127.45
108250,2164,-3.15958,50,0.6572,0.007543,,71.396,6.72,0.44,342.4
108300,2165,-0.40904,50,0.6571,0.007426,,73.337,1.9562,0.2,47.02
108350,2166,-4.05639,50,0.6569,0.008516,,76.951,8.6192,0.66,421.78
108400,2167,-0.73843,50,0.6567,0.007035,,71.175,2.6608,0.32,81.19
108450,2168,-0.39009,50,0.6566,0.008083,,68.312,1.9478,0.2,41.98
108500,2169,-0.17269,50,0.6564,0.008256,,73.709,1.7547,0.16,17.74
108550,2170,-0.83829,50,0.6563,0.007612,,67.303,3.0882,0.3,75.88
108600,2171,-1.98469,50,0.6561,0.008397,,75.456,4.4374,0.28,225.33
108650,2172,-1.88218,50,0.6559,0.007326,,67.563,4.5632,0.32,205.62
108700,2173,-5.28825,50,0.6558,0.00659,,70.0,9.5739,0.64,590.85
108750,2174,-4.72582,50,0.6556,0.00733,,71.191,10.2179,0.58,491.75
108800,2175,-2.62225,50,0.6555,0.007923,,73.322,7.1425,0.62,243.42
108850,2176,-1.93579,50,0.6553,0.007699,,74.906,5.4766,0.36,189.76
108900,2177,-1.60152,50,0.6552,0.007859,,70.114,4.9813,0.4,147.14
108950,2178,-3.93151,50,0.655,0.007536,,73.49,8.2094,0.56,427.0
109000,2179,-3.03414,50,0.6548,0.008176,,72.002,6.7391,0.42,320.51
109050,2180,-0.18743,50,0.6547,0.008637,,66.748,1.3775,0.2,28.78
109100,2181,-0.93895,50,0.6545,0.008104,,72.706,3.2669,0.3,101.49
109150,2182,-0.5601,50,0.6544,0.008091,,71.847,2.8765,0.24,48.11
109200,2183,-2.39215,50,0.6542,0.00734,,63.583,6.164,0.52,239.93
109250,2184,-4.70591,50,0.654,0.007082,,70.989,9.7455,0.62,499.56
109300,2185,-1.33608,50,0.6539,0.008575,,76.37,4.6783,0.4,119.01
109350,2186,-2.16641,50,0.6537,0.008397,,64.272,5.7472,0.54,213.72
109400,2187,-3.35357,50,0.6536,0.008519,,66.38,7.2218,0.5,359.75
109450,2188,-0.69671,50,0.6534,0.007279,,71.531,2.8878,0.2,66.41
109500,2189,-0.21219,50,0.6532,0.008065,,68.051,1.6372,0.18,28.93
109550,2190,-3.08876,50,0.6531,0.007574,,71.683,6.8885,0.52,320.16
109600,2191,-3.79346,50,0.6529,0.008982,,63.154,8.3161,0.66,396.86
109650,2192,-1.21643,50,0.6528,0.00822,,70.35,3.6428,0.28,127.74
109700,2193,-6.22252,50,0.6526,0.007595,,72.429,9.5694,0.6,734.09
109750,2194,-1.90804,50,0.6525,0.008182,,70.236,4.4782,0.38,213.71
109800,2195,-0.42365,50,0.6523,0.008463,,60.955,2.1343,0.18,51.33
109850,2196,-1.54196,50,0.6521,0.007492,,69.79,3.7659,0.3,175.73
109900,2197,-4.19591,50,0.652,0.006757,,71.333,8.3487,0.54,460.06
109950,2198,-0.15376,50,0.6518,0.007546,,73.806,1.4404,0.06,19.97
110000,2199,-3.93658,50,0.6517,0.007838,,65.296,6.7718,0.46,458.38
110050,2200,-0.67528,50,0.6515,0.007477,,65.313,2.7838,0.28,67.72
110100,2201,-0.60132,50,0.6514,0.007624,,65.557,2.3017,0.16,74.83
110150,2202,-6.25049,50,0.6512,0.007793,,67.0,11.4663,0.7,690.98
110200,2203,-4.01167,50,0.651,0.008205,,75.469,8.7009,0.54,420.4
110250,2204,-1.83689,50,0.6509,0.00787,,61.789,4.9726,0.48,196.52
110300,2205,-3.32672,50,0.6507,0.007994,,77.542,7.9575,0.6,333.23
110350,2206,-1.13601,50,0.6506,0.006907,,61.0,3.6312,0.38,116.71
110400,2207,-2.46449,50,0.6504,0.00812,,68.542,6.0142,0.42,256.08
110450,2208,-3.20189,50,0.6502,0.007784,,65.047,7.4509,0.54,333.06
110500,2209,-1.9279,50,0.6501,0.007731,,68.771,5.3463,0.42,184.7
110550,2210,-4.32309,50,0.6499,0.007891,,67.384,9.6022,0.56,444.69
110600,2211,-7.20599,50,0.6498,0.007885,,72.198,12.2658,0.72,812.71
110650,2212,-1.36617,50,0.6496,0.008048,,72.012,4.295,0.38,140.68
110700,2213,-4.5385,50,0.6495,0.00683,,71.481,9.852,0.64,469.73
110750,2214,-4.01992,50,0.6493,0.008272,,72.755,8.8128,0.64,420.78
110800,2215,-4.78052,50,0.6491,0.008491,,74.021,9.3679,0.6,518.16
110850,2216,-1.2954,50,0.649,0.008077,,61.26,3.6912,0.34,137.31
110900,2217,-1.58732,50,0.6488,0.00733,,63.219,3.5115,0.3,195.01
110950,2218,-2.31143,50,0.6487,0.007425,,62.905,5.4236,0.44,250.15
111000,2219,-1.38599,50,0.6485,0.00725,,64.07,4.212,0.38,137.07
111050,2220,-1.52509,50,0.6483,0.0076,,73.749,5.3933,0.42,129.41
111100,2221,-0.47496,50,0.6482,0.007892,,74.913,2.5147,0.26,40.94
111150,2222,-1.1022,50,0.648,0.0082,,68.575,3.4395,0.38,113.75
111200,2223,-2.932,50,0.6479,0.008132,,72.05,7.1572,0.56,299.48
111250,2224,-4.45576,50,0.6477,0.007245,,72.588,9.8464,0.64,455.61
111300,2225,-0.11764,50,0.6476,0.007298,,67.52,1.2706,0.08,20.23
111350,2226,-1.40843,50,0.6474,0.007447,,71.13,4.9529,0.38,112.46
111400,2227,-1.32558,50,0.6472,0.007626,,68.788,3.3191,0.36,151.32
111450,2228,-0.94723,50,0.6471,0.007856,,83.38,3.5717,0.26,82.24
111500,2229,-2.3428,50,0.6469,0.008306,,71.267,5.7913,0.46,244.25
111550,2230,-4.64305,50,0.6468,0.007536,,68.047,9.22,0.56,506.48
111600,2231,-2.34458,50,0.6466,0.007167,,72.758,6.4915,0.52,233.78
111650,2232,-4.23623,50,0.6464,0.007423,,69.685,8.6238,0.62,468.27
111700,2233,-5.37326,50,0.6463,0.007184,,69.991,11.3969,0.68,554.28
111750,2234,-1.09424,50,0.6461,0.007515,,66.372,3.366,0.34,119.87
111800,2235,-0.23993,50,0.646,0.008941,,65.275,1.5783,0.2,32.23
111850,2236,-2.42044,50,0.6458,0.00755,,71.668,4.9477,0.42,273.26
111900,2237,-1.49476,50,0.6457,0.007061,,75.208,3.9845,0.36,157.88
111950,2238,-2.4742,50,0.6455,0.008473,,71.313,5.7987,0.4,265.33
112000,2239,-2.16102,50,0.6453,0.008737,,74.062,6.6303,0.42,189.36
112050,2240,-1.16947,50,0.6452,0.007885,,76.746,3.9919,0.28,106.18
112100,2241,-5.14025,50,0.645,0.008593,,72.477,10.6557,0.68,543.76
112150,2242,-0.39413,50,0.6449,0.007267,,67.339,2.499,0.26,37.04
112200,2243,-0.86574,50,0.6447,0.008025,,66.58,3.209,0.3,81.8
112250,2244,-2.95257,50,0.6445,0.007231,,66.0,7.2366,0.58,294.31
112300,2245,-6.25011,50,0.6444,0.008324,,70.0,10.2629,0.72,722.08
112350,2246,-4.39984,50,0.6442,0.008507,,72.347,7.7621,0.58,509.22
112400,2247,-0.25424,50,0.6441,0.007886,,67.725,2.2416,0.2,20.92
112450,2248,-0.76898,50,0.6439,0.008446,,60.644,2.7688,0.32,87.71
112500,2249,-1.44401,50,0.6438,0.007739,,70.0,4.974,0.4,132.75
112550,2250,-0.61194,50,0.6436,0.008818,,66.878,2.1879,0.26,70.87
112600,2251,-3.97522,50,0.6434,0.007839,,67.277,7.1032,0.6,462.98
112650,2252,-4.13965,50,0.6433,0.008351,,73.889,9.8354,0.62,412.86
112700,2253,-4.24511,50,0.6431,0.007972,,68.43,8.2008,0.52,466.8
112750,2254,-4.63586,50,0.643,0.009137,,75.212,8.789,0.6,510.6
112800,2255,-2.86252,50,0.6428,0.008129,,64.703,6.4722,0.52,306.66
112850,2256,-1.38871,50,0.6426,0.008011,,69.434,4.1865,0.42,138.9
112900,2257,-2.24537,50,0.6425,0.008595,,73.716,6.1175,0.48,222.76
112950,2258,-3.28673,50,0.6423,0.008101,,77.175,7.8775,0.66,326.84
113000,2259,-3.34186,50,0.6422,0.008712,,73.637,7.969,0.5,335.25
113050,2260,-2.62486,50,0.642,0.008258,,66.229,5.4442,0.44,294.11
113100,2261,-3.64189,50,0.6419,0.008904,,74.047,9.0527,0.5,353.61
113150,2262,-0.61597,50,0.6417,0.009529,,68.251,2.7924,0.26,57.35
113200,2263,-2.33634,50,0.6415,0.009395,,70.015,5.7806,0.48,241.54
113250,2264,-1.56917,50,0.6414,0.007381,,79.987,5.0723,0.36,133.55
113300,2265,-0.9481,50,0.6412,0.007347,,61.743,2.3433,0.28,122.58
113350,2266,-0.00931,50,0.6411,0.007796,,72.214,1.0078,0.1,9.92
113400,2267,-2.61267,50,0.6409,0.007589,,62.214,6.0372,0.44,281.27
113450,2268,-2.94927,50,0.6407,0.007716,,67.83,6.4232,0.4,319.85
113500,2269,-2.3572,50,0.6406,0.008805,,70.184,5.5941,0.44,245.92
113550,2270,-1.61262,50,0.6404,0.007855,,67.052,5.5647,0.38,138.02
113600,2271,-1.46241,50,0.6403,0.008726,,68.249,4.5894,0.42,140.5
113650,2272,-1.3957,50,0.6401,0.008827,,70.455,3.4103,0.2,157.29
113700,2273,-1.54557,50,0.64,0.007808,,63.076,4.7931,0.46,156.58
113750,2274,-2.42389,50,0.6398,0.00817,,62.5,6.2294,0.54,240.08
113800,2275,-2.4455,50,0.6396,0.008845,,66.785,6.0077,0.5,250.95
113850,2276,-0.69314,50,0.6395,0.007265,,71.432,2.4429,0.2,78.89
113900,2277,-3.1066,50,0.6393,0.008298,,64.807,7.111,0.56,324.64
113950,2278,-1.05988,50,0.6392,0.008705,,64.951,3.3971,0.3,115.67
114000,2279,-2.35302,50,0.639,0.008975,,67.998,6.7187,0.52,215.92
114050,2280,-2.16409,50,0.6388,0.008138,,71.561,5.2638,0.38,222.7
114100,2281,-3.80709,50,0.6387,0.006645,,63.74,9.3121,0.68,375.7
114150,2282,-7.39414,50,0.6385,0.008712,,72.514,11.103,0.66,876.09
114200,2283,-2.60419,50,0.6384,0.007972,,69.958,6.0581,0.44,282.32
114250,2284,-2.49772,50,0.6382,0.00804,,74.507,6.0591,0.52,259.67
114300,2285,-1.56294,50,0.6381,0.00878,,69.045,4.9249,0.42,151.53
114350,2286,-4.44309,50,0.6379,0.008127,,70.23,9.9279,0.64,457.36
114400,2287,-1.54964,50,0.6377,0.007191,,69.981,4.1338,0.34,158.75
114450,2288,-0.70008,50,0.6376,0.008646,,73.491,2.22,0.22,83.4
114500,2289,-0.79936,50,0.6374,0.007987,,65.723,3.8034,0.34,56.08
114550,2290,-2.19921,50,0.6373,0.009083,,64.219,5.9064,0.48,225.75
114600,2291,-2.63549,50,0.6371,0.009154,,63.761,6.06,0.5,281.63
114650,2292,-4.20151,50,0.6369,0.008086,,76.547,8.7868,0.64,439.64
114700,2293,-2.55664,50,0.6368,0.007784,,73.554,7.4785,0.48,230.6
114750,2294,-3.40895,50,0.6366,0.008495,,77.446,6.3104,0.52,393.17
114800,2295,-4.60946,50,0.6365,0.007838,,72.5,9.5682,0.56,490.29
114850,2296,-1.11234,50,0.6363,0.008161,,74.128,2.738,0.26,132.41
114900,2297,-1.30916,50,0.6361,0.007868,,71.78,4.5873,0.46,106.24
114950,2298,-4.80045,50,0.636,0.007078,,67.78,11.1963,0.72,468.85
115000,2299,-4.77983,50,0.6358,0.007478,,67.525,9.7409,0.6,519.11
115050,2300,-1.88496,50,0.6357,0.007396,,67.881,5.2356,0.42,188.93
115100,2301,-2.72573,50,0.6355,0.008182,,72.0,5.4127,0.5,317.18
115150,2302,-0.16166,50,0.6354,0.00832,,65.571,1.5044,0.18,19.11
115200,2303,-0.16021,50,0.6352,0.008442,,69.078,1.2874,0.1,31.25
115250,2304,-3.61998,50,0.635,0.00827,,71.856,8.8875,0.6,353.82
115300,2305,-0.66991,50,0.6349,0.007972,,79.125,2.872,0.32,61.66
115350,2306,-1.71813,50,0.6347,0.008031,,73.488,4.9863,0.5,171.55
115400,2307,-2.30713,50,0.6346,0.006609,,71.152,4.4339,0.38,270.9
115450,2308,-0.67089,50,0.6344,0.008145,,73.784,2.4808,0.22,73.17
115500,2309,-0.60944,50,0.6342,0.008394,,71.424,3.2525,0.26,46.77
115550,2310,-3.51107,50,0.6341,0.008467,,75.43,5.5488,0.44,430.4
115600,2311,-3.84401,50,0.6339,0.008028,,65.309,7.4733,0.54,438.65
115650,2312,-0.21731,50,0.6338,0.00831,,71.568,1.5557,0.14,23.82
115700,2313,-3.93678,50,0.6336,0.009065,,68.864,9.0943,0.58,399.75
115750,2314,-3.65106,50,0.6335,0.007791,,66.102,8.85,0.62,366.5
115800,2315,-1.17815,50,0.6333,0.006736,,70.855,3.697,0.32,133.63
115850,2316,-4.40256,50,0.6331,0.00696,,68.899,8.9042,0.56,469.15
115900,2317,-5.93778,50,0.633,0.008115,,67.2,10.9368,0.7,654.98
115950,2318,-0.65767,50,0.6328,0.008434,,64.772,2.5844,0.22,69.21
116000,2319,-4.43401,50,0.6327,0.008033,,69.129,8.3225,0.56,495.77
116050,2320,-0.51691,50,0.6325,0.008745,,63.2,2.5908,0.26,45.88
116100,2321,-3.05523,50,0.6323,0.007481,,69.916,7.0146,0.44,320.6
116150,2322,-2.16649,50,0.6322,0.007204,,65.97,5.1107,0.32,227.9
116200,2323,-0.808,50,0.632,0.008444,,71.107,2.8051,0.26,78.12
116250,2324,-4.55933,50,0.6319,0.00783,,72.437,7.5109,0.44,536.87
116300,2325,-0.45152,50,0.6317,0.006941,,66.808,2.0706,0.18,44.58
116350,2326,-2.27997,50,0.6316,0.007626,,69.111,5.4286,0.4,247.55
116400,2327,-2.48727,50,0.6314,0.008174,,72.132,6.6726,0.52,238.28
116450,2328,-3.72232,50,0.6312,0.007426,,65.207,7.9701,0.64,394.02
116500,2329,-3.26176,50,0.6311,0.008432,,65.081,6.4871,0.54,359.93
116550,2330,-0.92773,50,0.6309,0.007029,,64.095,3.755,0.36,83.09
116600,2331,-1.07488,50,0.6308,0.007283,,66.066,3.1466,0.36,122.42
116650,2332,-2.67841,50,0.6306,0.008469,,63.659,6.5356,0.58,279.3
116700,2333,-2.8553,50,0.6304,0.007511,,69.77,6.9054,0.6,293.57
116750,2334,-3.56022,50,0.6303,0.008684,,72.381,8.1908,0.58,363.52
116800,2335,-3.32126,50,0.6301,0.008521,,69.842,8.542,0.52,313.3
116850,2336,-1.18572,50,0.63,0.008913,,76.9,4.2614,0.34,106.64
116900,2337,-3.13626,50,0.6298,0.009053,,66.434,7.0405,0.52,327.78
116950,2338,-1.74444,50,0.6297,0.006716,,70.449,4.7175,0.48,186.68
117000,2339,-2.45551,50,0.6295,0.007837,,78.05,6.1036,0.4,260.52
117050,2340,-2.76325,50,0.6293,0.008037,,67.087,7.4235,0.54,256.49
117100,2341,-1.96351,50,0.6292,0.008634,,66.542,4.9363,0.4,204.13
117150,2342,0.07163,50,0.629,0.008454,,75.614,0.6867,0.06,1.47
117200,2343,-2.69461,50,0.6289,0.008057,,65.956,6.1945,0.46,294.22
117250,2344,-2.66175,50,0.6287,0.009203,,89.889,7.323,0.46,246.41
117300,2345,-1.31675,50,0.6285,0.008045,,77.514,4.5176,0.36,110.71
117350,2346,-1.39429,50,0.6284,0.007559,,67.482,3.7349,0.34,152.44
117400,2347,-2.49736,50,0.6282,0.007411,,68.822,7.034,0.54,237.58
117450,2348,-4.07389,50,0.6281,0.007944,,73.698,9.9253,0.64,390.79
117500,2349,-4.5967,50,0.6279,0.007846,,66.25,10.2474,0.68,469.29
117550,2350,-0.42788,50,0.6278,0.007326,,74.689,2.1928,0.18,40.72
117600,2351,-0.82549,50,0.6276,0.008796,,76.208,3.2509,0.22,78.82
117650,2352,-4.67215,50,0.6274,0.007569,,70.322,10.3935,0.58,472.88
117700,2353,-4.65027,50,0.6273,0.007072,,70.536,8.4128,0.6,527.83
117750,2354,-6.01985,50,0.6271,0.007204,,66.811,11.7879,0.64,649.3
117800,2355,-2.19547,50,0.627,0.008118,,72.701,4.8074,0.38,237.04
117850,2356,-5.3274,50,0.6268,0.007337,,66.4,11.4751,0.66,544.5
117900,2357,-3.03538,50,0.6266,0.007031,,65.051,7.1571,0.54,315.99
117950,2358,-2.52735,50,0.6265,0.007693,,68.373,5.7022,0.52,276.98
118000,2359,-0.68059,50,0.6263,0.008421,,72.999,2.9054,0.28,58.88
118050,2360,-2.98142,50,0.6262,0.008237,,67.012,7.2842,0.56,302.71
118100,2361,-0.98565,50,0.626,0.007692,,62.644,3.354,0.4,94.79
118150,2362,-2.67214,50,0.6259,0.007797,,68.764,6.1111,0.46,285.02
118200,2363,-1.72049,50,0.6257,0.008146,,75.809,5.5919,0.38,149.81
118250,2364,-0.84361,50,0.6255,0.007815,,65.788,3.0362,0.36,88.58
118300,2365,-2.28021,50,0.6254,0.006387,,72.045,5.0697,0.34,245.72
118350,2366,-0.60969,50,0.6252,0.0085,,74.76,2.8081,0.26,51.33
118400,2367,-3.75333,50,0.6251,0.006675,,71.1,8.5122,0.64,388.82
118450,2368,-1.2526,50,0.6249,0.008321,,76.845,3.9719,0.28,117.36
118500,2369,-4.72903,50,0.6248,0.006936,,72.588,9.9474,0.58,496.56
118550,2370,0.04868,50,0.6246,0.007251,,77.414,1.108,0.08,10.1
118600,2371,-1.23027,50,0.6244,0.007419,,72.219,4.2022,0.48,115.92
118650,2372,-2.27416,50,0.6243,0.007937,,58.4,5.8753,0.46,232.04
118700,2373,-0.21848,50,0.6241,0.007233,,71.232,1.3926,0.16,20.6
118750,2374,-0.19222,50,0.624,0.008078,,74.408,1.6946,0.12,13.63
118800,2375,-0.56928,50,0.6238,0.006594,,66.548,2.1563,0.26,65.41
118850,2376,-1.06216,50,0.6236,0.007849,,61.935,3.0414,0.28,123.63
118900,2377,-1.54775,50,0.6235,0.008877,,64.03,4.9586,0.26,148.04
118950,2378,-3.75672,50,0.6233,0.008269,,69.69,8.2911,0.58,397.2
119000,2379,-1.94037,50,0.6232,0.007914,,80.016,5.3184,0.4,198.25
119050,2380,-0.40722,50,0.623,0.008767,,67.534,2.1473,0.24,43.87
119100,2381,-2.21504,50,0.6229,0.007878,,70.408,5.51,0.48,233.42
119150,2382,-2.972,50,0.6227,0.007396,,71.457,7.9041,0.56,282.03
119200,2383,-3.84023,50,0.6225,0.00691,,68.878,8.527,0.66,395.38
119250,2384,-4.81532,50,0.6224,0.00749,,76.25,10.7382,0.56,486.24
119300,2385,-1.55906,50,0.6222,0.00831,,64.817,3.5222,0.44,187.59
119350,2386,-1.62021,50,0.6221,0.008296,,65.908,5.0685,0.36,152.86
119400,2387,-4.85656,50,0.6219,0.007697,,66.0,8.3046,0.46,564.07
119450,2388,-2.62526,50,0.6217,0.006785,,74.899,6.4718,0.52,264.33
119500,2389,-2.14183,50,0.6216,0.007077,,65.526,3.8669,0.38,263.77
119550,2390,-2.01528,50,0.6214,0.007371,,68.33,5.0186,0.36,214.61
119600,2391,-5.55906,50,0.6213,0.00811,,66.347,10.8957,0.72,599.66
119650,2392,-2.29525,50,0.6211,0.008261,,73.829,6.4718,0.38,213.69
119700,2393,-3.30218,50,0.621,0.007889,,74.227,8.6914,0.6,314.84
119750,2394,-0.3095,50,0.6208,0.008433,,74.693,1.3958,0.1,46.67
119800,2395,-0.37184,50,0.6206,0.006604,,65.603,1.9111,0.18,48.56
119850,2396,-0.32014,50,0.6205,0.008426,,69.9,2.2201,0.18,36.08
119900,2397,-0.41356,50,0.6203,0.007081,,77.038,2.0438,0.2,41.95
119950,2398,-4.05162,50,0.6202,0.007821,,67.001,7.3248,0.46,462.87
120000,2399,-2.21712,50,0.62,0.007618,,73.386,5.7033,0.52,229.45
120050,2400,-1.99722,50,0.6198,0.008644,,62.691,5.3537,0.54,201.62
120100,2401,-4.53534,50,0.6197,0.007656,,76.17,8.3574,0.62,507.87
120150,2402,-2.46855,50,0.6195,0.006811,,60.8,6.4993,0.5,249.03
120200,2403,-0.30046,50,0.6194,0.00799,,66.489,1.9036,0.2,39.74
120250,2404,-0.90419,50,0.6192,0.00851,,68.563,3.0552,0.26,91.05
120300,2405,-1.453,50,0.619,0.008287,,70.91,3.819,0.3,155.03
120350,2406,-4.88968,50,0.6189,0.008605,,66.758,7.8809,0.48,589.63
120400,2407,-3.97414,50,0.6187,0.008205,,62.809,8.3602,0.6,426.81
120450,2408,-0.7951,50,0.6186,0.008274,,68.303,2.6168,0.22,92.97
120500,2409,-0.78969,50,0.6184,0.00799,,66.745,2.5783,0.26,87.08
120550,2410,-3.24892,50,0.6183,0.008777,,74.814,8.0223,0.54,324.1
120600,2411,-0.53459,50,0.6181,0.007994,,76.478,2.7678,0.34,44.1
120650,2412,-0.04767,50,0.6179,0.006897,,74.204,1.0746,0.1,8.43
120700,2413,-1.11768,50,0.6178,0.007962,,71.209,4.0802,0.36,107.85
120750,2414,-1.9825,50,0.6176,0.007438,,69.23,6.4114,0.52,170.34
120800,2415,-1.36028,50,0.6175,0.008465,,71.765,3.7978,0.4,150.11
120850,2416,-2.22524,50,0.6173,0.008379,,85.068,6.2643,0.44,206.41
120900,2417,-0.62713,50,0.6171,0.007666,,64.572,2.7934,0.28,58.46
120950,2418,-0.9358,50,0.617,0.008241,,71.919,4.0005,0.38,74.85
121000,2419,-0.91867,50,0.6168,0.007428,,69.7,3.3521,0.38,88.06
121050,2420,-2.81503,50,0.6167,0.00823,,63.855,7.2006,0.56,276.15
121100,2421,-1.45582,50,0.6165,0.007783,,76.744,4.0174,0.32,150.59
121150,2422,-6.92092,50,0.6164,0.008172,,71.911,13.1827,0.8,752.61
121200,2423,-1.18808,50,0.6162,0.00756,,72.405,3.3165,0.3,134.81
121250,2424,-3.38323,50,0.616,0.007763,,67.994,6.8065,0.58,376.64
121300,2425,-3.3647,50,0.6159,0.008168,,65.0,7.1147,0.56,366.73
121350,2426,-0.75701,50,0.6157,0.008207,,76.197,2.8181,0.22,84.91
121400,2427,-2.6745,50,0.6156,0.007353,,62.6,6.6995,0.48,270.5
121450,2428,-2.53524,50,0.6154,0.007388,,64.244,5.6727,0.56,274.92
121500,2429,-5.34912,50,0.6153,0.007419,,68.596,9.4578,0.52,613.61
121550,2430,-2.24319,50,0.6151,0.007477,,70.615,5.8138,0.46,229.29
121600,2431,-2.97355,50,0.6149,0.007466,,75.0,5.8361,0.48,335.63
121650,2432,-0.16352,50,0.6148,0.006514,,74.73,1.038,0.08,32.38
121700,2433,-1.02658,50,0.6146,0.007371,,73.404,3.2034,0.32,100.98
121750,2434,-1.65694,50,0.6145,0.00781,,66.463,4.6418,0.36,170.94
121800,2435,-1.41212,50,0.6143,0.007009,,66.795,3.7613,0.36,160.6
121850,2436,-5.85827,50,0.6141,0.007188,,76.436,11.4472,0.7,623.47
121900,2437,-4.3146,50,0.614,0.006546,,72.072,9.1369,0.6,456.32
121950,2438,-0.20063,50,0.6138,0.007595,,81.18,0.7354,0.1,42.81
122000,2439,-6.45951,50,0.6137,0.007269,,76.258,10.3392,0.56,755.63
122050,2440,-0.27159,50,0.6135,0.008129,,66.866,1.7014,0.28,36.36
122100,2441,-2.89442,50,0.6134,0.00766,,71.203,6.5196,0.46,310.53
122150,2442,-2.2635,50,0.6132,0.00714,,59.95,6.2925,0.54,218.91
122200,2443,-1.64135,50,0.613,0.008152,,66.03,5.1512,0.48,154.46
122250,2444,-0.374,50,0.6129,0.007825,,72.6,1.9928,0.22,35.3
122300,2445,-2.04305,50,0.6127,0.007749,,69.709,6.2283,0.48,189.71
122350,2446,-5.21775,50,0.6126,0.008472,,66.557,9.8928,0.64,574.97
122400,2447,-1.33821,50,0.6124,0.008877,,72.664,4.2482,0.4,131.43
122450,2448,-2.29209,50,0.6122,0.008316,,70.178,5.3432,0.38,241.55
122500,2449,-2.92515,50,0.6121,0.007803,,72.815,7.6039,0.58,280.27
122550,2450,-2.00694,50,0.6119,0.007978,,68.1,4.8718,0.5,215.92
122600,2451,-1.85682,50,0.6118,0.008704,,71.445,5.5919,0.44,179.2
122650,2452,-1.47337,50,0.6116,0.007127,,69.098,4.3617,0.36,144.13
122700,2453,-5.05234,50,0.6115,0.008004,,75.097,9.8284,0.58,554.59
122750,2454,-2.86697,50,0.6113,0.008361,,75.652,7.7513,0.66,265.07
122800,2455,-1.93621,50,0.6111,0.007739,,68.943,5.5583,0.48,186.4
122850,2456,-0.22694,50,0.611,0.008176,,82.582,1.7462,0.22,17.87
122900,2457,-1.30687,50,0.6108,0.007204,,76.25,4.4557,0.3,117.25
122950,2458,-2.6634,50,0.6107,0.007558,,67.605,6.8735,0.46,273.51
123000,2459,-0.25939,50,0.6105,0.008015,,64.99,1.2479,0.16,41.17
123050,2460,-2.7984,50,0.6103,0.008824,,67.721,6.9219,0.68,290.32
123100,2461,-3.47518,50,0.6102,0.008165,,58.751,6.351,0.54,403.01
123150,2462,-8.28223,50,0.61,0.00767,,67.103,14.6709,0.8,911.85
123200,2463,-0.55118,50,0.6099,0.00707,,69.219,2.319,0.22,59.39
123250,2464,-5.07007,50,0.6097,0.007356,,66.43,10.2712,0.68,540.14
123300,2465,-2.09456,50,0.6096,0.008224,,67.239,5.992,0.5,195.36
123350,2466,-3.20622,50,0.6094,0.008126,,70.293,7.359,0.56,336.68
123400,2467,-4.96203,50,0.6092,0.007014,,74.031,9.4734,0.56,545.32
123450,2468,-0.49605,50,0.6091,0.007773,,72.289,1.7476,0.14,61.85
123500,2469,-0.07783,50,0.6089,0.007252,,70.107,1.1403,0.14,14.66
123550,2470,-1.61413,50,0.6088,0.007473,,71.0,4.8337,0.38,163.74
123600,2471,-3.7157,50,0.6086,0.008474,,72.293,8.0087,0.5,390.18
123650,2472,-5.35213,50,0.6084,0.008144,,74.281,11.7169,0.72,542.32
123700,2473,-1.38656,50,0.6083,0.008025,,63.1,4.3307,0.42,138.33
123750,2474,-1.25558,50,0.6081,0.008662,,74.715,4.4876,0.4,103.4
123800,2475,-0.19237,50,0.608,0.008565,,76.517,1.5957,0.12,18.03
123850,2476,-0.71743,50,0.6078,0.008565,,74.782,2.8902,0.28,72.51
123900,2477,-1.30957,50,0.6077,0.008196,,73.789,3.9603,0.32,131.78
123950,2478,-3.60591,50,0.6075,0.008439,,63.786,6.5553,0.52,416.95
124000,2479,-2.6082,50,0.6073,0.008653,,70.33,6.8614,0.44,253.76
124050,2480,-4.45094,50,0.6072,0.008496,,67.218,9.4807,0.68,466.4
124100,2481,-4.91516,50,0.607,0.008382,,71.814,9.4865,0.68,540.42
124150,2482,-4.11457,50,0.6069,0.007879,,72.011,9.4217,0.64,417.72
124200,2483,-1.10045,50,0.6067,0.007058,,75.583,3.7177,0.24,102.12
124250,2484,-3.83343,50,0.6065,0.008669,,71.008,9.6564,0.68,367.77
124300,2485,-0.70647,50,0.6064,0.007375,,65.643,3.0267,0.34,68.86
124350,2486,-6.0166,50,0.6062,0.008221,,63.081,10.4529,0.7,687.44
124400,2487,-2.21741,50,0.6061,0.006946,,71.687,6.3957,0.52,202.04
124450,2488,-3.00661,50,0.6059,0.007167,,75.0,7.0584,0.56,310.31
124500,2489,-0.91625,50,0.6058,0.007408,,65.646,3.7306,0.32,83.65
124550,2490,-3.39526,50,0.6056,0.006312,,73.278,7.6637,0.52,357.9
124600,2491,-0.28126,50,0.6054,0.007019,,64.158,1.541,0.18,37.69
124650,2492,-2.11076,50,0.6053,0.007505,,54.687,4.4187,0.52,248.61
124700,2493,-0.30172,50,0.6051,0.007525,,71.302,2.0057,0.18,37.12
124750,2494,-1.85084,50,0.605,0.007824,,69.074,5.1104,0.52,181.57
124800,2495,-2.40064,50,0.6048,0.008099,,69.986,5.2613,0.44,272.75
124850,2496,-1.9579,50,0.6046,0.008215,,66.411,4.7267,0.36,214.12
124900,2497,-4.05309,50,0.6045,0.007348,,63.953,8.0694,0.66,445.63
124950,2498,-3.22139,50,0.6043,0.008332,,63.591,6.6596,0.5,348.54
125000,2499,-5.28453,50,0.6042,0.007628,,68.432,10.6607,0.66,564.29
125050,2500,-1.69235,50,0.604,0.007537,,80.835,4.4747,0.34,177.15
125100,2501,-0.78746,50,0.6038,0.00866,,65.455,2.5056,0.3,91.72
125150,2502,-0.23247,50,0.6037,0.008021,,69.049,1.6865,0.2,27.51
125200,2503,-4.27586,50,0.6035,0.007556,,69.471,7.5505,0.42,492.95
125250,2504,-2.57429,50,0.6034,0.008495,,78.714,6.5043,0.5,252.87
125300,2505,-2.52049,50,0.6032,0.00721,,68.614,6.7459,0.58,250.17
125350,2506,-0.8202,50,0.6031,0.0088,,68.952,3.1237,0.3,84.01
125400,2507,-4.84753,50,0.6029,0.007949,,73.078,11.2313,0.66,481.71
125450,2508,-7.13794,50,0.6027,0.008225,,76.216,13.9547,0.74,755.2
125500,2509,-2.30137,50,0.6026,0.007233,,73.234,5.7598,0.44,239.43
125550,2510,-1.11767,50,0.6024,0.008166,,63.2,3.8183,0.52,106.41
125600,2511,-3.63185,50,0.6023,0.007119,,70.696,7.9845,0.46,382.67
125650,2512,-4.87658,50,0.6021,0.007374,,63.0,8.6992,0.68,552.69
125700,2513,-4.19463,50,0.6019,0.008357,,68.158,9.2175,0.66,444.44
125750,2514,-2.98177,50,0.6018,0.008444,,68.758,7.534,0.6,298.57
125800,2515,-0.24114,50,0.6016,0.008118,,71.654,1.3638,0.12,32.86
125850,2516,-0.97932,50,0.6015,0.009505,,65.718,2.8447,0.3,115.5
125900,2517,-1.12343,50,0.6013,0.008031,,73.144,3.2594,0.28,113.4
125950,2518,-3.67013,50,0.6012,0.007554,,68.75,9.2834,0.7,356.45
126000,2519,0.102,50,0.601,0.008397,,79.078,0.4302,0.04,8.88
126050,2520,-1.00578,50,0.6008,0.008738,,77.563,3.1833,0.28,94.95
126100,2521,-4.91144,50,0.6007,0.008032,,67.609,9.513,0.62,534.94
126150,2522,-4.04717,50,0.6005,0.007811,,65.895,8.7455,0.6,423.78
126200,2523,-0.48182,50,0.6004,0.007876,,71.019,2.2353,0.24,49.33
126250,2524,-1.80122,50,0.6002,0.007747,,69.0,4.7748,0.4,188.61
126300,2525,-3.36784,50,0.6,0.008337,,60.065,8.0864,0.64,339.02
126350,2526,-0.53617,50,0.5999,0.008047,,68.057,2.4792,0.28,56.37
126400,2527,-2.36898,50,0.5997,0.00753,,65.0,6.0261,0.42,240.61
126450,2528,-3.15369,50,0.5996,0.008261,,69.946,6.5487,0.46,349.05
126500,2529,-5.66656,50,0.5994,0.008091,,73.201,11.0009,0.62,613.28
126550,2530,-0.22774,50,0.5993,0.008091,,73.87,1.5905,0.14,19.2
126600,2531,-3.08051,50,0.5991,0.008966,,74.063,5.3419,0.48,369.71
126650,2532,-3.30531,50,0.5989,0.008707,,66.0,8.6249,0.64,315.72
126700,2533,-4.47528,50,0.5988,0.008522,,71.815,9.0828,0.64,483.87
126750,2534,-4.30645,50,0.5986,0.007702,,74.313,9.2002,0.68,452.38
126800,2535,-3.93707,50,0.5985,0.008416,,63.212,8.8562,0.74,408.24
126850,2536,-0.89972,50,0.5983,0.008975,,75.82,3.6815,0.34,77.56
126900,2537,0.07146,50,0.5981,0.008973,,77.681,0.6668,0.06,6.86
126950,2538,-2.18069,50,0.598,0.007823,,65.93,4.7711,0.4,247.18
127000,2539,-3.22789,50,0.5978,0.008284,,79.0,7.263,0.48,338.59
127050,2540,-4.0838,50,0.5977,0.007814,,73.747,8.707,0.56,433.04
127100,2541,-0.44221,50,0.5975,0.007416,,76.465,2.4532,0.28,39.08
127150,2542,-2.81918,50,0.5974,0.00825,,64.645,7.4808,0.66,273.13
127200,2543,-4.83475,50,0.5972,0.009454,,72.152,9.6203,0.64,517.74
127250,2544,-2.15563,50,0.597,0.009552,,68.375,4.7198,0.38,248.58
127300,2545,-0.93869,50,0.5969,0.007985,,73.187,3.4619,0.22,80.87
127350,2546,-1.21159,50,0.5967,0.007853,,61.188,3.4005,0.38,134.93
127400,2547,-3.54101,50,0.5966,0.007021,,74.043,8.9764,0.62,333.38
127450,2548,-4.29776,50,0.5964,0.007644,,62.636,7.7932,0.64,488.49
127500,2549,-2.32912,50,0.5962,0.007727,,69.649,6.2724,0.44,230.2
127550,2550,-3.35074,50,0.5961,0.008248,,63.61,7.2963,0.62,362.55
127600,2551,-4.3074,50,0.5959,0.008921,,63.906,9.2189,0.62,451.95
127650,2552,-4.71513,50,0.5958,0.007319,,71.606,9.1124,0.6,511.27
127700,2553,-5.48964,50,0.5956,0.007358,,68.571,9.1426,0.56,637.47
127750,2554,-0.4061,50,0.5955,0.007921,,72.013,2.351,0.2,46.34
127800,2555,-2.39229,50,0.5953,0.00772,,73.86,5.504,0.38,261.15
127850,2556,-4.11911,50,0.5951,0.008155,,69.808,7.1585,0.6,484.67
127900,2557,-5.42362,50,0.595,0.007937,,75.154,11.297,0.66,565.09
127950,2558,-2.78092,50,0.5948,0.008008,,67.285,6.5064,0.6,285.35
128000,2559,-2.31472,50,0.5947,0.008463,,61.934,4.7712,0.44,266.45
128050,2560,-2.99916,50,0.5945,0.008728,,66.753,7.305,0.56,313.64
128100,2561,-0.26704,50,0.5944,0.007354,,78.718,1.4841,0.16,42.47
128150,2562,-2.50179,50,0.5942,0.007962,,72.551,6.8817,0.48,240.31
128200,2563,-1.897,50,0.594,0.00772,,73.491,5.5313,0.44,179.18
128250,2564,-4.33445,50,0.5939,0.007047,,73.469,8.4884,0.58,476.39
128300,2565,0.054,50,0.5937,0.007276,,67.094,0.9575,0.04,3.49
128350,2566,-0.13975,50,0.5936,0.007917,,80.309,1.8769,0.1,5.62
128400,2567,-3.17052,50,0.5934,0.007803,,71.168,7.969,0.54,311.38
128450,2568,-3.21898,50,0.5932,0.007743,,65.621,7.3456,0.56,345.38
128500,2569,-1.56378,50,0.5931,0.007317,,76.25,4.6301,0.44,151.49
128550,2570,-1.1021,50,0.5929,0.007101,,65.788,3.999,0.32,102.73
128600,2571,-0.71344,50,0.5928,0.007496,,69.389,3.5219,0.3,52.34
128650,2572,-1.3284,50,0.5926,0.008345,,63.975,3.8187,0.28,144.63
128700,2573,-2.20682,50,0.5925,0.00738,,70.584,5.0003,0.36,244.81
128750,2574,-0.64025,50,0.5923,0.008359,,68.901,2.7617,0.26,66.39
128800,2575,-0.78241,50,0.5921,0.007814,,65.573,2.6382,0.28,90.04
128850,2576,-2.48243,50,0.592,0.007368,,72.859,5.6899,0.38,272.31
128900,2577,-0.79675,50,0.5918,0.008344,,65.525,2.7964,0.22,85.34
128950,2578,-2.12191,50,0.5917,0.007409,,71.853,4.3247,0.34,245.58
129000,2579,-1.44776,50,0.5915,0.007286,,65.332,4.4189,0.4,138.7
129050,2580,-4.78394,50,0.5913,0.007992,,67.571,9.2343,0.62,521.95
129100,2581,-3.20154,50,0.5912,0.008243,,74.425,8.6589,0.6,291.37
129150,2582,-2.17852,50,0.591,0.008334,,64.61,5.3013,0.5,229.65
129200,2583,-5.52235,50,0.5909,0.00837,,74.639,11.797,0.68,571.29
129250,2584,-1.77733,50,0.5907,0.007662,,67.371,4.4587,0.38,190.69
129300,2585,-5.49469,50,0.5906,0.008387,,75.003,11.4328,0.6,580.71
129350,2586,-4.17366,50,0.5904,0.008536,,71.686,8.5016,0.66,449.89
129400,2587,-2.82391,50,0.5902,0.008756,,66.523,7.4769,0.58,274.68
129450,2588,-2.94044,50,0.5901,0.008587,,68.768,6.7514,0.52,308.06
129500,2589,-2.63843,50,0.5899,0.007859,,72.615,6.9352,0.54,256.07
129550,2590,-3.06758,50,0.5898,0.007935,,66.098,7.0388,0.42,320.68
129600,2591,-1.7679,50,0.5896,0.007318,,69.219,5.2551,0.4,171.31
129650,2592,-1.78386,50,0.5894,0.00884,,76.223,4.7588,0.4,188.63
129700,2593,-0.82032,50,0.5893,0.006834,,65.0,3.0088,0.3,87.78
129750,2594,-3.18901,50,0.5891,0.008403,,65.785,6.5537,0.54,362.09
129800,2595,-4.45255,50,0.589,0.008281,,72.819,9.2762,0.56,477.74
129850,2596,-0.44765,50,0.5888,0.007324,,72.532,2.0376,0.28,50.46
129900,2597,-0.01592,50,0.5887,0.00737,,73.325,0.9146,0.1,13.23
129950,2598,-0.61201,50,0.5885,0.008129,,75.602,2.3991,0.16,75.49
130000,2599,-0.31585,50,0.5883,0.007672,,64.687,1.8561,0.2,32.61
130050,2600,-0.13843,50,0.5882,0.007828,,69.416,1.8884,0.18,19.05
130100,2601,-1.50473,50,0.588,0.010534,,65.771,4.5135,0.38,148.02
130150,2602,-1.22396,50,0.5879,0.008839,,78.369,3.4513,0.34,127.2
130200,2603,-4.50758,50,0.5877,0.008088,,72.809,7.8829,0.54,523.54
130250,2604,-4.03421,50,0.5875,0.008617,,66.591,8.8083,0.58,425.02
130300,2605,-2.65096,50,0.5874,0.007788,,64.485,6.0614,0.54,285.64
130350,2606,-1.31146,50,0.5872,0.007075,,65.871,4.1039,0.48,131.22
130400,2607,-2.80676,50,0.5871,0.008278,,65.509,6.2512,0.5,303.14
130450,2608,-3.0455,50,0.5869,0.009707,,72.468,6.5574,0.52,319.92
130500,2609,-4.43165,50,0.5867,0.008373,,67.839,9.879,0.66,453.96
130550,2610,-2.50988,50,0.5866,0.008622,,66.258,5.9751,0.48,262.48
130600,2611,-2.61079,50,0.5864,0.009007,,69.497,6.4538,0.48,262.01
130650,2612,-0.72167,50,0.5863,0.008157,,66.996,2.8161,0.28,78.42
130700,2613,-1.411,50,0.5861,0.007447,,69.026,4.8154,0.46,137.11
130750,2614,-7.82871,50,0.586,0.007893,,72.5,14.3813,0.7,847.58
130800,2615,-3.63467,50,0.5858,0.008841,,73.0,6.778,0.56,418.94
130850,2616,-0.25685,50,0.5856,0.00796,,60.748,1.6242,0.22,29.0
130900,2617,-0.98753,50,0.5855,0.008899,,72.262,3.1179,0.32,102.12
130950,2618,-0.65063,50,0.5853,0.007542,,69.135,1.705,0.2,88.19
131000,2619,-2.18542,50,0.5852,0.007711,,69.535,6.1233,0.5,208.43
131050,2620,-1.68425,50,0.585,0.008929,,67.025,4.833,0.44,172.04
131100,2621,-0.3791,50,0.5849,0.008359,,66.637,1.555,0.16,54.86
131150,2622,-0.21384,50,0.5847,0.008082,,78.336,1.5443,0.14,26.18
131200,2623,-7.87245,50,0.5845,0.009304,,71.751,14.6546,0.74,854.57
131250,2624,-0.63424,50,0.5844,0.007901,,74.565,1.7694,0.22,82.25
131300,2625,-1.92167,50,0.5842,0.008844,,71.881,4.5645,0.32,206.82
131350,2626,-4.27954,50,0.5841,0.007424,,74.086,7.6031,0.46,492.27
131400,2627,-4.11012,50,0.5839,0.008191,,72.765,9.3075,0.62,417.14
131450,2628,-2.39735,50,0.5837,0.007654,,66.171,6.9652,0.54,222.92
131500,2629,-0.63587,50,0.5836,0.007743,,78.561,2.0905,0.2,68.74
131550,2630,-0.82466,50,0.5834,0.007818,,71.235,2.9906,0.26,85.73
131600,2631,-1.55551,50,0.5833,0.00831,,76.426,5.1121,0.4,145.26
131650,2632,-1.26304,50,0.5831,0.007856,,64.191,4.4571,0.42,115.51
131700,2633,-0.45587,50,0.583,0.007721,,65.715,2.2874,0.24,47.66
131750,2634,-4.3658,50,0.5828,0.007926,,69.392,9.8739,0.58,445.41
131800,2635,-0.29463,50,0.5826,0.007475,,67.241,1.4112,0.1,43.32
131850,2636,-2.79928,50,0.5825,0.007439,,69.448,7.1201,0.54,277.78
131900,2637,-5.16464,50,0.5823,0.008039,,67.153,9.0239,0.56,589.08
131950,2638,-2.96868,50,0.5822,0.008014,,68.041,6.6332,0.46,318.4
132000,2639,-1.83936,50,0.582,0.007704,,59.866,4.6902,0.46,194.65
132050,2640,-4.00649,50,0.5818,0.007671,,67.5,9.5478,0.56,400.29
132100,2641,-1.3592,50,0.5817,0.007944,,67.193,4.0685,0.42,130.61
132150,2642,-0.46224,50,0.5815,0.008768,,67.019,2.7427,0.26,28.79
132200,2643,-0.58353,50,0.5814,0.008062,,69.392,2.5754,0.3,69.63
132250,2644,-2.28428,50,0.5812,0.007718,,67.0,5.8292,0.58,230.48
132300,2645,-5.71284,50,0.5811,0.007524,,72.148,11.0,0.6,617.15
132350,2646,-1.76563,50,0.5809,0.007947,,75.445,5.6711,0.44,156.86
132400,2647,-0.51745,50,0.5807,0.007175,,73.356,2.8396,0.22,42.4
132450,2648,-2.39628,50,0.5806,0.008049,,71.79,5.9078,0.44,244.17
132500,2649,-0.68266,50,0.5804,0.007169,,75.455,2.7468,0.3,73.02
132550,2650,-2.69961,50,0.5803,0.008321,,64.983,7.5358,0.48,257.97
132600,2651,-3.43032,50,0.5801,0.00858,,76.813,7.952,0.54,347.01
132650,2652,-3.85328,50,0.5799,0.008494,,68.028,10.0299,0.66,371.39
132700,2653,-1.29688,50,0.5798,0.007168,,63.568,4.1691,0.36,131.4
132750,2654,-4.20354,50,0.5796,0.008975,,73.75,8.4052,0.6,462.39
132800,2655,-4.04264,50,0.5795,0.00752,,72.5,8.7693,0.58,425.4
132850,2656,-1.0827,50,0.5793,0.007692,,63.859,3.0991,0.34,127.33
132900,2657,-8.23161,50,0.5792,0.008454,,73.656,13.2603,0.68,943.52
132950,2658,-1.14021,50,0.579,0.008939,,68.0,3.8743,0.26,108.67
133000,2659,-2.93161,50,0.5788,0.008241,,68.191,7.4562,0.6,291.11
133050,2660,-1.35998,50,0.5787,0.006828,,68.618,4.3,0.4,131.34
133100,2661,-3.16651,50,0.5785,0.008154,,76.398,7.5917,0.52,316.39
133150,2662,-4.77113,50,0.5784,0.007572,,72.5,9.359,0.76,518.81
133200,2663,-0.30379,50,0.5782,0.008002,,72.34,1.46,0.2,42.21
133250,2664,-0.7722,50,0.578,0.008041,,65.744,3.4423,0.28,61.36
133300,2665,-1.44214,50,0.5779,0.007371,,65.207,3.9186,0.42,149.85
133350,2666,-0.28782,50,0.5777,0.007171,,76.658,1.2464,0.18,47.6
133400,2667,-0.43862,50,0.5776,0.007827,,69.87,2.4262,0.26,47.33
133450,2668,-4.94744,50,0.5774,0.007406,,66.609,8.5578,0.62,575.93
133500,2669,-3.00537,50,0.5773,0.008128,,65.225,6.7959,0.54,312.9
133550,2670,-3.72989,50,0.5771,0.007708,,75.104,8.2822,0.5,387.34
133600,2671,-1.60123,50,0.5769,0.008144,,61.008,4.5566,0.42,161.63
133650,2672,-3.38883,50,0.5768,0.00821,,72.5,5.4725,0.42,424.06
133700,2673,-1.10983,50,0.5766,0.008014,,71.07,4.202,0.36,96.38
133750,2674,-2.84828,50,0.5765,0.007531,,69.23,6.0939,0.46,316.68
133800,2675,-1.1636,50,0.5763,0.008605,,66.395,3.9037,0.38,120.55
133850,2676,-2.11606,50,0.5761,0.007846,,64.235,6.1652,0.56,192.89
133900,2677,-3.18417,50,0.576,0.007672,,79.487,7.8374,0.52,308.67
133950,2678,-3.92773,50,0.5758,0.008432,,76.567,8.5471,0.52,414.3
134000,2679,-3.67976,50,0.5757,0.007613,,67.5,8.0437,0.68,391.29
134050,2680,-2.38509,50,0.5755,0.009578,,64.009,5.3819,0.4,264.31
134100,2681,-1.27061,50,0.5754,0.009021,,73.301,4.4332,0.38,118.53
134150,2682,-2.0343,50,0.5752,0.008239,,67.318,4.6985,0.52,223.37
134200,2683,-2.67873,50,0.575,0.007784,,65.811,6.3449,0.58,281.6
134250,2684,-3.10886,50,0.5749,0.007601,,69.581,7.5312,0.58,319.06
134300,2685,-0.64561,50,0.5747,0.008611,,71.983,2.4122,0.24,77.19
134350,2686,-0.01327,50,0.5746,0.008677,,64.552,1.0371,0.08,7.0
134400,2687,-1.39871,50,0.5744,0.007858,,74.579,4.4698,0.46,132.56
134450,2688,-2.72152,50,0.5742,0.008635,,67.529,6.9043,0.54,270.18
134500,2689,-0.88848,50,0.5741,0.008895,,70.68,3.6162,0.36,77.65
134550,2690,-1.07418,50,0.5739,0.008427,,70.152,4.1159,0.38,94.76
134600,2691,-2.20464,50,0.5738,0.008082,,67.276,6.3527,0.42,199.56
134650,2692,-6.0731,50,0.5736,0.008306,,77.344,11.7069,0.72,648.67
134700,2693,-1.03072,50,0.5735,0.008645,,66.924,3.6463,0.36,98.82
134750,2694,-3.81517,50,0.5733,0.007866,,69.181,8.778,0.72,389.63
134800,2695,-2.65875,50,0.5731,0.008556,,61.882,5.8292,0.48,290.52
134850,2696,-4.44348,50,0.573,0.008591,,68.979,10.2358,0.6,445.02
134900,2697,-2.44847,50,0.5728,0.0083,,71.204,5.8533,0.52,254.19
134950,2698,-0.69271,50,0.5727,0.007854,,59.29,2.6514,0.28,77.51
135000,2699,-4.94457,50,0.5725,0.007603,,65.993,10.6959,0.68,514.48
135050,2700,-2.79447,50,0.5723,0.008225,,66.277,7.0645,0.52,281.34
135100,2701,-0.44951,50,0.5722,0.009216,,68.7,2.1866,0.28,49.08
135150,2702,-0.7356,50,0.572,0.00878,,72.705,2.9575,0.26,65.52
135200,2703,-7.79697,50,0.5719,0.007533,,78.423,13.3802,0.7,869.25
135250,2704,-3.91947,50,0.5717,0.008045,,80.0,9.0395,0.52,386.36
135300,2705,-1.06532,50,0.5716,0.00828,,77.909,3.6315,0.28,95.76
135350,2706,-3.04228,50,0.5714,0.007777,,62.112,7.1085,0.64,314.37
135400,2707,-0.34063,50,0.5712,0.007761,,66.334,1.5054,0.12,55.62
135450,2708,-5.47858,50,0.5711,0.008244,,71.397,10.2202,0.74,604.58
135500,2709,-1.92392,50,0.5709,0.00964,,72.16,4.0434,0.26,220.14
135550,2710,-3.75394,50,0.5708,0.008875,,69.255,8.6769,0.58,381.2
135600,2711,-2.7791,50,0.5706,0.008444,,72.552,5.8444,0.48,301.46
135650,2712,-0.5075,50,0.5704,0.009376,,70.099,2.6859,0.24,46.29
135700,2713,-1.66056,50,0.5703,0.007573,,69.145,4.8153,0.28,165.2
135750,2714,-1.33526,50,0.5701,0.008085,,62.162,4.3275,0.4,132.57
135800,2715,-4.6817,50,0.57,0.008347,,70.444,10.503,0.68,475.49
135850,2716,-4.94359,50,0.5698,0.010184,,70.735,10.7551,0.72,506.17
135900,2717,-0.32169,50,0.5696,0.008262,,83.809,1.7002,0.14,37.12
135950,2718,-2.531,50,0.5695,0.008263,,66.357,6.1277,0.46,262.78
136000,2719,-0.9517,50,0.5693,0.0073,,73.523,3.7432,0.32,86.51
136050,2720,-4.87232,50,0.5692,0.008986,,71.833,10.2038,0.54,508.56
136100,2721,-3.31954,50,0.569,0.008926,,68.575,7.3963,0.54,349.56
136150,2722,-1.62019,50,0.5689,0.00921,,61.541,4.6204,0.46,160.08
136200,2723,-3.81503,50,0.5687,0.008388,,67.33,8.2594,0.66,404.38
136250,2724,-2.44128,50,0.5685,0.008211,,76.715,5.5062,0.36,259.93
136300,2725,-4.28658,50,0.5684,0.008974,,76.376,9.7028,0.72,436.69
136350,2726,-6.47393,50,0.5682,0.008602,,68.199,12.4692,0.7,695.23
136400,2727,-1.92661,50,0.5681,0.009338,,66.143,5.2235,0.42,193.61
136450,2728,-1.05511,50,0.5679,0.009545,,64.119,3.6034,0.34,99.52
136500,2729,-0.30457,50,0.5677,0.00918,,74.239,1.7289,0.18,32.31
136550,2730,-4.09284,50,0.5676,0.008768,,77.5,9.8213,0.64,403.94
136600,2731,-0.77906,50,0.5674,0.008409,,67.785,2.8789,0.22,75.58
136650,2732,-3.95477,50,0.5673,0.00881,,70.744,8.5964,0.62,415.93
136700,2733,-1.87579,50,0.5671,0.008649,,65.787,5.6651,0.46,174.29
136750,2734,-0.92917,50,0.567,0.008689,,64.311,3.2639,0.36,90.87
136800,2735,-0.4411,50,0.5668,0.009216,,75.809,2.2924,0.28,31.56
136850,2736,-5.39498,50,0.5666,0.008282,,70.0,9.338,0.64,619.94
136900,2737,-1.35169,50,0.5665,0.007925,,74.603,3.5319,0.28,139.25
136950,2738,-1.39762,50,0.5663,0.008256,,61.706,3.5363,0.36,168.25
137000,2739,-0.27648,50,0.5662,0.008829,,75.272,1.5184,0.12,37.99
137050,2740,-0.92203,50,0.566,0.008237,,66.775,3.6289,0.28,81.6
137100,2741,-2.72251,50,0.5658,0.008673,,70.427,6.2167,0.48,293.06
137150,2742,-2.35491,50,0.5657,0.008546,,68.578,6.2232,0.5,231.79
137200,2743,-7.56383,50,0.5655,0.008485,,72.0,13.9314,0.72,823.01
137250,2744,-0.27017,50,0.5654,0.008046,,68.443,1.9299,0.16,24.75
137300,2745,-2.6901,50,0.5652,0.008298,,70.635,5.6656,0.5,296.56
137350,2746,-0.43919,50,0.5651,0.007088,,72.128,2.1101,0.28,52.41
137400,2747,-2.89465,50,0.5649,0.008333,,74.489,6.5593,0.44,301.88
137450,2748,-1.09819,50,0.5647,0.00815,,64.706,3.6497,0.36,115.24
137500,2749,-2.0937,50,0.5646,0.008148,,68.184,5.5516,0.52,212.56
137550,2750,-1.62173,50,0.5644,0.008289,,71.208,4.6049,0.32,163.17
137600,2751,-1.40284,50,0.5643,0.009238,,61.536,4.0658,0.42,151.95
137650,2752,-2.27637,50,0.5641,0.007496,,69.627,7.1402,0.56,195.9
137700,2753,-2.56014,50,0.5639,0.008075,,64.964,6.5288,0.52,247.24
137750,2754,-4.02427,50,0.5638,0.008659,,72.074,9.7495,0.62,400.89
137800,2755,-1.32766,50,0.5636,0.007945,,71.247,4.4012,0.36,121.11
137850,2756,-1.68241,50,0.5635,0.007557,,70.0,5.1699,0.38,154.98
137900,2757,-0.70669,50,0.5633,0.007686,,70.358,2.8929,0.2,69.87
137950,2758,-0.8986,50,0.5632,0.008211,,65.361,2.8046,0.24,101.63
138000,2759,-1.99118,50,0.563,0.009107,,68.068,5.7033,0.6,195.22
138050,2760,-2.40317,50,0.5628,0.009485,,71.485,5.2778,0.5,262.98
138100,2761,-0.70795,50,0.5627,0.008569,,75.437,2.5152,0.22,83.31
138150,2762,-3.72279,50,0.5625,0.00757,,70.133,8.8741,0.66,367.65
138200,2763,-0.72051,50,0.5624,0.009623,,77.526,3.0229,0.28,59.96
138250,2764,-0.54118,50,0.5622,0.008535,,76.499,2.5754,0.28,55.54
138300,2765,-2.75012,50,0.562,0.008193,,65.228,6.5846,0.46,283.08
138350,2766,-1.14648,50,0.5619,0.007953,,66.867,4.297,0.38,93.1
138400,2767,-0.41338,50,0.5617,0.008645,,71.897,2.4559,0.24,38.18
138450,2768,-0.95962,50,0.5616,0.008881,,71.866,3.0924,0.26,91.6
138500,2769,-1.51008,50,0.5614,0.009264,,71.783,4.6887,0.34,139.93
138550,2770,-1.7402,50,0.5613,0.008463,,75.562,4.4517,0.3,179.86
138600,2771,-4.08922,50,0.5611,0.008771,,72.168,8.9074,0.62,431.6
138650,2772,-5.47266,50,0.5609,0.008151,,82.997,11.4611,0.64,564.77
138700,2773,-0.5151,50,0.5608,0.00923,,59.372,2.0247,0.22,65.0
138750,2774,-2.0033,50,0.5606,0.009149,,74.382,5.7159,0.44,185.07
138800,2775,-2.26085,50,0.5605,0.009014,,71.007,5.2816,0.4,244.0
138850,2776,-4.70423,50,0.5603,0.008447,,71.491,10.3604,0.6,486.47
138900,2777,-0.44883,50,0.5601,0.009053,,69.374,2.3499,0.3,41.03
138950,2778,-5.36936,50,0.56,0.008031,,70.078,9.7747,0.66,599.59
139000,2779,-1.61104,50,0.5598,0.00814,,72.5,5.6508,0.36,135.37
139050,2780,-3.15583,50,0.5597,0.008401,,66.559,7.478,0.52,326.31
139100,2781,-6.00225,50,0.5595,0.008479,,70.634,11.8582,0.72,644.05
139150,2782,-4.04458,50,0.5594,0.008666,,73.75,8.1381,0.64,436.89
139200,2783,-0.903,50,0.5592,0.008385,,66.117,3.0526,0.26,99.11
139250,2784,-0.24815,50,0.559,0.008194,,69.432,2.0232,0.16,17.33
139300,2785,-0.56463,50,0.5589,0.008251,,73.431,2.8878,0.32,46.96
139350,2786,-1.86188,50,0.5587,0.008188,,61.635,4.7517,0.56,197.78
139400,2787,-1.23766,50,0.5586,0.008309,,62.4,4.0831,0.3,123.92
139450,2788,-0.67058,50,0.5584,0.008087,,65.698,3.0536,0.24,61.34
139500,2789,-1.04619,50,0.5583,0.008919,,74.062,3.7528,0.34,96.72
139550,2790,-2.01524,50,0.5581,0.008561,,69.665,4.7824,0.42,213.77
139600,2791,-1.14924,50,0.5579,0.007891,,68.708,3.9577,0.4,101.88
139650,2792,-2.46768,50,0.5578,0.008011,,63.23,5.8173,0.52,264.83
139700,2793,-3.34384,50,0.5576,0.008381,,65.376,8.4367,0.58,325.44
139750,2794,-2.9281,50,0.5575,0.007484,,66.968,6.5604,0.52,317.21
139800,2795,-1.56191,50,0.5573,0.008188,,75.564,3.7083,0.32,172.4
139850,2796,-2.21997,50,0.5571,0.007382,,70.553,5.3497,0.44,237.02
139900,2797,-0.76945,50,0.557,0.007493,,71.461,2.9288,0.28,78.19
139950,2798,-1.90731,50,0.5568,0.008186,,71.214,5.9757,0.52,168.73
140000,2799,-3.81604,50,0.5567,0.00838,,67.269,7.7622,0.52,421.82
140050,2800,-1.96123,50,0.5565,0.008534,,65.561,5.305,0.42,203.76
140100,2801,-1.48934,50,0.5564,0.00818,,74.329,4.6462,0.34,145.37
140150,2802,-3.57635,50,0.5562,0.00873,,67.508,8.3458,0.58,365.17
140200,2803,-0.79378,50,0.556,0.007399,,71.546,3.0167,0.24,82.98
140250,2804,-3.02433,50,0.5559,0.008049,,67.571,7.3066,0.62,306.36
140300,2805,-1.56128,50,0.5557,0.011488,,66.797,5.1068,0.5,143.45
140350,2806,-4.14828,50,0.5556,0.0073,,66.98,8.6246,0.64,444.96
140400,2807,-7.33987,50,0.5554,0.008052,,76.257,13.8252,0.8,795.31
140450,2808,-0.94423,50,0.5552,0.0089,,67.821,2.968,0.3,110.16
140500,2809,-4.18195,50,0.5551,0.006852,,66.088,9.1867,0.7,433.26
140550,2810,-2.59153,50,0.5549,0.007448,,67.006,6.9502,0.48,250.01
140600,2811,-2.20044,50,0.5548,0.00766,,64.936,5.3313,0.48,233.79
140650,2812,-2.75757,50,0.5546,0.008728,,70.209,6.7636,0.42,291.16
140700,2813,-2.46756,50,0.5545,0.008325,,68.883,6.2785,0.44,256.7
140750,2814,-3.19367,50,0.5543,0.007911,,69.33,6.2052,0.48,367.33
140800,2815,-4.20117,50,0.5541,0.009536,,67.79,9.4626,0.66,434.03
140850,2816,-2.70703,50,0.554,0.008783,,68.719,7.4221,0.58,256.1
140900,2817,-2.11449,50,0.5538,0.008463,,57.468,4.666,0.46,246.09
140950,2818,-0.76771,50,0.5537,0.008415,,66.25,2.9355,0.42,74.22
141000,2819,-3.57546,50,0.5535,0.008479,,66.225,6.9951,0.48,405.27
141050,2820,-1.64702,50,0.5533,0.008379,,78.888,5.0935,0.44,145.83
141100,2821,-2.64766,50,0.5532,0.007377,,71.614,7.5392,0.58,240.93
141150,2822,-1.51073,50,0.553,0.008246,,60.8,4.0277,0.4,167.91
141200,2823,-2.37211,50,0.5529,0.009062,,71.81,5.619,0.44,256.54
141250,2824,-1.68127,50,0.5527,0.0077,,71.435,4.9291,0.46,164.24
141300,2825,0.04762,50,0.5526,0.007413,,77.859,0.5483,0.06,4.15
141350,2826,-2.04573,50,0.5524,0.008061,,65.458,5.7245,0.44,201.73
141400,2827,-1.91032,50,0.5522,0.007458,,65.484,5.6977,0.46,179.51
141450,2828,-0.54693,50,0.5521,0.008142,,70.527,2.2656,0.26,66.36
141500,2829,-1.05578,50,0.5519,0.009191,,66.134,3.7013,0.38,109.17
141550,2830,-4.00562,50,0.5518,0.00823,,78.993,8.6882,0.56,414.76
141600,2831,-3.04648,50,0.5516,0.00727,,67.996,6.413,0.48,332.16
141650,2832,-5.57151,50,0.5514,0.008427,,69.108,10.8887,0.72,603.83
141700,2833,-3.17614,50,0.5513,0.008347,,72.852,7.318,0.48,336.93
141750,2834,-3.58271,50,0.5511,0.007813,,70.207,8.2038,0.56,371.46
141800,2835,-0.45532,50,0.551,0.007868,,74.566,1.9973,0.16,60.19
141850,2836,-1.66808,50,0.5508,0.008876,,64.925,4.9476,0.44,158.26
141900,2837,-0.4391,50,0.5507,0.007728,,65.102,2.5846,0.28,32.48
141950,2838,-0.39652,50,0.5505,0.007728,,66.1,3.0941,0.22,26.62
142000,2839,-0.43104,50,0.5503,0.007863,,66.278,1.8451,0.24,60.67
142050,2840,-3.21838,50,0.5502,0.008235,,65.799,6.7861,0.48,354.9
142100,2841,-4.86471,50,0.55,0.008469,,75.235,9.0306,0.64,542.65
142150,2842,-1.48484,50,0.5499,0.008662,,70.0,4.3465,0.32,146.51
142200,2843,-0.77317,50,0.5497,0.008034,,75.539,2.4843,0.24,88.54
142250,2844,-2.19465,50,0.5495,0.007605,,74.86,5.0098,0.36,236.24
142300,2845,-3.35604,50,0.5494,0.009106,,69.569,7.722,0.64,345.59
142350,2846,-2.66161,50,0.5492,0.008764,,70.769,6.6853,0.5,269.61
142400,2847,-3.88615,50,0.5491,0.009,,71.422,8.9081,0.62,404.84
142450,2848,-2.27621,50,0.5489,0.00881,,80.628,5.8409,0.42,223.71
142500,2849,-1.77311,50,0.5488,0.010483,,82.035,5.3964,0.42,158.54
142550,2850,-0.19304,50,0.5486,0.008645,,73.558,1.8915,0.08,14.06
142600,2851,-1.36853,50,0.5484,0.008489,,70.566,4.1367,0.4,135.51
142650,2852,-2.32705,50,0.5483,0.008604,,67.809,6.298,0.44,233.13
142700,2853,-2.39305,50,0.5481,0.008172,,72.105,5.7757,0.5,248.91
142750,2854,-4.33673,50,0.548,0.008739,,68.133,8.381,0.54,480.94
142800,2855,-3.65249,50,0.5478,0.007858,,77.114,8.3711,0.58,374.94
142850,2856,-2.65672,50,0.5476,0.008342,,72.649,7.5383,0.52,250.58
142900,2857,-2.12057,50,0.5475,0.007956,,74.932,5.4182,0.44,218.72
142950,2858,-3.65545,50,0.5473,0.007997,,70.61,8.2881,0.48,375.77
143000,2859,-4.52704,50,0.5472,0.009297,,70.309,10.1027,0.66,458.96
143050,2860,-0.58543,50,0.547,0.007639,,65.22,2.2507,0.24,65.63
143100,2861,-0.22565,50,0.5469,0.007023,,66.462,1.6233,0.18,24.44
143150,2862,-1.4679,50,0.5467,0.007655,,71.683,3.6908,0.32,160.25
143200,2863,-1.74722,50,0.5465,0.007548,,73.0,4.7914,0.38,181.16
143250,2864,-1.62895,50,0.5464,0.008715,,65.708,5.0953,0.42,163.19
143300,2865,-3.69227,50,0.5462,0.00841,,63.328,8.3184,0.64,380.94
143350,2866,-3.10354,50,0.5461,0.007911,,74.033,7.6832,0.5,306.22
143400,2867,-3.04069,50,0.5459,0.0091,,69.664,6.9302,0.54,317.99
143450,2868,-3.49044,50,0.5457,0.008392,,72.793,8.3573,0.6,348.15
143500,2869,-4.13662,50,0.5456,0.00816,,72.569,9.8134,0.62,411.04
143550,2870,-3.7379,50,0.5454,0.007993,,78.124,8.63,0.58,383.15
143600,2871,-3.25468,50,0.5453,0.008573,,71.76,7.3161,0.46,348.2
143650,2872,-0.44226,50,0.5451,0.008602,,73.913,1.7237,0.16,53.0
143700,2873,-0.80638,50,0.545,0.007229,,71.37,2.0358,0.22,102.56
143750,2874,-2.58298,50,0.5448,0.008452,,69.676,6.4483,0.52,266.68
143800,2875,-0.51123,50,0.5446,0.008305,,71.013,2.5614,0.22,46.11
143850,2876,-2.73365,50,0.5445,0.008714,,67.5,6.5398,0.5,283.06
143900,2877,-0.93599,50,0.5443,0.009025,,65.064,3.2925,0.28,100.22
143950,2878,-3.3706,50,0.5442,0.009194,,68.92,7.9912,0.48,345.79
144000,2879,-4.33642,50,0.544,0.008355,,65.734,9.8206,0.66,444.4
144050,2880,-1.50458,50,0.5438,0.007487,,67.655,4.405,0.44,149.26
144100,2881,-2.4829,50,0.5437,0.0088,,63.437,7.1007,0.54,229.41
144150,2882,-2.27131,50,0.5435,0.008892,,77.168,6.2203,0.4,225.61
144200,2883,-5.70832,50,0.5434,0.008509,,73.0,10.8054,0.7,630.56
144250,2884,-1.76637,50,0.5432,0.008182,,61.25,5.4619,0.54,165.22
144300,2885,-0.23205,50,0.5431,0.008511,,69.459,1.862,0.16,24.69
144350,2886,-3.45754,50,0.5429,0.007899,,66.324,8.012,0.6,354.14
144400,2887,-2.34023,50,0.5427,0.00886,,70.497,6.414,0.52,218.73
144450,2888,-1.8675,50,0.5426,0.009705,,66.788,5.0129,0.42,190.14
144500,2889,-4.88103,50,0.5424,0.008753,,71.699,9.2273,0.66,544.59
144550,2890,-1.29465,50,0.5423,0.00828,,63.177,2.8799,0.28,158.87
144600,2891,-4.69374,50,0.5421,0.00898,,59.154,8.7955,0.62,526.06
144650,2892,-4.33197,50,0.5419,0.00892,,72.441,9.7999,0.58,440.45
144700,2893,-0.50351,50,0.5418,0.00803,,58.757,2.2977,0.26,48.84
144750,2894,-2.73285,50,0.5416,0.008841,,70.478,6.4015,0.52,279.13
144800,2895,-5.50936,50,0.5415,0.009001,,75.254,11.7468,0.64,569.42
144850,2896,-3.19002,50,0.5413,0.00862,,71.156,8.0886,0.58,307.02
144900,2897,-3.49196,50,0.5412,0.008758,,72.474,7.5809,0.54,369.47
144950,2898,-0.57468,50,0.541,0.009206,,65.985,2.5691,0.3,64.57
145000,2899,-0.04438,50,0.5408,0.009082,,76.014,1.1765,0.1,13.19
145050,2900,-0.96943,50,0.5407,0.009008,,69.989,3.9073,0.36,86.8
145100,2901,-1.54303,50,0.5405,0.008535,,63.825,3.9654,0.4,174.94
145150,2902,-1.9582,50,0.5404,0.008238,,67.886,5.5354,0.48,187.27
145200,2903,-4.36587,50,0.5402,0.007835,,68.508,9.427,0.62,460.62
145250,2904,0.08298,50,0.54,0.008015,,66.362,0.9013,0.1,8.25
145300,2905,-4.19753,50,0.5399,0.007555,,63.152,8.6024,0.68,451.13
145350,2906,-1.2167,50,0.5397,0.008211,,61.145,2.7544,0.28,147.4
145400,2907,0.09709,50,0.5396,0.007532,,72.755,0.529,0.08,3.02
145450,2908,-4.41048,50,0.5394,0.007552,,71.0,9.2639,0.66,468.9
145500,2909,-3.02288,50,0.5393,0.008002,,66.123,7.0941,0.56,313.05
145550,2910,-1.89657,50,0.5391,0.008985,,69.945,6.06,0.56,166.11
145600,2911,-3.14566,50,0.5389,0.008216,,71.246,7.5139,0.4,324.64
145650,2912,-0.90535,50,0.5388,0.008505,,80.125,3.5055,0.36,77.26
145700,2913,-0.16781,50,0.5386,0.009163,,65.858,1.6135,0.22,25.03
145750,2914,-2.11122,50,0.5385,0.008505,,64.232,5.4941,0.46,212.56
145800,2915,-3.01133,50,0.5383,0.007348,,67.82,6.2325,0.46,340.01
145850,2916,-4.09337,50,0.5381,0.008597,,75.517,8.5332,0.58,443.47
145900,2917,-2.80424,50,0.538,0.008197,,67.252,5.4016,0.48,332.88
145950,2918,-3.22978,50,0.5378,0.00793,,69.531,7.4144,0.46,336.44
146000,2919,-1.29434,50,0.5377,0.007737,,66.162,3.5979,0.3,135.8
146050,2920,-4.72601,50,0.5375,0.008041,,68.75,9.5258,0.62,510.74
146100,2921,-5.43447,50,0.5373,0.009115,,71.41,11.5501,0.7,563.39
146150,2922,-2.29194,50,0.5372,0.008542,,66.481,6.0704,0.56,231.73
146200,2923,-5.03742,50,0.537,0.007488,,75.943,9.4775,0.62,552.52
146250,2924,-3.92084,50,0.5369,0.007679,,75.74,9.3962,0.6,385.82
146300,2925,-3.63601,50,0.5367,0.007788,,66.25,8.5525,0.64,375.64
146350,2926,-1.47317,50,0.5366,0.007129,,66.89,5.0198,0.38,129.65
146400,2927,-0.72068,50,0.5364,0.008163,,66.985,2.7837,0.26,76.27
146450,2928,-1.97305,50,0.5362,0.007973,,67.491,4.571,0.44,221.11
146500,2929,-4.16602,50,0.5361,0.00881,,79.657,8.083,0.52,455.44
146550,2930,-2.08549,50,0.5359,0.008751,,66.121,5.622,0.48,205.13
146600,2931,-1.71861,50,0.5358,0.008753,,72.954,4.6423,0.34,184.24
146650,2932,-2.28851,50,0.5356,0.008994,,70.127,6.0416,0.48,226.14
146700,2933,-0.15505,50,0.5354,0.008446,,68.265,1.1467,0.12,23.75
146750,2934,-0.84582,50,0.5353,0.008872,,67.064,3.2392,0.3,74.55
146800,2935,-4.85428,50,0.5351,0.008628,,71.303,11.2305,0.66,483.58
146850,2936,-4.00626,50,0.535,0.00872,,70.753,7.5855,0.52,461.41
146900,2937,-1.62155,50,0.5348,0.008246,,72.347,4.1652,0.32,174.64
146950,2938,-1.14925,50,0.5347,0.007808,,69.53,4.385,0.4,103.18
147000,2939,-2.90505,50,0.5345,0.00781,,67.183,7.3453,0.62,291.03
147050,2940,-4.0045,50,0.5343,0.007687,,66.463,8.7989,0.52,425.72
147100,2941,-1.15019,50,0.5342,0.007862,,69.304,3.0844,0.36,135.23
147150,2942,-3.38066,50,0.534,0.007764,,66.545,6.3384,0.54,389.56
147200,2943,-3.89294,50,0.5339,0.008026,,67.807,7.3645,0.64,440.24
147250,2944,-3.9135,50,0.5337,0.007716,,67.554,9.3353,0.68,387.93
147300,2945,-1.86259,50,0.5335,0.008362,,69.663,5.5825,0.44,176.69
147350,2946,-0.49615,50,0.5334,0.008922,,76.21,1.9739,0.16,52.96
147400,2947,-2.97838,50,0.5332,0.008225,,77.727,5.5039,0.4,347.34
147450,2948,-4.4876,50,0.5331,0.007929,,70.479,11.0192,0.76,435.37
147500,2949,-1.39363,50,0.5329,0.008496,,64.622,5.0345,0.46,121.13
147550,2950,-1.40315,50,0.5328,0.007976,,68.267,4.4212,0.42,138.17
147600,2951,-4.03639,50,0.5326,0.009011,,76.2,8.1921,0.56,433.6
147650,2952,-0.46852,50,0.5324,0.007981,,65.575,2.2265,0.26,47.28
147700,2953,-1.27751,50,0.5323,0.007244,,58.75,4.2196,0.4,126.46
147750,2954,-2.09826,50,0.5321,0.008057,,69.495,5.3067,0.48,225.64
147800,2955,-3.06671,50,0.532,0.008375,,71.844,7.2047,0.5,320.84
147850,2956,-1.31924,50,0.5318,0.008326,,69.6,4.0745,0.26,128.95
147900,2957,-2.91008,50,0.5316,0.007997,,61.0,6.5204,0.6,313.92
147950,2958,-0.69852,50,0.5315,0.007537,,80.559,2.4256,0.32,72.48
148000,2959,-3.9406,50,0.5313,0.00786,,72.84,9.473,0.54,392.85
148050,2960,-2.32596,50,0.5312,0.007862,,70.973,6.098,0.48,229.9
148100,2961,-4.88026,50,0.531,0.00777,,66.608,10.6863,0.74,502.21
148150,2962,0.06179,50,0.5309,0.009691,,70.872,0.6724,0.08,5.39
148200,2963,-3.92563,50,0.5307,0.008889,,65.12,9.2552,0.64,390.9
148250,2964,-2.08354,50,0.5305,0.009213,,71.594,4.5953,0.44,236.72
148300,2965,-3.40688,50,0.5304,0.007615,,67.726,8.1488,0.64,336.16
148350,2966,-1.74842,50,0.5302,0.008502,,73.804,4.9884,0.46,172.23
148400,2967,-3.0222,50,0.5301,0.009575,,62.075,6.0535,0.56,344.18
148450,2968,-1.30752,50,0.5299,0.009675,,66.201,3.9474,0.38,128.35
148500,2969,-3.97189,50,0.5297,0.007733,,72.162,9.3558,0.64,401.84
148550,2970,-4.11976,50,0.5296,0.008189,,70.325,9.3286,0.64,416.74
148600,2971,-4.88616,50,0.5294,0.008356,,74.163,9.8435,0.62,524.55
148650,2972,-3.70107,50,0.5293,0.008522,,69.23,9.5413,0.62,349.88
148700,2973,-4.90396,50,0.5291,0.009387,,65.331,10.0048,0.7,518.47
148750,2974,-0.5672,50,0.529,0.00851,,73.681,2.5743,0.32,63.97
148800,2975,-2.11364,50,0.5288,0.008088,,70.256,5.0307,0.48,225.55
148850,2976,-4.4595,50,0.5286,0.007407,,67.376,8.9949,0.66,482.22
148900,2977,-3.55569,50,0.5285,0.00864,,66.606,7.9646,0.48,369.39
148950,2978,-2.10401,50,0.5283,0.009166,,67.326,5.5283,0.54,216.72
149000,2979,-1.68392,50,0.5282,0.008689,,62.929,5.4459,0.54,155.78
149050,2980,-0.2806,50,0.528,0.00824,,68.635,1.7447,0.18,33.09
149100,2981,-2.42782,50,0.5279,0.008499,,71.141,6.5061,0.44,229.39
149150,2982,-0.7073,50,0.5277,0.009876,,68.253,2.476,0.28,81.69
149200,2983,-2.27828,50,0.5275,0.008804,,64.939,5.5351,0.42,244.74
149250,2984,-3.57338,50,0.5274,0.008499,,71.047,7.9255,0.52,376.18
149300,2985,-0.08444,50,0.5272,0.008615,,74.698,1.0992,0.12,15.82
149350,2986,-1.79207,50,0.5271,0.009443,,64.952,4.2899,0.4,196.36
149400,2987,-1.11685,50,0.5269,0.009793,,72.172,3.4669,0.3,118.01
149450,2988,-3.51575,50,0.5267,0.007778,,68.819,7.878,0.62,371.06
149500,2989,-4.94923,50,0.5266,0.008638,,76.25,10.5101,0.58,518.59
149550,2990,-0.89424,50,0.5264,0.009569,,77.178,3.3827,0.32,80.54
149600,2991,-1.43517,50,0.5263,0.00742,,67.894,3.6815,0.38,163.91
149650,2992,-3.29224,50,0.5261,0.008349,,68.0,8.44,0.54,313.76
149700,2993,-0.2358,50,0.526,0.009153,,56.919,1.5897,0.22,27.16
149750,2994,-2.34501,50,0.5258,0.008901,,65.503,5.9164,0.48,246.09
149800,2995,-5.07286,50,0.5256,0.008651,,73.773,11.1659,0.66,515.5
149850,2996,-0.36645,50,0.5255,0.008516,,74.487,2.2753,0.16,24.11
149900,2997,-3.82357,50,0.5253,0.007672,,69.907,8.0057,0.56,410.33
149950,2998,-4.02928,50,0.5252,0.00878,,66.943,8.7126,0.62,425.29
150000,2999,-2.75785,50,0.525,0.008536,,68.615,6.7051,0.6,281.17
150050,3000,-3.64905,50,0.5248,0.008808,,67.797,8.2734,0.5,385.33
150100,3001,-2.11923,50,0.5247,0.008389,,84.458,4.9647,0.34,229.77
150150,3002,-1.41053,50,0.5245,0.007848,,72.283,4.1198,0.36,140.54
150200,3003,-1.46477,50,0.5244,0.007735,,72.146,5.0511,0.42,128.58
150250,3004,-2.23763,50,0.5242,0.009792,,68.316,5.7953,0.46,231.25
150300,3005,-3.18821,50,0.5241,0.009695,,71.911,5.9263,0.46,361.78
150350,3006,-2.63365,50,0.5239,0.0086,,71.51,6.4882,0.54,268.76
150400,3007,-3.6728,50,0.5237,0.009363,,76.123,7.7461,0.62,387.51
150450,3008,-0.65135,50,0.5236,0.008138,,65.19,2.9787,0.32,58.64
150500,3009,-2.8382,50,0.5234,0.009018,,79.194,7.8465,0.6,266.01
150550,3010,-2.42751,50,0.5233,0.009238,,79.003,6.636,0.5,227.97
150600,3011,-3.88918,50,0.5231,0.009438,,70.706,8.9866,0.64,396.15
150650,3012,-3.54591,50,0.5229,0.009129,,70.583,7.776,0.48,377.23
150700,3013,-2.65719,50,0.5228,0.009243,,59.861,6.1553,0.58,283.54
150750,3014,-5.207,50,0.5226,0.008897,,65.226,9.0855,0.58,602.85
150800,3015,-3.31979,50,0.5225,0.0094,,64.278,6.9102,0.54,367.5
150850,3016,-4.49127,50,0.5223,0.008835,,71.741,8.037,0.54,521.28
150900,3017,-2.89423,50,0.5222,0.008766,,67.678,5.8286,0.52,330.19
150950,3018,-2.32443,50,0.522,0.008368,,68.0,6.0528,0.54,237.13
151000,3019,-2.21685,50,0.5218,0.009161,,70.0,5.5187,0.52,232.11
151050,3020,-2.18103,50,0.5217,0.00806,,66.308,5.5552,0.5,225.74
151100,3021,-2.88842,50,0.5215,0.008209,,63.376,6.3262,0.48,316.79
151150,3022,-2.11385,50,0.5214,0.009162,,69.059,5.4858,0.46,217.8
151200,3023,-2.86749,50,0.5212,0.008646,,72.929,6.3342,0.54,304.57
151250,3024,-3.63957,50,0.521,0.009174,,79.432,8.7043,0.48,360.38
151300,3025,-0.36684,50,0.5209,0.008059,,59.473,1.6289,0.18,52.61
151350,3026,-1.95782,50,0.5207,0.007418,,67.023,5.6743,0.5,184.31
151400,3027,-4.42212,50,0.5206,0.008028,,77.006,8.8403,0.5,481.22
151450,3028,-2.83732,50,0.5204,0.007859,,63.213,7.1437,0.66,294.32
151500,3029,-1.99454,50,0.5203,0.008557,,70.201,5.9155,0.44,179.08
151550,3030,-5.3078,50,0.5201,0.00776,,79.907,11.0843,0.62,550.18
151600,3031,-3.86745,50,0.5199,0.008294,,68.096,6.995,0.44,438.86
151650,3032,-2.82803,50,0.5198,0.00823,,72.76,7.5012,0.64,269.91
151700,3033,-1.62306,50,0.5196,0.008443,,64.2,4.9024,0.38,156.25
151750,3034,-0.30511,50,0.5195,0.008117,,70.418,1.9356,0.26,30.68
151800,3035,-1.65767,50,0.5193,0.00791,,66.176,4.6276,0.46,168.69
151850,3036,-3.30804,50,0.5191,0.008667,,75.241,8.4081,0.58,328.78
151900,3037,-7.95402,50,0.519,0.00827,,75.041,12.4045,0.6,923.83
151950,3038,-2.28136,50,0.5188,0.008636,,66.848,5.0028,0.4,254.67
152000,3039,-2.3739,50,0.5187,0.007641,,79.267,5.2566,0.38,253.13
152050,3040,-3.7017,50,0.5185,0.008622,,73.315,9.2548,0.62,354.9
152100,3041,-3.18439,50,0.5184,0.00754,,73.501,7.2948,0.5,333.34
152150,3042,-1.15142,50,0.5182,0.008571,,73.354,3.5253,0.38,120.76
152200,3043,-0.21171,50,0.518,0.008773,,65.506,1.821,0.16,25.24
152250,3044,-2.09093,50,0.5179,0.007223,,64.817,5.3032,0.4,219.23
152300,3045,-4.79069,50,0.5177,0.008083,,76.873,9.3911,0.64,525.05
152350,3046,-0.41633,50,0.5176,0.007753,,68.085,2.3744,0.22,32.87
152400,3047,-3.86767,50,0.5174,0.008221,,68.762,9.2417,0.56,385.92
152450,3048,-4.03357,50,0.5172,0.008291,,67.112,7.9061,0.5,441.03
152500,3049,-2.86622,50,0.5171,0.008281,,68.8,7.0323,0.56,287.98
152550,3050,-2.72937,50,0.5169,0.008216,,72.465,6.932,0.48,272.41
152600,3051,-3.2067,50,0.5168,0.009275,,65.441,7.1056,0.52,343.37
152650,3052,-3.55734,50,0.5166,0.008418,,68.741,8.0964,0.58,375.62
152700,3053,-3.65722,50,0.5165,0.007947,,67.501,8.5852,0.66,369.8
152750,3054,0.06648,50,0.5163,0.008746,,69.856,0.5458,0.04,1.19
152800,3055,-0.27251,50,0.5161,0.008374,,69.483,2.081,0.18,26.68
152850,3056,-4.60606,50,0.516,0.008321,,68.628,8.9896,0.62,509.7
152900,3057,-0.37443,50,0.5158,0.007498,,69.652,1.8658,0.22,48.51
152950,3058,-1.18742,50,0.5157,0.007545,,65.671,4.0001,0.36,121.18
153000,3059,-5.20701,50,0.5155,0.007952,,77.816,10.5197,0.6,549.55
153050,3060,-3.48125,50,0.5153,0.008238,,73.54,7.0052,0.56,383.48
153100,3061,0.07278,50,0.5152,0.008886,,84.64,0.6176,0.04,2.92
153150,3062,-1.09352,50,0.515,0.008071,,63.913,3.7183,0.42,112.11
153200,3063,-1.6517,50,0.5149,0.008421,,75.052,5.1815,0.4,146.95
153250,3064,-5.39463,50,0.5147,0.008076,,68.237,10.0555,0.64,600.99
153300,3065,-3.73345,50,0.5146,0.00817,,74.25,7.6701,0.4,396.11
153350,3066,-1.89354,50,0.5144,0.008984,,71.336,4.4582,0.44,208.45
153400,3067,-3.71403,50,0.5142,0.009322,,70.116,9.3431,0.6,362.87
153450,3068,-1.0729,50,0.5141,0.008619,,71.04,3.6581,0.38,105.45
153500,3069,-1.75218,50,0.5139,0.009435,,66.356,5.0032,0.4,173.44
153550,3070,-3.52146,50,0.5138,0.008567,,63.961,7.9252,0.64,370.14
153600,3071,-1.60294,50,0.5136,0.007849,,59.543,4.359,0.56,162.51
153650,3072,-3.07742,50,0.5134,0.00756,,65.842,6.4826,0.52,337.65
153700,3073,-1.22453,50,0.5133,0.007748,,58.868,3.6965,0.38,142.1
153750,3074,-0.64374,50,0.5131,0.009469,,71.308,1.9058,0.22,84.18
153800,3075,-1.24593,50,0.513,0.007318,,65.709,3.778,0.42,130.2
153850,3076,-1.34094,50,0.5128,0.008304,,72.942,4.5613,0.34,121.99
153900,3077,-2.7996,50,0.5127,0.008677,,60.199,6.7242,0.6,288.74
153950,3078,-0.52098,50,0.5125,0.008265,,64.381,2.3383,0.3,52.8
154000,3079,-2.04436,50,0.5123,0.008183,,70.1,5.767,0.44,196.19
154050,3080,-1.64881,50,0.5122,0.007801,,65.814,3.9617,0.4,185.63
154100,3081,-0.9633,50,0.512,0.00698,,69.309,3.1575,0.36,101.92
154150,3082,-2.25201,50,0.5119,0.006907,,68.0,6.3539,0.54,215.79
154200,3083,-1.74154,50,0.5117,0.008269,,71.782,5.208,0.44,164.1
154250,3084,-2.84969,50,0.5115,0.008643,,65.621,7.1169,0.5,288.29
154300,3085,-1.82151,50,0.5114,0.007791,,67.456,5.0561,0.42,177.84
154350,3086,-4.11884,50,0.5112,0.007483,,77.372,10.4286,0.74,390.05
154400,3087,-3.01375,50,0.5111,0.008612,,70.84,7.1772,0.56,311.24
154450,3088,-3.71036,50,0.5109,0.007989,,67.017,8.4641,0.62,381.8
154500,3089,-1.10383,50,0.5108,0.008437,,72.015,3.8632,0.32,102.87
154550,3090,-0.03417,50,0.5106,0.008075,,72.102,0.641,0.04,18.35
154600,3091,-2.28553,50,0.5104,0.007348,,74.636,5.9777,0.38,228.5
154650,3092,-1.25992,50,0.5103,0.009367,,65.343,4.1925,0.38,124.9
154700,3093,-2.64362,50,0.5101,0.00878,,71.029,6.7397,0.58,265.05
154750,3094,-3.26846,50,0.51,0.007323,,64.859,7.7631,0.58,330.58
154800,3095,-1.12051,50,0.5098,0.007791,,72.094,3.5736,0.42,108.88
154850,3096,-1.903,50,0.5096,0.007368,,66.925,5.2312,0.34,196.8
154900,3097,-4.17869,50,0.5095,0.007938,,63.925,8.642,0.56,450.24
