global_step,episode,episode_return,episode_length,epsilon,loss,mean_q,makespan,avg_waiting_time,missed_deadlines,weighted_tardiness
50,0,-2.60158,50,0.9998,,,78.155,5.2836,0.4,305.68
100,1,-1.27338,50,0.9997,,,76.05,4.0318,0.3,122.38
150,2,-3.32485,50,0.9995,,,65.732,7.7751,0.42,347.01
200,3,-3.71359,50,0.9994,,,73.039,8.3957,0.48,382.73
250,4,-0.14492,50,0.9992,,,68.107,1.4421,0.14,14.81
300,5,-4.41744,50,0.999,,,72.611,9.9314,0.58,450.16
350,6,-4.25609,50,0.9989,,,69.322,9.1474,0.58,453.4
400,7,-2.50867,50,0.9987,,,69.094,5.7301,0.44,268.34
450,8,-5.32204,50,0.9986,,,71.182,10.6555,0.7,568.36
500,9,-0.96807,50,0.9984,,,65.197,3.0135,0.34,103.11
550,10,-5.87577,50,0.9983,,,72.795,11.9711,0.66,614.54
600,11,-0.76395,50,0.9981,,,65.742,2.6118,0.18,83.57
650,12,-4.84343,50,0.9979,,,80.62,9.6548,0.62,520.6
700,13,-3.50052,50,0.9978,,,65.558,7.5344,0.6,375.59
750,14,-2.83177,50,0.9976,,,74.312,5.5288,0.44,317.26
800,15,-3.1844,50,0.9975,,,67.166,6.6967,0.4,347.71
850,16,-1.56917,50,0.9973,,,62.954,4.0919,0.46,176.32
900,17,-4.1272,50,0.9971,,,66.25,7.5085,0.54,467.12
950,18,-4.62672,50,0.997,,,70.55,9.2501,0.58,502.25
1000,19,-0.37215,50,0.9968,,,68.032,1.8087,0.16,47.37
1050,20,-3.24815,50,0.9967,,,63.032,7.4606,0.48,336.44
1100,21,-1.69153,50,0.9965,,,72.422,4.2813,0.32,184.25
1150,22,-4.12146,50,0.9964,,,70.033,8.2684,0.6,450.33
1200,23,-0.77833,50,0.9962,,,69.7,2.1963,0.22,98.31
1250,24,-2.78976,50,0.996,,,65.973,6.9743,0.5,278.0
1300,25,-0.92033,50,0.9959,,,69.027,3.2475,0.28,92.76
1350,26,-3.38253,50,0.9957,,,64.804,7.0892,0.5,373.06
1400,27,-0.31588,50,0.9956,,,67.867,1.788,0.1,40.07
1450,28,-3.22983,50,0.9954,,,71.37,8.2621,0.52,311.1
1500,29,-2.94927,50,0.9952,,,61.345,7.6439,0.54,290.43
1550,30,-2.07541,50,0.9951,,,70.387,4.11,0.34,246.35
1600,31,-7.02762,50,0.9949,,,69.114,12.9223,0.64,772.04
1650,32,-2.36263,50,0.9948,,,65.988,5.8015,0.5,243.18
1700,33,-3.8935,50,0.9946,,,72.371,7.6405,0.5,429.26
1750,34,-3.63932,50,0.9945,,,69.605,5.5618,0.3,446.34
1800,35,-4.28751,50,0.9943,,,65.352,8.0602,0.56,479.95
1850,36,-0.54458,50,0.9941,,,73.998,1.8844,0.18,65.07
1900,37,-5.11986,50,0.994,,,66.514,11.1853,0.68,527.75
1950,38,-3.45929,50,0.9938,,,72.786,6.3325,0.5,396.24
2000,39,-2.85745,50,0.9937,,,71.791,6.9555,0.46,291.13
2050,40,-4.31388,50,0.9935,,,75.089,9.8885,0.62,432.07
2100,41,-0.84012,50,0.9933,,,68.01,2.4646,0.26,103.49
2150,42,-4.51845,50,0.9932,,,71.54,9.2895,0.6,478.87
2200,43,-4.32605,50,0.993,,,75.139,7.3015,0.5,510.98
2250,44,-1.69191,50,0.9929,,,65.441,4.8745,0.48,169.57
2300,45,-2.85484,50,0.9927,,,68.493,7.0094,0.52,287.51
2350,46,-6.16024,50,0.9926,,,73.214,13.0056,0.7,627.8
2400,47,-0.72883,50,0.9924,,,60.939,2.9196,0.28,79.89
2450,48,-1.84458,50,0.9922,,,65.214,5.3524,0.42,179.33
2500,49,-4.68651,50,0.9921,,,67.695,9.0264,0.54,517.47
2550,50,-3.78149,50,0.9919,,,66.766,8.6966,0.62,386.88
2600,51,-3.83393,50,0.9918,,,62.829,7.5282,0.56,419.81
2650,52,-3.0345,50,0.9916,,,65.409,7.6066,0.56,304.51
2700,53,-0.10903,50,0.9915,,,72.722,0.9447,0.14,22.33
2750,54,-1.99761,50,0.9913,,,64.942,5.6763,0.5,191.89
2800,55,-5.58373,50,0.9911,,,72.951,10.359,0.6,614.76
2850,56,-3.54624,50,0.991,,,73.495,8.7238,0.54,355.59
2900,57,-2.77794,50,0.9908,,,68.155,6.7612,0.54,285.89
2950,58,-2.14471,50,0.9907,,,71.72,5.0866,0.38,229.53
3000,59,-5.14933,50,0.9905,,,67.5,9.1253,0.52,586.66
3050,60,-4.79954,50,0.9903,,,71.778,9.6396,0.62,512.27
3100,61,-3.2164,50,0.9902,,,69.0,5.9198,0.5,374.04
3150,62,-0.28299,50,0.99,,,67.801,1.9178,0.18,29.52
3200,63,-2.72055,50,0.9899,,,72.492,7.0456,0.58,270.47
3250,64,-3.47347,50,0.9897,,,71.25,6.9632,0.6,387.19
3300,65,-4.46661,50,0.9896,,,71.468,8.0222,0.52,508.86
3350,66,-4.1416,50,0.9894,,,69.287,8.6275,0.54,442.85
3400,67,-2.40431,50,0.9892,,,56.722,5.3483,0.44,274.55
3450,68,-3.90642,50,0.9891,,,65.598,8.3578,0.58,416.14
3500,69,-1.44473,50,0.9889,,,72.79,3.7787,0.3,153.1
3550,70,-3.47518,50,0.9888,,,68.233,7.0227,0.52,388.47
3600,71,-2.36988,50,0.9886,,,61.146,6.4401,0.56,232.01
3650,72,-4.25613,50,0.9884,,,72.281,9.8407,0.64,422.71
3700,73,-2.57837,50,0.9883,,,70.0,5.6777,0.42,282.61
3750,74,-1.62934,50,0.9881,,,68.538,5.2757,0.48,149.2
3800,75,-3.65612,50,0.988,,,75.265,8.3813,0.48,375.79
3850,76,-3.66212,50,0.9878,,,64.031,7.4412,0.6,398.86
3900,77,-2.3252,50,0.9877,,,73.667,6.7494,0.3,217.89
3950,78,-1.21958,50,0.9875,,,69.747,4.1044,0.38,108.56
4000,79,-5.54548,50,0.9873,,,61.102,10.5148,0.7,607.29
4050,80,-3.01062,50,0.9872,,,63.701,7.3136,0.52,306.43
4100,81,-2.48551,50,0.987,,,63.853,6.0028,0.48,252.38
4150,82,-4.14133,50,0.9869,,,64.535,8.0959,0.58,462.1
4200,83,-2.48221,50,0.9867,,,66.51,6.7871,0.48,240.09
4250,84,-2.14305,50,0.9865,,,67.688,4.848,0.36,243.87
4300,85,-0.62399,50,0.9864,,,73.947,2.6496,0.28,68.52
4350,86,-1.67036,50,0.9862,,,71.515,4.8328,0.28,165.89
4400,87,-1.29642,50,0.9861,,,70.263,4.2112,0.32,122.3
4450,88,-3.98934,50,0.9859,,,70.0,8.6868,0.54,420.89
4500,89,-1.57374,50,0.9858,,,68.604,5.0468,0.48,144.39
4550,90,-1.0893,50,0.9856,,,58.259,3.1171,0.34,125.6
4600,91,-1.72524,50,0.9854,,,75.0,4.5058,0.34,183.07
4650,92,-6.49278,50,0.9853,,,71.0,11.2126,0.64,745.4
4700,93,-1.88586,50,0.9851,,,67.058,4.862,0.44,196.09
4750,94,-5.83289,50,0.985,,,73.811,13.3367,0.68,578.42
4800,95,-4.13728,50,0.9848,,,74.731,9.1705,0.6,427.45
4850,96,-1.5002,50,0.9846,,,72.098,4.1377,0.3,166.57
4900,97,-5.03666,50,0.9845,,,72.5,10.2623,0.6,530.15
4950,98,-5.16725,50,0.9843,,,67.244,11.4524,0.78,520.15
5000,99,-2.23429,50,0.9842,,,65.701,5.446,0.48,236.07
5050,100,-1.22239,50,0.984,,,65.996,3.5117,0.28,143.23
5100,101,-0.8833,50,0.9839,,,78.989,2.8325,0.22,86.37
5150,102,-1.11362,50,0.9837,,,67.513,3.7555,0.38,105.28
5200,103,-4.21963,50,0.9835,,,68.509,8.9399,0.52,445.25
5250,104,-2.18312,50,0.9834,,,71.599,5.5041,0.46,226.43
5300,105,-2.42865,50,0.9832,,,58.295,5.2137,0.46,282.56
5350,106,-2.28275,50,0.9831,,,69.071,5.3476,0.46,250.77
5400,107,-4.03406,50,0.9829,,,75.052,8.6918,0.56,421.47
5450,108,-1.07505,50,0.9827,,,64.786,3.8354,0.26,103.97
5500,109,-3.27305,50,0.9826,,,72.807,7.1067,0.52,350.62
5550,110,-2.54307,50,0.9824,,,72.801,4.4929,0.36,315.98
5600,111,-2.29377,50,0.9823,,,65.07,5.2682,0.48,245.39
5650,112,-1.99017,50,0.9821,,,71.982,5.4259,0.34,196.45
5700,113,0.0678,50,0.9819,,,67.197,0.6096,0.08,3.83
5750,114,-5.7151,50,0.9818,,,64.399,10.9268,0.66,629.83
5800,115,-5.77215,50,0.9816,,,69.291,9.2481,0.62,680.24
5850,116,-2.05736,50,0.9815,,,73.281,6.2776,0.5,190.36
5900,117,-0.91213,50,0.9813,,,62.611,2.8944,0.24,104.07
5950,118,-1.54381,50,0.9812,,,66.997,3.3558,0.28,186.16
6000,119,-1.88777,50,0.981,,,72.0,5.0741,0.46,196.64
6050,120,-3.42435,50,0.9808,,,67.853,9.4823,0.62,301.11
6100,121,-0.26174,50,0.9807,,,74.427,1.5814,0.22,36.26
6150,122,-0.59951,50,0.9805,,,70.245,3.1431,0.34,43.25
6200,123,-2.9247,50,0.9804,,,66.061,6.9019,0.46,300.81
6250,124,-1.18306,50,0.9802,,,74.929,4.4051,0.4,95.21
6300,125,-3.58521,50,0.98,,,72.753,8.7523,0.5,348.28
6350,126,-2.30275,50,0.9799,,,64.889,5.4881,0.38,242.02
6400,127,-0.35182,50,0.9797,,,67.36,1.7903,0.2,50.75
6450,128,-2.28031,50,0.9796,,,62.46,5.8725,0.48,236.57
6500,129,-0.19415,50,0.9794,,,70.281,1.6488,0.18,23.92
6550,130,-2.02417,50,0.9793,,,66.014,4.6926,0.34,219.33
6600,131,-2.46183,50,0.9791,,,74.828,5.6994,0.36,266.8
6650,132,-4.07818,50,0.9789,,,82.308,8.6879,0.54,421.91
6700,133,-1.26919,50,0.9788,,,74.423,3.4739,0.24,145.75
6750,134,-9.2254,50,0.9786,,,81.18,15.2876,0.74,1045.93
6800,135,-2.5999,50,0.9785,,,66.199,6.556,0.48,267.84
6850,136,-2.54352,50,0.9783,,,68.75,5.7956,0.5,268.15
6900,137,-1.72232,50,0.9781,,,69.451,4.1247,0.36,185.17
6950,138,-1.84212,50,0.978,,,69.413,5.1785,0.36,184.31
7000,139,-3.07714,50,0.9778,,,71.71,8.1968,0.48,290.0
7050,140,-6.8403,50,0.9777,,,69.138,11.9695,0.66,765.41
7100,141,-2.91931,50,0.9775,,,73.438,7.6471,0.52,280.31
7150,142,-1.03423,50,0.9774,,,73.422,4.0283,0.32,90.0
7200,143,-0.77079,50,0.9772,,,79.666,2.6467,0.26,72.1
7250,144,-4.31722,50,0.977,,,69.389,8.3121,0.54,486.08
7300,145,-0.88329,50,0.9769,,,73.979,2.5592,0.26,106.24
7350,146,-3.85066,50,0.9767,,,59.306,7.0666,0.52,442.36
7400,147,-6.14426,50,0.9766,,,71.278,10.5002,0.68,698.38
7450,148,-2.45034,50,0.9764,,,66.34,5.1881,0.34,275.66
7500,149,-3.88222,50,0.9762,,,63.75,8.9494,0.58,392.08
7550,150,-0.71618,50,0.9761,,,73.69,2.5794,0.28,77.12
7600,151,-2.69221,50,0.9759,,,68.634,6.371,0.52,283.97
7650,152,-2.1641,50,0.9758,,,76.523,4.7643,0.3,234.56
7700,153,-3.60963,50,0.9756,,,63.158,8.3521,0.54,369.83
7750,154,-3.91528,50,0.9755,,,70.363,8.1896,0.5,422.16
7800,155,-4.55972,50,0.9753,,,71.2,9.0492,0.64,502.37
7850,156,-3.32064,50,0.9751,,,67.281,7.2865,0.46,358.3
7900,157,-1.65651,50,0.975,,,69.194,5.0412,0.38,159.27
7950,158,-3.24288,50,0.9748,,,69.996,7.1109,0.42,333.72
8000,159,-2.43101,50,0.9747,,,65.892,6.197,0.52,246.11
8050,160,-7.6723,50,0.9745,,,72.038,13.4275,0.64,855.73
8100,161,-2.17323,50,0.9744,,,66.075,5.9978,0.48,215.5
8150,162,-4.13218,50,0.9742,,,67.113,8.606,0.48,449.22
8200,163,-4.48539,50,0.974,,,68.762,10.7081,0.64,445.04
8250,164,-3.91238,50,0.9739,,,68.0,9.0168,0.64,395.1
8300,165,-2.87612,50,0.9737,,,61.703,6.4637,0.54,313.12
8350,166,-2.38448,50,0.9736,,,60.0,5.8454,0.54,244.84
8400,167,-1.54785,50,0.9734,,,65.971,5.0184,0.44,138.28
8450,168,-1.86086,50,0.9732,,,64.0,3.9615,0.36,223.82
8500,169,-3.04609,50,0.9731,,,79.263,6.43,0.38,331.12
8550,170,-6.99005,50,0.9729,,,75.95,12.9939,0.72,762.48
8600,171,-2.91631,50,0.9728,,,81.827,5.255,0.36,333.04
8650,172,-4.36249,50,0.9726,,,72.22,8.248,0.54,495.98
8700,173,-0.7474,50,0.9725,,,73.331,2.1743,0.2,93.26
8750,174,-1.46699,50,0.9723,,,69.689,4.4318,0.26,150.86
8800,175,-1.82916,50,0.9721,,,62.002,5.0067,0.4,187.71
8850,176,-2.00636,50,0.972,,,69.753,5.6438,0.44,198.99
8900,177,-2.60938,50,0.9718,,,66.527,5.9717,0.5,275.62
8950,178,-0.4376,50,0.9717,,,64.834,2.3454,0.2,48.07
9000,179,-0.97062,50,0.9715,,,69.957,3.1065,0.28,97.43
9050,180,-5.51992,50,0.9713,,,74.818,11.4944,0.58,573.94
9100,181,-0.98543,50,0.9712,,,81.538,3.6271,0.22,85.28
9150,182,-3.26202,50,0.971,,,69.385,7.4591,0.52,341.26
9200,183,-2.8608,50,0.9709,,,72.392,6.8882,0.48,293.97
9250,184,-1.19826,50,0.9707,,,60.748,3.6522,0.34,120.29
9300,185,-2.67142,50,0.9706,,,68.75,6.2953,0.44,281.62
9350,186,-0.63553,50,0.9704,,,72.016,2.3841,0.18,70.86
9400,187,-5.23784,50,0.9702,,,75.74,11.2272,0.58,539.6
9450,188,-0.871,50,0.9701,,,72.407,3.333,0.26,72.22
9500,189,-2.28562,50,0.9699,,,68.805,6.3931,0.58,214.87
9550,190,-0.31495,50,0.9698,,,70.825,2.101,0.26,32.17
9600,191,-2.06461,50,0.9696,,,64.798,5.0984,0.44,225.03
9650,192,-2.34915,50,0.9694,,,69.0,5.8838,0.44,245.22
9700,193,-4.32501,50,0.9693,,,71.25,8.7486,0.62,475.16
9750,194,-0.29165,50,0.9691,,,72.539,1.4368,0.14,38.99
9800,195,-3.69566,50,0.969,,,65.0,6.763,0.44,424.28
9850,196,-2.19439,50,0.9688,,,61.529,5.0379,0.46,242.76
9900,197,-0.84079,50,0.9687,,,71.704,2.7633,0.26,100.44
9950,198,-1.94043,50,0.9685,,,67.985,5.7474,0.42,182.59
10000,199,-3.00725,50,0.9683,,,70.0,5.8948,0.48,347.62
10050,200,-5.63157,50,0.9682,0.012221,,66.028,9.3359,0.62,650.99
10100,201,-4.33815,50,0.968,0.008691,,63.0,9.97,0.66,439.06
10150,202,-0.2338,50,0.9679,0.007907,,62.902,1.3396,0.2,38.29
10200,203,-0.6896,50,0.9677,0.007894,,62.39,2.0212,0.24,90.55
10250,204,-2.93925,50,0.9675,0.008273,,68.583,7.4031,0.58,292.67
10300,205,-3.27487,50,0.9674,0.00898,,67.341,7.7331,0.56,332.37
10350,206,-1.0532,50,0.9672,0.007691,,67.804,3.8515,0.34,97.3
10400,207,-5.36416,50,0.9671,0.007249,,77.999,9.9033,0.52,596.11
10450,208,-3.21649,50,0.9669,0.005585,,68.819,7.1318,0.56,346.03
10500,209,-0.96129,50,0.9667,0.00678,,76.44,3.6307,0.26,85.17
10550,210,-0.85942,50,0.9666,0.005179,,73.727,2.9077,0.24,85.76
10600,211,-1.42543,50,0.9664,0.006094,,69.189,4.8429,0.42,128.67
10650,212,-3.7194,50,0.9663,0.004807,,66.269,8.13,0.46,391.54
10700,213,-2.12086,50,0.9661,0.004935,,70.783,5.4231,0.4,217.23
10750,214,-3.7009,50,0.966,0.004909,,65.719,6.991,0.52,417.44
10800,215,-3.04681,50,0.9658,0.00588,,76.25,7.3282,0.42,307.2
10850,216,-2.26824,50,0.9656,0.0059,,67.545,5.8585,0.42,232.82
10900,217,-0.65578,50,0.9655,0.006178,,78.057,2.3003,0.18,66.92
10950,218,-1.12469,50,0.9653,0.006179,,64.863,3.7831,0.38,112.25
11000,219,-5.14744,50,0.9652,0.005094,,70.0,10.9164,0.58,539.5
11050,220,-2.84827,50,0.965,0.007649,,67.834,6.5603,0.54,301.04
11100,221,-5.65318,50,0.9648,0.005074,,64.532,10.6629,0.64,624.43
11150,222,-0.54537,50,0.9647,0.006359,,68.552,2.4851,0.28,57.91
11200,223,-0.71836,50,0.9645,0.005379,,62.502,2.6471,0.28,84.06
11250,224,-2.60375,50,0.9644,0.003772,,64.882,7.4628,0.6,233.32
11300,225,-0.06011,50,0.9642,0.004388,,73.708,1.0799,0.08,13.96
11350,226,-2.42601,50,0.9641,0.005663,,70.41,6.5378,0.46,232.05
11400,227,-3.79006,50,0.9639,0.003985,,67.732,8.4668,0.54,399.15
11450,228,-3.64693,50,0.9637,0.003661,,71.707,7.8088,0.54,391.85
11500,229,-3.42684,50,0.9636,0.004414,,66.009,6.065,0.52,402.0
11550,230,-2.1827,50,0.9634,0.003048,,72.534,5.6025,0.42,222.32
11600,231,-0.75,50,0.9633,0.005017,,65.747,2.3171,0.32,90.65
11650,232,-4.90239,50,0.9631,0.004006,,69.238,10.5488,0.6,506.49
11700,233,-5.11238,50,0.9629,0.005109,,77.132,11.0733,0.64,525.82
11750,234,-1.95085,50,0.9628,0.003615,,64.605,5.4529,0.4,193.02
11800,235,-1.12978,50,0.9626,0.004036,,63.945,3.7748,0.34,117.95
11850,236,-6.05006,50,0.9625,0.004307,,76.456,10.8015,0.62,672.78
11900,237,-3.46316,50,0.9623,0.003469,,75.626,7.8794,0.5,357.92
11950,238,-3.70333,50,0.9622,0.004519,,66.597,6.9615,0.54,421.27
12000,239,-2.28872,50,0.962,0.005537,,66.188,6.3714,0.52,218.6
12050,240,-1.94959,50,0.9618,0.004663,,70.187,5.6607,0.4,187.54
12100,241,0.00862,50,0.9617,0.004303,,73.355,0.9836,0.12,5.54
12150,242,-5.3465,50,0.9615,0.004435,,69.668,10.2204,0.64,581.58
12200,243,-2.48266,50,0.9614,0.004611,,73.815,6.1698,0.48,251.43
12250,244,-4.24541,50,0.9612,0.004745,,65.0,8.4125,0.52,460.27
12300,245,-5.84611,50,0.961,0.003231,,71.918,12.1644,0.6,612.23
12350,246,-3.83299,50,0.9609,0.004644,,70.721,8.887,0.46,387.54
12400,247,-1.82492,50,0.9607,0.004257,,66.889,4.8732,0.4,185.43
12450,248,-1.92175,50,0.9606,0.004101,,61.192,4.0365,0.38,226.09
12500,249,-3.44142,50,0.9604,0.003763,,64.721,7.0391,0.56,376.58
12550,250,-8.36246,50,0.9603,0.00447,,75.433,12.9525,0.66,977.26
12600,251,-4.91439,50,0.9601,0.003238,,66.0,8.6835,0.6,564.75
12650,252,-4.75549,50,0.9599,0.004226,,72.5,9.4567,0.54,521.26
12700,253,-2.53398,50,0.9598,0.003238,,68.13,6.5671,0.54,252.29
12750,254,-2.10894,50,0.9596,0.003693,,68.896,5.4611,0.4,214.35
12800,255,-1.66715,50,0.9595,0.004244,,71.022,4.582,0.38,165.69
12850,256,-3.8633,50,0.9593,0.004287,,65.432,6.5211,0.42,458.96
12900,257,-3.36773,50,0.9591,0.004059,,80.25,6.7083,0.42,360.69
12950,258,-2.54426,50,0.959,0.002739,,73.382,7.0531,0.46,232.22
13000,259,-4.44015,50,0.9588,0.003044,,67.211,8.3005,0.6,501.0
13050,260,-1.91316,50,0.9587,0.004799,,66.913,3.8297,0.34,231.82
13100,261,-0.04361,50,0.9585,0.004419,,65.661,1.1316,0.1,16.48
13150,262,-1.11566,50,0.9584,0.004199,,62.125,2.8963,0.32,141.4
13200,263,-4.72333,50,0.9582,0.003614,,62.949,10.9107,0.66,473.07
13250,264,-0.5104,50,0.958,0.003682,,71.196,2.3341,0.24,51.6
13300,265,-4.01492,50,0.9579,0.003222,,74.265,7.1211,0.46,465.89
13350,266,-1.25004,50,0.9577,0.004508,,68.192,3.4996,0.34,135.45
13400,267,-1.15245,50,0.9576,0.003206,,67.052,3.3559,0.36,116.9
13450,268,-4.57057,50,0.9574,0.004095,,72.477,10.4606,0.64,459.98
13500,269,-2.30999,50,0.9573,0.002976,,68.951,5.5053,0.34,246.74
13550,270,-1.71451,50,0.9571,0.00369,,67.312,5.3942,0.4,158.27
13600,271,-1.83476,50,0.9569,0.004588,,66.518,4.9937,0.42,184.86
13650,272,-0.4972,50,0.9568,0.003293,,69.271,2.2667,0.22,52.36
13700,273,-0.33743,50,0.9566,0.004504,,73.895,1.7648,0.2,41.25
13750,274,-2.04503,50,0.9565,0.003879,,65.668,5.3704,0.44,210.14
13800,275,-4.82267,50,0.9563,0.003403,,69.475,8.8834,0.58,540.05
13850,276,-1.75128,50,0.9561,0.004848,,63.333,5.117,0.44,169.45
13900,277,-6.45903,50,0.956,0.002404,,69.532,11.4644,0.78,723.43
13950,278,-3.00779,50,0.9558,0.00392,,73.56,5.8502,0.38,345.57
14000,279,-3.35973,50,0.9557,0.003723,,69.693,7.6586,0.48,351.17
14050,280,-2.47505,50,0.9555,0.005353,,65.816,6.2362,0.52,249.61
14100,281,-3.32002,50,0.9554,0.003624,,69.965,8.0432,0.54,336.28
14150,282,-0.36196,50,0.9552,0.004192,,66.671,2.1566,0.16,34.72
14200,283,-5.21798,50,0.955,0.003804,,70.565,10.2381,0.58,561.14
14250,284,-4.21603,50,0.9549,0.003134,,65.757,8.2743,0.62,469.71
14300,285,-2.17272,50,0.9547,0.004933,,65.564,5.2339,0.52,232.82
14350,286,-7.14397,50,0.9546,0.003392,,74.322,12.5749,0.68,801.78
14400,287,-3.29218,50,0.9544,0.003713,,76.733,7.3695,0.46,348.82
14450,288,-4.66898,50,0.9542,0.003754,,70.744,8.1723,0.6,536.89
14500,289,-5.71109,50,0.9541,0.003553,,78.75,12.2013,0.62,587.91
14550,290,-4.17554,50,0.9539,0.004112,,74.078,6.8562,0.42,504.66
14600,291,-6.25376,50,0.9538,0.003935,,70.77,11.2273,0.62,701.78
14650,292,-2.76255,50,0.9536,0.004641,,72.964,6.6336,0.5,276.35
14700,293,-2.28304,50,0.9535,0.004207,,76.092,6.0609,0.4,229.23
14750,294,-0.24974,50,0.9533,0.003921,,65.287,1.9823,0.18,20.77
14800,295,-2.09381,50,0.9531,0.003708,,64.563,6.0473,0.46,201.88
14850,296,-2.14331,50,0.953,0.003636,,65.146,5.1563,0.56,233.84
14900,297,-4.54339,50,0.9528,0.005044,,63.686,9.2757,0.56,486.96
14950,298,-3.85574,50,0.9527,0.002968,,64.326,6.6515,0.48,457.37
15000,299,-1.38557,50,0.9525,0.003477,,75.1,4.9944,0.4,122.03
15050,300,-0.10508,50,0.9523,0.003813,,56.171,1.6831,0.12,19.34
15100,301,-3.13635,50,0.9522,0.005217,,74.423,7.0421,0.54,325.43
15150,302,-1.57069,50,0.952,0.003431,,73.411,4.641,0.4,158.44
15200,303,-1.16437,50,0.9519,0.003879,,73.09,3.1639,0.2,130.51
15250,304,-5.65829,50,0.9517,0.003852,,66.007,10.4317,0.76,630.68
15300,305,-3.94281,50,0.9516,0.004553,,70.634,8.3945,0.5,421.38
15350,306,-5.52998,50,0.9514,0.003194,,66.572,9.5417,0.66,629.42
15400,307,-0.26426,50,0.9512,0.003284,,66.746,1.5619,0.2,42.97
15450,308,-2.43935,50,0.9511,0.003325,,75.026,5.751,0.36,253.5
15500,309,-5.39253,50,0.9509,0.003074,,74.641,10.1767,0.62,597.17
15550,310,-3.29814,50,0.9508,0.003205,,69.614,7.536,0.56,341.2
15600,311,-3.45937,50,0.9506,0.003478,,70.86,7.5145,0.48,373.56
15650,312,-0.49137,50,0.9504,0.004166,,72.085,2.4708,0.28,41.97
15700,313,-0.26871,50,0.9503,0.003495,,67.243,1.7718,0.2,37.95
15750,314,-1.89826,50,0.9501,0.003752,,66.924,4.5362,0.32,200.91
15800,315,-0.08621,50,0.95,0.003824,,91.084,0.932,0.06,4.71
15850,316,-1.46366,50,0.9498,0.003791,,72.338,4.4452,0.32,137.78
15900,317,-6.00117,50,0.9496,0.004029,,81.468,11.3476,0.58,650.51
15950,318,-2.18238,50,0.9495,0.003279,,71.658,4.9785,0.42,241.53
16000,319,-2.64441,50,0.9493,0.003936,,68.705,6.8092,0.46,262.34
16050,320,-2.57269,50,0.9492,0.005075,,70.287,5.44,0.44,295.61
16100,321,-3.06735,50,0.949,0.004274,,72.5,7.0372,0.56,322.57
16150,322,-1.62682,50,0.9489,0.003564,,65.234,4.4461,0.38,166.3
16200,323,-1.07829,50,0.9487,0.003937,,64.873,3.6537,0.36,103.62
16250,324,-4.74639,50,0.9485,0.002947,,66.971,9.4162,0.58,520.59
16300,325,-3.91847,50,0.9484,0.004474,,66.205,5.8592,0.44,482.32
16350,326,-0.55213,50,0.9482,0.00382,,62.736,2.5204,0.32,55.31
16400,327,-2.1954,50,0.9481,0.003174,,71.958,5.0793,0.42,238.22
16450,328,-1.8572,50,0.9479,0.003488,,65.702,5.4489,0.44,171.85
16500,329,-3.59759,50,0.9477,0.003958,,70.392,6.1079,0.36,427.95
16550,330,-5.55342,50,0.9476,0.003048,,71.853,9.8094,0.68,633.68
16600,331,-4.22266,50,0.9474,0.003177,,74.748,8.259,0.5,463.85
16650,332,-1.64366,50,0.9473,0.004446,,71.327,4.5301,0.36,167.96
16700,333,-5.20419,50,0.9471,0.003568,,73.309,9.6578,0.62,583.54
16750,334,0.08891,50,0.947,0.00382,,68.167,0.764,0.1,4.8
16800,335,-2.03408,50,0.9468,0.003754,,58.336,4.1789,0.44,235.97
16850,336,-0.56577,50,0.9466,0.003855,,70.847,2.3978,0.16,57.36
16900,337,-5.4056,50,0.9465,0.004593,,70.0,11.2386,0.68,571.45
16950,338,-1.36353,50,0.9463,0.003648,,68.824,3.957,0.32,145.53
17000,339,-5.03977,50,0.9462,0.004088,,71.334,10.6763,0.7,523.79
17050,340,-2.91387,50,0.946,0.003758,,68.124,6.151,0.32,325.06
17100,341,0.03926,50,0.9458,0.004216,,71.226,0.647,0.06,3.99
17150,342,-1.47959,50,0.9457,0.004238,,67.184,4.6772,0.38,139.28
17200,343,-6.24956,50,0.9455,0.003924,,69.047,13.7822,0.8,629.37
17250,344,-4.19414,50,0.9454,0.003892,,63.279,9.2359,0.64,435.02
17300,345,-4.58016,50,0.9452,0.004162,,75.376,9.2806,0.56,491.55
17350,346,-3.60739,50,0.9451,0.002472,,76.25,8.9701,0.58,351.71
17400,347,-0.03326,50,0.9449,0.004981,,68.708,0.8096,0.16,16.47
17450,348,-4.1339,50,0.9447,0.002614,,76.729,8.8368,0.52,433.24
17500,349,-1.77307,50,0.9446,0.004755,,76.931,4.3921,0.36,195.54
17550,350,-3.55653,50,0.9444,0.003948,,65.67,7.5885,0.6,380.32
17600,351,-0.61169,50,0.9443,0.003377,,62.129,2.627,0.36,58.36
17650,352,-3.1245,50,0.9441,0.003691,,76.645,6.9879,0.54,326.55
17700,353,-6.19125,50,0.9439,0.003647,,69.219,11.1824,0.68,690.34
17750,354,-0.41711,50,0.9438,0.004477,,74.742,2.4683,0.2,34.86
17800,355,-2.33326,50,0.9436,0.002838,,69.924,4.4346,0.32,279.11
17850,356,-2.45389,50,0.9435,0.003059,,67.723,4.8102,0.38,289.09
17900,357,-2.85551,50,0.9433,0.003104,,70.273,7.4108,0.46,283.29
17950,358,-0.05706,50,0.9432,0.003358,,65.896,1.0613,0.12,17.02
18000,359,-1.92367,50,0.943,0.003794,,72.014,5.0342,0.38,193.08
18050,360,-1.4692,50,0.9428,0.003494,,76.009,3.987,0.28,159.26
18100,361,-3.60298,50,0.9427,0.004654,,66.833,7.9902,0.58,372.8
18150,362,-5.07325,50,0.9425,0.00317,,74.488,10.1824,0.62,545.44
18200,363,-1.74896,50,0.9424,0.003162,,69.328,4.405,0.42,180.78
18250,364,-3.89978,50,0.9422,0.003257,,75.0,7.989,0.56,430.13
18300,365,-3.31422,50,0.9421,0.003349,,70.589,7.3034,0.46,349.83
18350,366,-4.46861,50,0.9419,0.00362,,64.747,7.2923,0.52,528.72
18400,367,-1.36704,50,0.9417,0.004388,,68.645,3.6584,0.28,145.06
18450,368,-3.33082,50,0.9416,0.003158,,72.0,7.7738,0.4,342.13
18500,369,-4.32267,50,0.9414,0.003153,,59.824,8.6745,0.66,468.27
18550,370,-3.9027,50,0.9413,0.003105,,67.747,8.0558,0.58,416.95
18600,371,-3.94254,50,0.9411,0.004127,,67.0,7.8193,0.52,433.07
18650,372,-6.99903,50,0.9409,0.00316,,76.471,15.0647,0.72,709.99
18700,373,-1.61324,50,0.9408,0.003602,,73.617,4.1946,0.36,173.94
18750,374,-1.0971,50,0.9406,0.004403,,69.836,3.4946,0.26,108.28
18800,375,-3.37596,50,0.9405,0.00393,,78.012,8.498,0.5,326.68
18850,376,-2.22696,50,0.9403,0.004538,,64.657,5.6314,0.46,240.86
18900,377,-3.04646,50,0.9402,0.003864,,68.0,7.1024,0.54,314.46
18950,378,-4.06493,50,0.94,0.003046,,68.079,6.316,0.48,491.5
19000,379,-1.07072,50,0.9398,0.003257,,80.005,3.5202,0.28,94.78
19050,380,-0.63043,50,0.9397,0.004929,,67.927,2.4781,0.32,61.49
19100,381,-1.42236,50,0.9395,0.005475,,75.261,3.9367,0.26,142.89
19150,382,-1.15018,50,0.9394,0.003535,,61.0,3.539,0.44,121.17
19200,383,-2.80285,50,0.9392,0.004342,,60.676,6.1397,0.52,306.08
19250,384,-0.47539,50,0.939,0.003561,,67.073,2.4741,0.22,41.75
19300,385,-2.68292,50,0.9389,0.003939,,73.069,6.928,0.42,260.29
19350,386,-0.29737,50,0.9387,0.002734,,64.818,1.6436,0.16,35.92
19400,387,-0.43312,50,0.9386,0.003902,,73.235,1.9381,0.2,44.37
19450,388,-1.54412,50,0.9384,0.003737,,65.922,3.8534,0.32,177.35
19500,389,-0.29466,50,0.9383,0.003081,,72.118,1.4263,0.12,33.8
19550,390,-4.77729,50,0.9381,0.003963,,77.98,8.4354,0.54,538.8
19600,391,-2.34635,50,0.9379,0.003594,,72.869,5.1241,0.4,259.38
19650,392,-2.83086,50,0.9378,0.003936,,71.173,7.5098,0.52,268.31
19700,393,-0.05701,50,0.9376,0.003794,,62.356,1.1548,0.12,12.06
19750,394,-2.30043,50,0.9375,0.002413,,69.128,5.8084,0.52,240.22
19800,395,-4.36653,50,0.9373,0.003532,,76.229,8.6053,0.5,479.62
19850,396,-7.97416,50,0.9371,0.003595,,75.209,14.3933,0.72,875.67
19900,397,-3.42185,50,0.937,0.003256,,69.998,8.2888,0.6,339.42
19950,398,-0.61983,50,0.9368,0.00399,,70.175,2.0107,0.16,74.54
20000,399,-2.06335,50,0.9367,0.004063,,68.185,5.5959,0.5,214.14
20050,400,-1.63726,50,0.9365,0.003335,,60.691,3.541,0.34,193.03
20100,401,-1.62044,50,0.9364,0.003197,,58.881,4.3814,0.4,170.85
20150,402,-3.30535,50,0.9362,0.003086,,74.982,8.2508,0.48,316.8
20200,403,-0.67252,50,0.936,0.00448,,65.401,3.3206,0.26,53.81
20250,404,-6.34712,50,0.9359,0.003008,,78.116,13.4261,0.66,651.69
20300,405,-4.60626,50,0.9357,0.003847,,75.021,9.0448,0.56,497.49
20350,406,-0.92131,50,0.9356,0.004006,,68.224,3.4005,0.3,90.37
20400,407,-1.93285,50,0.9354,0.003474,,66.663,5.359,0.48,193.63
20450,408,-2.59029,50,0.9352,0.003465,,69.844,6.6674,0.56,252.78
20500,409,-4.42164,50,0.9351,0.003621,,65.436,9.2924,0.62,467.74
20550,410,-1.74644,50,0.9349,0.003156,,70.132,5.3547,0.44,167.77
20600,411,-2.79769,50,0.9348,0.002919,,70.0,6.6779,0.48,288.23
20650,412,-1.45369,50,0.9346,0.003028,,66.367,3.8129,0.34,168.3
20700,413,-3.00825,50,0.9345,0.002975,,63.094,7.0873,0.52,307.94
20750,414,-4.15298,50,0.9343,0.002929,,68.045,9.7453,0.62,414.7
20800,415,-2.19157,50,0.9341,0.003303,,73.436,4.3574,0.32,255.18
20850,416,-5.64944,50,0.934,0.003206,,66.077,8.2503,0.64,688.9
20900,417,-3.95156,50,0.9338,0.003621,,69.59,7.9137,0.54,432.9
20950,418,-1.94352,50,0.9337,0.002778,,73.347,4.8248,0.36,204.16
21000,419,-5.2362,50,0.9335,0.004254,,68.065,9.3237,0.54,593.6
21050,420,-4.02777,50,0.9333,0.00358,,73.616,9.7384,0.58,395.99
21100,421,-0.69851,50,0.9332,0.003016,,65.757,2.9088,0.26,69.64
21150,422,-0.47948,50,0.933,0.003883,,75.998,2.0648,0.18,49.52
21200,423,-4.08365,50,0.9329,0.003121,,74.162,9.0845,0.54,423.56
21250,424,-0.19194,50,0.9327,0.003426,,79.38,1.0089,0.14,31.28
21300,425,-3.85463,50,0.9325,0.00288,,59.29,7.265,0.6,433.81
21350,426,-2.49466,50,0.9324,0.003535,,68.68,5.738,0.42,264.68
21400,427,-4.32626,50,0.9322,0.004574,,66.285,7.4736,0.44,499.44
21450,428,-2.48815,50,0.9321,0.003811,,63.741,6.1202,0.52,259.3
21500,429,-1.28856,50,0.9319,0.003199,,70.589,3.3806,0.34,147.53
21550,430,-0.42074,50,0.9318,0.00321,,62.947,2.1149,0.2,46.08
21600,431,-1.97089,50,0.9316,0.004113,,74.243,4.6255,0.42,223.54
21650,432,-0.08761,50,0.9314,0.003056,,67.22,1.2964,0.16,9.23
21700,433,-3.02496,50,0.9313,0.00351,,67.152,6.4531,0.52,328.56
21750,434,-2.09238,50,0.9311,0.002944,,63.094,5.8044,0.46,211.0
21800,435,-2.21236,50,0.931,0.002617,,71.048,6.2501,0.5,213.72
21850,436,-3.39498,50,0.9308,0.003406,,68.351,8.481,0.48,328.9
21900,437,-2.0511,50,0.9306,0.003175,,74.351,4.6554,0.36,236.12
21950,438,-1.28704,50,0.9305,0.00278,,75.672,3.0806,0.26,151.72
22000,439,-1.58756,50,0.9303,0.003487,,66.105,4.5838,0.46,161.72
22050,440,-3.49864,50,0.9302,0.004211,,61.964,6.2546,0.58,410.44
22100,441,-2.05183,50,0.93,0.00334,,68.763,5.521,0.48,212.72
22150,442,-3.07728,50,0.9299,0.004097,,75.261,7.1768,0.46,317.03
22200,443,-2.81055,50,0.9297,0.0041,,73.592,6.1162,0.4,302.94
22250,444,-1.13083,50,0.9295,0.004458,,62.091,3.4153,0.36,117.74
22300,445,-5.13839,50,0.9294,0.00388,,72.569,10.5834,0.6,541.18
22350,446,-1.96801,50,0.9292,0.004103,,73.53,5.6046,0.42,183.59
22400,447,-0.77564,50,0.9291,0.00311,,71.447,2.4341,0.28,84.08
22450,448,-0.24204,50,0.9289,0.00299,,71.081,1.525,0.2,27.57
22500,449,-3.18295,50,0.9287,0.002559,,73.402,7.7116,0.52,323.88
22550,450,-3.56016,50,0.9286,0.003134,,71.952,7.7261,0.5,381.52
22600,451,-5.94966,50,0.9284,0.002597,,74.623,12.1314,0.58,624.81
22650,452,-1.91217,50,0.9283,0.002888,,67.138,4.4361,0.42,221.28
22700,453,-1.52902,50,0.9281,0.003545,,66.993,3.3848,0.26,178.17
22750,454,-5.68943,50,0.928,0.003109,,63.0,11.6044,0.7,599.77
22800,455,-1.54978,50,0.9278,0.00333,,82.329,4.0457,0.3,162.47
22850,456,-1.43788,50,0.9276,0.004283,,68.443,3.6976,0.36,159.32
22900,457,-4.80053,50,0.9275,0.00363,,73.512,9.5892,0.56,521.46
22950,458,-1.51203,50,0.9273,0.003062,,69.382,4.7757,0.38,136.91
23000,459,-1.97485,50,0.9272,0.004365,,73.735,5.0092,0.38,206.31
23050,460,-1.05977,50,0.927,0.004731,,76.318,3.7476,0.28,96.99
23100,461,-3.57728,50,0.9268,0.002717,,73.217,9.1602,0.5,344.95
23150,462,-2.28662,50,0.9267,0.003381,,71.331,5.0005,0.46,250.83
23200,463,-0.35747,50,0.9265,0.002839,,66.317,2.0574,0.18,38.49
23250,464,-0.8667,50,0.9264,0.003718,,72.297,2.096,0.22,111.71
23300,465,-0.48324,50,0.9262,0.003176,,70.7,2.1537,0.2,45.43
23350,466,-4.65427,50,0.9261,0.003635,,71.519,10.0388,0.56,481.3
23400,467,-3.12095,50,0.9259,0.004075,,66.296,6.4037,0.46,343.23
23450,468,-3.97972,50,0.9257,0.004142,,61.574,7.4359,0.54,452.87
23500,469,-0.45591,50,0.9256,0.002928,,74.182,2.0654,0.14,45.85
23550,470,-4.8443,50,0.9254,0.002894,,69.0,10.0228,0.62,512.51
23600,471,-0.36903,50,0.9253,0.002926,,60.868,2.3235,0.22,34.74
23650,472,-3.3533,50,0.9251,0.00296,,71.451,6.4375,0.38,382.26
23700,473,-5.75991,50,0.925,0.004952,,68.899,11.144,0.68,625.19
23750,474,-5.19069,50,0.9248,0.002471,,74.4,10.4981,0.62,561.36
23800,475,-5.2051,50,0.9246,0.003534,,68.636,11.2233,0.7,533.35
23850,476,-4.32365,50,0.9245,0.003222,,69.622,9.2388,0.58,456.58
23900,477,-3.10536,50,0.9243,0.00356,,67.456,8.0471,0.6,294.17
23950,478,-5.0869,50,0.9242,0.003068,,72.5,8.4356,0.46,590.61
24000,479,-1.41388,50,0.924,0.003342,,62.28,3.5924,0.44,158.11
24050,480,-3.94479,50,0.9238,0.004064,,74.938,9.3297,0.5,390.83
24100,481,-0.55008,50,0.9237,0.003323,,70.16,1.9597,0.22,74.55
24150,482,-3.27093,50,0.9235,0.003082,,68.0,7.4138,0.46,347.21
24200,483,-2.17701,50,0.9234,0.003871,,71.888,6.3162,0.4,205.87
24250,484,-2.29068,50,0.9232,0.003109,,76.665,5.2681,0.46,244.14
24300,485,-4.0151,50,0.9231,0.004029,,72.5,8.4608,0.48,428.48
24350,486,-1.15287,50,0.9229,0.002895,,65.95,3.6415,0.28,122.88
24400,487,-3.51345,50,0.9227,0.004069,,67.909,5.9396,0.5,426.32
24450,488,-2.89292,50,0.9226,0.003169,,62.037,6.3336,0.48,314.48
24500,489,-3.38003,50,0.9224,0.00381,,63.281,7.0868,0.62,363.95
24550,490,-1.7624,50,0.9223,0.003429,,73.775,5.5498,0.46,152.61
24600,491,-0.09461,50,0.9221,0.003589,,74.659,1.3495,0.14,16.99
24650,492,-4.03008,50,0.9219,0.003679,,76.58,8.8673,0.54,419.08
24700,493,-3.92828,50,0.9218,0.002748,,76.386,10.2052,0.64,364.31
24750,494,-0.10957,50,0.9216,0.003584,,71.292,1.202,0.14,15.29
24800,495,-2.83454,50,0.9215,0.002928,,72.212,6.9542,0.54,291.78
24850,496,-0.00194,50,0.9213,0.004063,,62.773,1.387,0.12,8.66
24900,497,-2.64338,50,0.9212,0.002658,,73.472,6.3311,0.42,273.18
24950,498,-1.21466,50,0.921,0.003253,,59.421,4.2247,0.5,122.9
25000,499,-4.28331,50,0.9208,0.003174,,68.496,9.7634,0.62,434.76
25050,500,-2.1627,50,0.9207,0.003868,,65.895,5.7598,0.34,217.31
25100,501,-0.98538,50,0.9205,0.003029,,80.193,3.4815,0.26,90.69
25150,502,-1.33142,50,0.9204,0.003345,,69.855,4.0683,0.4,137.41
25200,503,-0.22451,50,0.9202,0.003248,,63.784,1.5126,0.12,37.63
25250,504,-1.28676,50,0.92,0.004102,,76.204,3.1111,0.3,149.76
25300,505,-0.13857,50,0.9199,0.003836,,73.222,1.534,0.1,17.74
25350,506,-0.14583,50,0.9197,0.003931,,64.741,1.4117,0.18,18.68
25400,507,-3.3863,50,0.9196,0.003977,,76.25,7.2603,0.42,364.51
25450,508,-0.90634,50,0.9194,0.003017,,66.107,3.5875,0.32,87.06
25500,509,-2.37662,50,0.9193,0.00339,,73.574,4.9965,0.3,264.76
25550,510,-4.93104,50,0.9191,0.003463,,67.16,9.8998,0.64,527.74
25600,511,-1.48942,50,0.9189,0.004181,,70.582,3.7169,0.24,173.63
25650,512,-1.43756,50,0.9188,0.003114,,71.552,4.9182,0.32,128.1
25700,513,-5.00905,50,0.9186,0.002981,,72.584,9.9159,0.6,539.65
25750,514,-4.43446,50,0.9185,0.002805,,74.116,8.7312,0.52,477.1
25800,515,-4.31726,50,0.9183,0.004211,,72.668,8.7646,0.56,466.7
25850,516,-0.95007,50,0.9181,0.003195,,73.83,3.4041,0.32,91.13
25900,517,-5.26356,50,0.918,0.002938,,67.074,10.0352,0.68,581.42
25950,518,-0.85067,50,0.9178,0.003847,,72.993,3.0092,0.26,91.29
26000,519,-5.39091,50,0.9177,0.003029,,67.0,9.399,0.58,616.8
26050,520,-5.04277,50,0.9175,0.003373,,70.351,11.1771,0.68,512.47
26100,521,-3.94998,50,0.9173,0.004613,,65.357,8.5218,0.62,423.67
26150,522,-4.43823,50,0.9172,0.00327,,76.022,8.4079,0.5,490.01
26200,523,-3.54324,50,0.917,0.003849,,62.5,6.7013,0.48,403.99
26250,524,-3.6316,50,0.9169,0.003868,,67.108,6.5158,0.46,418.56
26300,525,-2.81141,50,0.9167,0.004349,,67.989,6.3092,0.46,310.88
26350,526,-1.3659,50,0.9166,0.003881,,67.5,3.9947,0.44,145.68
26400,527,-0.96582,50,0.9164,0.003011,,76.9,3.9819,0.34,79.22
26450,528,-2.4452,50,0.9162,0.003192,,71.731,5.2289,0.36,276.45
26500,529,-2.58408,50,0.9161,0.003151,,71.833,5.7497,0.42,279.73
26550,530,-3.62685,50,0.9159,0.003808,,60.958,5.338,0.42,450.77
26600,531,-4.99503,50,0.9158,0.003839,,74.479,9.9949,0.64,535.52
26650,532,-2.72811,50,0.9156,0.004057,,69.814,7.2016,0.36,258.09
26700,533,-4.15008,50,0.9154,0.003405,,71.533,9.2276,0.68,431.88
26750,534,-0.54531,50,0.9153,0.003474,,65.736,2.8501,0.34,47.78
26800,535,-5.74841,50,0.9151,0.004323,,70.173,11.3834,0.72,615.34
26850,536,-0.94311,50,0.915,0.002969,,67.932,3.0112,0.18,101.72
26900,537,-6.50849,50,0.9148,0.003856,,76.441,12.1044,0.72,712.87
26950,538,-5.78539,50,0.9147,0.00343,,73.244,10.3793,0.7,644.74
27000,539,-1.50555,50,0.9145,0.003212,,69.725,3.327,0.3,179.75
27050,540,-0.87665,50,0.9143,0.003492,,63.2,3.3255,0.28,90.12
27100,541,-2.09078,50,0.9142,0.002965,,70.305,4.9058,0.36,233.8
27150,542,-2.32194,50,0.914,0.00308,,73.691,6.2432,0.36,220.37
27200,543,-4.43645,50,0.9139,0.003098,,63.807,8.0103,0.56,512.89
27250,544,-2.32027,50,0.9137,0.004667,,68.0,6.2362,0.46,229.73
27300,545,-6.74672,50,0.9135,0.003978,,75.96,13.7725,0.78,702.58
27350,546,-4.07593,50,0.9134,0.003142,,69.868,7.5627,0.44,475.6
27400,547,-3.90516,50,0.9132,0.00441,,67.513,8.6549,0.62,400.99
27450,548,-4.53917,50,0.9131,0.003448,,71.71,10.4509,0.62,456.18
27500,549,-3.22065,50,0.9129,0.003656,,80.789,7.8837,0.48,316.85
27550,550,-1.1142,50,0.9128,0.004417,,66.817,4.0205,0.36,110.54
27600,551,-4.93424,50,0.9126,0.003145,,70.064,9.6242,0.52,536.53
27650,552,-2.5909,50,0.9124,0.003189,,73.938,6.251,0.44,269.26
27700,553,-4.88366,50,0.9123,0.003958,,70.1,9.2885,0.54,543.78
27750,554,-4.49731,50,0.9121,0.004254,,73.06,7.099,0.44,540.31
27800,555,-1.20842,50,0.912,0.003607,,62.589,3.2859,0.22,141.25
27850,556,-4.15728,50,0.9118,0.003056,,65.218,6.6689,0.5,499.99
27900,557,-1.70004,50,0.9116,0.003806,,70.399,3.8672,0.24,195.19
27950,558,-1.73698,50,0.9115,0.003852,,59.298,5.0432,0.38,176.47
28000,559,-0.82198,50,0.9113,0.004022,,76.02,2.6902,0.22,96.01
28050,560,-0.95539,50,0.9112,0.004239,,64.948,3.2792,0.24,99.72
28100,561,-0.08781,50,0.911,0.003809,,77.317,0.8946,0.12,17.42
28150,562,-2.65075,50,0.9109,0.004894,,71.738,6.1981,0.48,277.56
28200,563,-1.62225,50,0.9107,0.003523,,76.699,4.5983,0.36,165.39
28250,564,-1.04401,50,0.9105,0.00384,,72.047,3.5957,0.34,103.54
28300,565,-0.65433,50,0.9104,0.004057,,65.809,2.3945,0.3,79.4
28350,566,-1.86237,50,0.9102,0.003295,,68.211,4.3887,0.38,209.64
28400,567,-2.72731,50,0.9101,0.004087,,73.713,6.7818,0.5,269.31
28450,568,-1.24848,50,0.9099,0.003586,,68.577,3.763,0.38,128.67
28500,569,-0.52802,50,0.9098,0.003155,,64.42,2.427,0.24,57.44
28550,570,-5.70143,50,0.9096,0.003619,,71.333,10.578,0.7,636.34
28600,571,-0.25868,50,0.9094,0.00419,,68.442,2.0103,0.14,16.32
28650,572,-0.49699,50,0.9093,0.004074,,78.433,2.5489,0.22,42.77
28700,573,-3.83229,50,0.9091,0.003756,,78.906,8.8281,0.5,393.97
28750,574,-4.63445,50,0.909,0.004522,,74.0,9.2633,0.66,503.32
28800,575,-4.8385,50,0.9088,0.003809,,69.66,8.5545,0.56,553.85
28850,576,-4.29683,50,0.9086,0.003804,,71.823,10.1299,0.62,423.55
28900,577,-1.47878,50,0.9085,0.003388,,56.214,4.0642,0.46,159.98
28950,578,-3.05799,50,0.9083,0.002858,,65.747,8.209,0.58,288.7
29000,579,-0.41522,50,0.9082,0.004274,,73.016,2.5476,0.22,30.38
29050,580,-5.69598,50,0.908,0.004555,,61.364,10.5818,0.78,627.59
29100,581,-4.10532,50,0.9079,0.005065,,62.313,7.9631,0.62,457.78
29150,582,-2.63259,50,0.9077,0.003617,,68.861,6.2399,0.48,279.29
29200,583,-1.57562,50,0.9075,0.003484,,75.654,4.3352,0.32,167.4
29250,584,-0.5704,50,0.9074,0.00433,,66.214,2.1879,0.18,68.15
29300,585,-2.19579,50,0.9072,0.003405,,73.543,6.0028,0.46,217.95
29350,586,-4.58209,50,0.9071,0.003527,,67.723,9.388,0.62,493.36
29400,587,-1.75967,50,0.9069,0.003505,,62.5,4.6496,0.4,181.3
29450,588,-2.5195,50,0.9067,0.004456,,66.531,5.4722,0.44,280.4
29500,589,-2.6726,50,0.9066,0.003818,,70.951,5.2287,0.44,313.2
29550,590,-1.67325,50,0.9064,0.003572,,64.489,4.7878,0.5,171.47
29600,591,-4.16926,50,0.9063,0.003994,,71.737,7.714,0.5,477.64
29650,592,-1.20061,50,0.9061,0.004875,,70.0,3.7706,0.34,117.09
29700,593,-1.9471,50,0.906,0.003642,,64.376,4.9387,0.34,212.95
29750,594,-2.45523,50,0.9058,0.003742,,73.001,6.2081,0.38,248.83
29800,595,-0.04944,50,0.9056,0.002876,,72.088,1.2203,0.1,10.16
29850,596,-2.39547,50,0.9055,0.005013,,69.805,5.7834,0.36,246.54
29900,597,-1.77597,50,0.9053,0.003746,,68.703,4.746,0.46,186.06
29950,598,-3.38531,50,0.9052,0.00346,,70.011,7.7061,0.56,357.44
30000,599,-3.90553,50,0.905,0.003786,,65.441,8.4586,0.6,411.74
30050,600,-2.15174,50,0.9048,0.003997,,79.345,5.3526,0.38,222.56
30100,601,-2.3116,50,0.9047,0.003359,,70.754,5.7403,0.4,237.14
30150,602,-3.71455,50,0.9045,0.003319,,68.929,7.9205,0.54,401.17
30200,603,-4.49422,50,0.9044,0.003853,,75.276,10.3235,0.58,453.78
30250,604,-0.51326,50,0.9042,0.003832,,67.688,2.2184,0.18,62.27
30300,605,-1.98503,50,0.9041,0.004155,,59.933,5.2174,0.5,206.07
30350,606,-3.71414,50,0.9039,0.003933,,77.148,8.433,0.56,386.44
30400,607,-3.87079,50,0.9037,0.003684,,67.22,7.5864,0.66,425.6
30450,608,-2.34231,50,0.9036,0.003738,,67.353,6.2174,0.44,240.42
30500,609,-0.34855,50,0.9034,0.003459,,70.435,2.0258,0.2,31.07
30550,610,-3.35672,50,0.9033,0.003914,,69.326,7.2035,0.46,358.7
30600,611,-0.21986,50,0.9031,0.003633,,65.168,1.5787,0.22,34.46
30650,612,-9.08009,50,0.9029,0.00326,,74.782,13.5965,0.68,1064.06
30700,613,-1.8233,50,0.9028,0.003782,,70.0,5.6832,0.46,166.81
30750,614,-0.2037,50,0.9026,0.004676,,65.62,1.333,0.12,25.65
30800,615,-3.85295,50,0.9025,0.003776,,70.736,6.9676,0.48,443.41
30850,616,-3.34127,50,0.9023,0.004454,,68.229,8.0724,0.54,334.43
30900,617,-1.26935,50,0.9022,0.003857,,79.75,4.2502,0.32,119.96
30950,618,-0.1287,50,0.902,0.004171,,73.957,1.5883,0.16,14.51
31000,619,-1.59945,50,0.9018,0.00354,,70.0,4.5932,0.38,164.26
31050,620,-2.83623,50,0.9017,0.004177,,63.756,6.6604,0.48,292.18
31100,621,-4.48972,50,0.9015,0.004598,,72.827,9.2394,0.52,473.76
31150,622,-2.87996,50,0.9014,0.003695,,70.693,6.8474,0.48,303.49
31200,623,-3.04647,50,0.9012,0.003971,,75.232,5.6531,0.38,357.65
31250,624,-1.45648,50,0.901,0.004398,,65.0,4.5979,0.46,144.88
31300,625,-2.96118,50,0.9009,0.004275,,64.679,7.5447,0.6,289.83
31350,626,-3.63048,50,0.9007,0.00402,,75.0,8.7644,0.64,357.97
31400,627,-3.99449,50,0.9006,0.004845,,72.986,8.5284,0.64,426.14
31450,628,-3.93455,50,0.9004,0.004219,,70.121,9.6103,0.66,389.29
31500,629,-3.44711,50,0.9002,0.004433,,72.626,7.692,0.44,359.28
31550,630,-2.7817,50,0.9001,0.004461,,61.25,6.112,0.42,303.75
31600,631,-2.88153,50,0.8999,0.00533,,71.305,7.7155,0.62,263.74
31650,632,-1.20283,50,0.8998,0.004265,,74.216,3.8863,0.38,110.55
31700,633,-2.82664,50,0.8996,0.004291,,65.918,6.8926,0.46,287.33
31750,634,-2.12885,50,0.8995,0.004013,,68.884,5.1376,0.38,225.36
31800,635,-2.33214,50,0.8993,0.006192,,67.377,5.1654,0.42,255.78
31850,636,-0.83162,50,0.8991,0.003951,,69.449,3.2168,0.36,82.35
31900,637,-0.32825,50,0.899,0.004446,,69.677,2.1701,0.12,30.56
31950,638,-5.18374,50,0.8988,0.004226,,77.101,10.8474,0.62,542.59
32000,639,-4.78905,50,0.8987,0.004726,,68.314,9.3785,0.72,520.74
32050,640,-2.05138,50,0.8985,0.004028,,69.779,5.0427,0.38,214.61
32100,641,-5.82991,50,0.8983,0.005275,,77.353,11.7689,0.72,621.29
32150,642,-1.96468,50,0.8982,0.004841,,66.929,4.9483,0.38,207.3
32200,643,-4.98764,50,0.898,0.004073,,73.471,9.3445,0.58,554.22
32250,644,-4.66857,50,0.8979,0.004777,,70.637,8.7548,0.5,516.76
32300,645,-1.02838,50,0.8977,0.004523,,70.297,3.0982,0.26,126.16
32350,646,-0.33175,50,0.8976,0.00436,,64.0,2.1844,0.16,38.75
32400,647,-5.54482,50,0.8974,0.004074,,73.084,10.4599,0.64,609.28
32450,648,-1.37722,50,0.8972,0.004144,,65.534,3.8663,0.36,149.01
32500,649,-0.69543,50,0.8971,0.00539,,69.305,2.6351,0.22,70.57
32550,650,-4.21907,50,0.8969,0.004311,,67.5,9.2633,0.62,437.66
32600,651,-0.75701,50,0.8968,0.004096,,70.666,2.8154,0.24,87.54
32650,652,-2.08197,50,0.8966,0.00539,,66.721,5.0909,0.4,230.14
32700,653,-2.8131,50,0.8964,0.004262,,68.391,7.2042,0.64,278.76
32750,654,-2.08117,50,0.8963,0.004715,,68.074,5.3385,0.44,215.53
32800,655,-1.14158,50,0.8961,0.004496,,69.784,3.8942,0.38,106.11
32850,656,-4.03993,50,0.896,0.003711,,80.088,8.7419,0.54,428.18
32900,657,-3.19858,50,0.8958,0.003823,,72.202,6.7667,0.46,351.47
32950,658,-0.25584,50,0.8957,0.003989,,58.567,2.2035,0.22,23.05
33000,659,-2.64332,50,0.8955,0.005016,,64.476,6.8121,0.54,260.87
33050,660,-3.31662,50,0.8953,0.005659,,73.57,7.6252,0.48,340.37
33100,661,-4.15939,50,0.8952,0.004914,,68.274,7.5828,0.46,473.61
33150,662,-3.05174,50,0.895,0.004955,,71.05,7.7562,0.52,293.98
33200,663,-1.86678,50,0.8949,0.004655,,70.0,5.2339,0.52,187.08
33250,664,-1.88641,50,0.8947,0.005178,,66.073,6.1477,0.42,158.52
33300,665,-2.72507,50,0.8945,0.004567,,70.896,6.8564,0.5,277.97
33350,666,-2.32213,50,0.8944,0.004045,,63.0,5.9344,0.48,236.93
33400,667,-3.14197,50,0.8942,0.00461,,72.691,6.3536,0.44,347.92
33450,668,-0.35095,50,0.8941,0.004994,,67.203,2.1814,0.28,40.48
33500,669,-0.5591,50,0.8939,0.004781,,64.984,2.5541,0.22,57.18
33550,670,-1.68426,50,0.8938,0.004975,,63.473,4.9576,0.42,165.8
33600,671,0.02327,50,0.8936,0.004172,,84.667,0.4219,0.04,10.07
33650,672,-5.03409,50,0.8934,0.004931,,74.596,11.1342,0.66,507.53
33700,673,-5.88084,50,0.8933,0.004819,,70.479,11.3507,0.64,636.56
33750,674,-2.0303,50,0.8931,0.004682,,73.401,5.1405,0.22,216.72
33800,675,-3.63421,50,0.893,0.004901,,61.25,7.1107,0.52,412.8
33850,676,-0.45642,50,0.8928,0.004417,,70.18,2.3961,0.24,42.47
33900,677,-4.15096,50,0.8926,0.005595,,68.913,9.5286,0.52,418.83
33950,678,-4.85864,50,0.8925,0.005241,,67.27,8.7788,0.56,548.69
34000,679,-0.564,50,0.8923,0.004286,,68.551,2.6704,0.2,48.53
34050,680,-1.96342,50,0.8922,0.004098,,60.848,5.0804,0.46,207.84
34100,681,-0.50825,50,0.892,0.004725,,71.431,2.5484,0.32,46.04
34150,682,-3.76847,50,0.8919,0.004278,,69.097,8.2349,0.52,400.78
34200,683,-2.64907,50,0.8917,0.004299,,75.974,5.9896,0.46,280.98
34250,684,-3.81235,50,0.8915,0.004651,,63.764,8.1699,0.58,406.05
34300,685,-3.13112,50,0.8914,0.004813,,61.952,6.9399,0.52,326.77
34350,686,-1.13244,50,0.8912,0.004696,,69.557,3.8792,0.38,108.45
34400,687,-1.61203,50,0.8911,0.004198,,68.006,3.5503,0.34,190.6
34450,688,-5.7491,50,0.8909,0.004589,,71.0,12.3838,0.7,589.27
34500,689,-2.20077,50,0.8908,0.004467,,64.904,5.3829,0.4,229.99
34550,690,-2.36159,50,0.8906,0.005032,,67.0,6.5641,0.46,228.1
34600,691,-2.0613,50,0.8904,0.004481,,63.612,5.4314,0.48,214.02
34650,692,-2.58366,50,0.8903,0.005348,,72.304,6.6461,0.56,254.77
34700,693,-5.11942,50,0.8901,0.004691,,63.151,10.0878,0.62,558.09
34750,694,-3.15238,50,0.89,0.004218,,71.168,7.7639,0.56,313.6
34800,695,-1.7286,50,0.8898,0.004614,,79.938,4.3702,0.24,176.93
34850,696,-0.39543,50,0.8896,0.004588,,62.354,2.2673,0.2,33.36
34900,697,-4.86741,50,0.8895,0.004881,,61.865,8.1051,0.6,571.32
34950,698,-5.38879,50,0.8893,0.004181,,77.295,11.6941,0.64,546.55
35000,699,-2.36795,50,0.8892,0.004252,,70.632,6.3958,0.52,232.57
35050,700,-2.58276,50,0.889,0.004202,,65.942,6.6058,0.5,256.47
35100,701,-1.66591,50,0.8889,0.004515,,67.971,4.6024,0.3,172.54
35150,702,-3.20024,50,0.8887,0.004481,,67.792,7.2987,0.52,329.29
35200,703,-0.39253,50,0.8885,0.004399,,75.801,1.9617,0.26,40.94
35250,704,-2.20929,50,0.8884,0.004879,,73.75,6.6145,0.5,196.32
35300,705,-2.26779,50,0.8882,0.005142,,68.97,6.4391,0.52,220.54
35350,706,-1.88984,50,0.8881,0.004325,,70.777,5.3536,0.48,189.76
35400,707,-1.3064,50,0.8879,0.004396,,69.963,4.0408,0.28,127.51
35450,708,-2.20162,50,0.8877,0.004486,,71.947,6.1077,0.36,212.7
35500,709,-4.06018,50,0.8876,0.005505,,71.697,9.0514,0.52,415.38
35550,710,-7.40687,50,0.8874,0.004644,,76.064,12.2228,0.7,853.86
35600,711,-5.97361,50,0.8873,0.004463,,66.373,10.174,0.64,677.24
35650,712,-1.54118,50,0.8871,0.004567,,66.871,5.2595,0.5,135.36
35700,713,-3.36345,50,0.887,0.004818,,73.948,8.0208,0.56,328.19
35750,714,-0.8229,50,0.8868,0.005678,,65.471,3.2319,0.28,76.54
35800,715,-3.46268,50,0.8866,0.004599,,62.118,7.994,0.6,359.22
35850,716,-0.39921,50,0.8865,0.005217,,68.145,1.2692,0.1,61.75
35900,717,-2.57994,50,0.8863,0.004536,,73.805,7.1023,0.46,239.81
35950,718,-1.50634,50,0.8862,0.00447,,69.043,4.1114,0.34,160.15
36000,719,-0.35056,50,0.886,0.005146,,69.769,2.002,0.2,30.97
36050,720,-0.76113,50,0.8858,0.004578,,67.392,3.232,0.34,68.31
36100,721,-4.1837,50,0.8857,0.004588,,75.986,7.7659,0.4,472.21
36150,722,-2.16598,50,0.8855,0.005018,,68.819,4.9785,0.42,237.09
36200,723,-0.50425,50,0.8854,0.004706,,69.511,2.1866,0.28,52.24
36250,724,-0.86119,50,0.8852,0.005146,,70.719,3.339,0.34,79.29
36300,725,-3.68957,50,0.8851,0.004745,,70.465,7.4447,0.48,400.66
36350,726,-3.17294,50,0.8849,0.005002,,72.395,6.9849,0.44,332.89
36400,727,-0.93208,50,0.8847,0.004523,,68.987,3.4585,0.42,87.18
36450,728,-1.98105,50,0.8846,0.004746,,85.591,4.6077,0.28,202.83
36500,729,-0.42141,50,0.8844,0.004499,,72.47,2.5695,0.22,30.28
36550,730,-2.45787,50,0.8843,0.004061,,72.017,6.4213,0.48,251.59
36600,731,-2.19829,50,0.8841,0.004046,,66.735,5.1879,0.46,236.7
36650,732,-4.56325,50,0.8839,0.005231,,66.357,8.6615,0.62,508.24
36700,733,-0.57083,50,0.8838,0.004831,,73.727,2.4858,0.24,56.75
36750,734,-5.23563,50,0.8836,0.00427,,68.816,12.1518,0.74,523.05
36800,735,-1.87509,50,0.8835,0.004715,,78.789,4.7507,0.34,193.9
36850,736,-5.21323,50,0.8833,0.005163,,68.167,10.9133,0.74,545.53
36900,737,-1.58038,50,0.8831,0.004771,,54.003,4.7713,0.42,155.01
36950,738,-4.03203,50,0.883,0.004238,,74.868,7.1215,0.48,464.89
37000,739,0.05444,50,0.8828,0.005599,,77.239,0.9221,0.04,1.29
37050,740,-2.48127,50,0.8827,0.005509,,68.426,6.2069,0.52,252.82
37100,741,-0.77935,50,0.8825,0.004827,,69.963,3.3085,0.3,70.85
37150,742,-5.37902,50,0.8824,0.004515,,73.17,9.8978,0.68,592.58
37200,743,-3.42591,50,0.8822,0.004727,,75.814,7.9341,0.48,348.84
37250,744,-1.77829,50,0.882,0.005095,,76.887,5.9484,0.44,151.3
37300,745,-0.1785,50,0.8819,0.004746,,72.239,1.5763,0.2,24.52
37350,746,-0.15625,50,0.8817,0.004601,,72.694,1.52,0.14,16.04
37400,747,-5.45176,50,0.8816,0.004951,,69.152,10.4723,0.66,592.13
37450,748,-3.71557,50,0.8814,0.004071,,71.741,8.8031,0.54,375.09
37500,749,-2.89659,50,0.8812,0.004673,,64.416,5.9737,0.52,329.4
37550,750,-2.15911,50,0.8811,0.004856,,64.757,5.5578,0.52,226.13
37600,751,-2.00141,50,0.8809,0.004392,,69.271,5.6004,0.42,195.71
37650,752,-3.51188,50,0.8808,0.004729,,67.566,8.4789,0.62,351.53
37700,753,-1.91167,50,0.8806,0.004934,,60.652,5.5869,0.56,183.62
37750,754,-1.03045,50,0.8805,0.004639,,66.246,3.5635,0.36,107.08
37800,755,-3.15961,50,0.8803,0.005298,,68.524,7.5637,0.48,334.37
37850,756,-2.48501,50,0.8801,0.004407,,72.906,5.4848,0.4,273.89
37900,757,-3.9527,50,0.88,0.005704,,82.5,9.5628,0.56,385.68
37950,758,-1.01354,50,0.8798,0.004949,,67.388,3.3462,0.3,100.7
38000,759,-3.44736,50,0.8797,0.004458,,74.507,8.0285,0.5,350.62
38050,760,-3.3144,50,0.8795,0.004385,,64.571,7.1462,0.42,355.67
38100,761,-6.11201,50,0.8793,0.00479,,73.901,9.5848,0.68,723.76
38150,762,-4.87244,50,0.8792,0.00579,,70.68,9.4552,0.52,535.03
38200,763,-5.0191,50,0.879,0.004367,,68.0,9.0643,0.58,568.23
38250,764,-0.36158,50,0.8789,0.004305,,74.518,2.6394,0.16,22.98
38300,765,-1.5803,50,0.8787,0.005375,,71.94,5.1009,0.44,139.66
38350,766,-0.32199,50,0.8786,0.005064,,78.15,1.7285,0.1,29.73
38400,767,-0.75939,50,0.8784,0.004337,,73.276,1.9633,0.18,101.94
38450,768,-3.06579,50,0.8782,0.005121,,70.0,7.8252,0.58,294.98
38500,769,-5.42297,50,0.8781,0.005118,,69.606,9.9233,0.6,601.02
38550,770,-1.98169,50,0.8779,0.005309,,68.203,5.2355,0.42,207.66
38600,771,-1.15313,50,0.8778,0.004052,,65.0,3.7688,0.32,116.33
38650,772,-1.50419,50,0.8776,0.004987,,68.061,3.6845,0.3,172.84
38700,773,-2.01592,50,0.8775,0.005257,,63.37,4.3728,0.48,236.63
38750,774,-1.40812,50,0.8773,0.004671,,78.559,4.8858,0.36,125.06
38800,775,-5.52755,50,0.8771,0.004429,,74.692,10.5291,0.6,606.8
38850,776,-3.28073,50,0.877,0.004656,,65.046,6.5264,0.4,370.08
38900,777,-8.84434,50,0.8768,0.004981,,73.0,14.2515,0.74,1007.57
38950,778,-0.85107,50,0.8767,0.005096,,86.719,2.359,0.24,93.41
39000,779,-3.81619,50,0.8765,0.006089,,78.177,8.0471,0.48,407.28
39050,780,-0.9249,50,0.8763,0.005004,,61.974,3.3775,0.34,90.98
39100,781,-3.36816,50,0.8762,0.00486,,72.376,7.4766,0.54,360.82
39150,782,-2.71712,50,0.876,0.004148,,68.505,7.0483,0.52,273.27
39200,783,-2.78768,50,0.8759,0.004689,,70.541,5.6631,0.48,310.99
39250,784,-1.80436,50,0.8757,0.005003,,70.819,5.3718,0.34,178.21
39300,785,-2.9576,50,0.8756,0.005723,,72.555,7.6451,0.46,285.14
39350,786,-0.47523,50,0.8754,0.005293,,62.09,2.3783,0.3,45.22
39400,787,-1.0546,50,0.8752,0.004532,,71.672,3.391,0.34,100.79
39450,788,-2.50422,50,0.8751,0.004568,,68.284,6.064,0.56,263.81
39500,789,-0.96368,50,0.8749,0.004619,,67.5,3.7319,0.36,86.78
39550,790,-0.67641,50,0.8748,0.005165,,70.409,2.534,0.26,64.88
39600,791,-4.59814,50,0.8746,0.004844,,73.44,10.106,0.66,473.51
39650,792,-1.9718,50,0.8744,0.004656,,71.731,4.991,0.38,206.72
39700,793,-0.72221,50,0.8743,0.00471,,68.0,2.6444,0.22,70.56
39750,794,-0.97598,50,0.8741,0.004987,,69.385,2.7083,0.24,108.62
39800,795,-2.93108,50,0.874,0.004634,,68.442,7.4794,0.46,292.13
39850,796,-5.24646,50,0.8738,0.004705,,76.542,11.3668,0.7,536.81
39900,797,-1.40105,50,0.8737,0.004572,,72.845,4.4768,0.4,128.3
39950,798,-3.97956,50,0.8735,0.005516,,68.036,9.0194,0.56,406.42
40000,799,-4.42606,50,0.8733,0.004535,,77.5,10.087,0.64,455.16
40050,800,-1.43886,50,0.8732,0.004929,,65.306,4.3227,0.42,141.64
40100,801,-2.50149,50,0.873,0.004959,,72.297,6.1682,0.42,254.52
40150,802,-2.98495,50,0.8729,0.005572,,67.235,7.6547,0.56,289.04
40200,803,-1.16136,50,0.8727,0.00444,,60.2,3.6067,0.44,122.46
40250,804,-4.86929,50,0.8725,0.005148,,73.113,8.4121,0.54,558.87
40300,805,-0.94139,50,0.8724,0.005076,,59.609,3.2719,0.24,94.77
40350,806,-0.56003,50,0.8722,0.005575,,64.406,2.9177,0.3,49.38
40400,807,-0.91171,50,0.8721,0.006047,,75.742,3.4878,0.44,84.95
40450,808,-5.39108,50,0.8719,0.004896,,73.147,9.7121,0.58,605.47
40500,809,-3.05929,50,0.8718,0.004631,,77.481,6.7507,0.46,322.62
40550,810,-1.366,50,0.8716,0.004757,,63.824,3.9469,0.32,152.21
40600,811,-0.53914,50,0.8714,0.004862,,68.942,2.2856,0.16,57.01
40650,812,-2.71127,50,0.8713,0.004867,,78.983,6.4516,0.38,279.13
40700,813,-0.26853,50,0.8711,0.004967,,72.002,1.9893,0.14,18.61
40750,814,-6.52714,50,0.871,0.004392,,66.045,11.9502,0.74,721.55
40800,815,-0.61207,50,0.8708,0.004886,,63.743,2.0846,0.24,78.32
40850,816,-3.86486,50,0.8706,0.005545,,71.847,7.6195,0.46,424.9
40900,817,-1.16031,50,0.8705,0.004675,,71.856,3.568,0.3,124.7
40950,818,-3.5571,50,0.8703,0.005499,,69.485,6.9555,0.52,403.43
41000,819,-0.9849,50,0.8702,0.004944,,75.811,3.7972,0.4,85.43
41050,820,-3.01614,50,0.87,0.00501,,66.497,6.9908,0.54,310.7
41100,821,-0.69556,50,0.8699,0.004417,,72.788,2.6898,0.22,72.33
41150,822,-1.42979,50,0.8697,0.00461,,68.317,3.6022,0.24,150.94
41200,823,-0.93762,50,0.8695,0.004544,,65.776,3.2955,0.3,90.37
41250,824,-1.56395,50,0.8694,0.005235,,67.5,4.615,0.44,153.68
41300,825,-0.25079,50,0.8692,0.004667,,76.503,1.4103,0.1,37.77
41350,826,-2.83127,50,0.8691,0.005189,,70.848,6.4454,0.52,293.35
41400,827,-2.1164,50,0.8689,0.0053,,73.407,4.5746,0.38,248.51
41450,828,-0.34927,50,0.8687,0.004129,,75.58,1.5914,0.2,39.38
41500,829,-1.94058,50,0.8686,0.005162,,66.911,5.2767,0.5,196.51
41550,830,-1.80467,50,0.8684,0.005463,,63.113,5.2854,0.46,172.5
41600,831,-1.12619,50,0.8683,0.00474,,70.0,3.9123,0.22,111.69
41650,832,-0.21323,50,0.8681,0.004525,,71.485,1.3616,0.16,34.72
41700,833,-2.05906,50,0.8679,0.004888,,66.799,6.0649,0.42,190.68
41750,834,-1.29091,50,0.8678,0.005493,,71.449,4.301,0.32,126.32
41800,835,-0.82927,50,0.8676,0.004794,,66.305,3.2295,0.26,73.71
41850,836,-4.50113,50,0.8675,0.004899,,72.374,7.8834,0.48,522.64
41900,837,-3.44447,50,0.8673,0.004585,,70.78,5.2134,0.48,424.76
41950,838,-1.82826,50,0.8672,0.005262,,75.0,5.1534,0.4,180.5
42000,839,-2.22637,50,0.867,0.005594,,62.199,4.779,0.4,249.57
42050,840,-2.88761,50,0.8668,0.00565,,58.852,4.9383,0.46,359.69
42100,841,-3.14371,50,0.8667,0.004843,,69.676,8.0703,0.6,305.77
42150,842,-1.53013,50,0.8665,0.005993,,73.358,4.5401,0.3,150.43
42200,843,-1.211,50,0.8664,0.006324,,69.051,4.178,0.3,113.92
42250,844,-1.93069,50,0.8662,0.005689,,69.056,4.7695,0.44,211.84
42300,845,-2.11895,50,0.866,0.005665,,73.371,5.3011,0.42,226.14
42350,846,-1.19468,50,0.8659,0.004857,,68.252,3.6819,0.34,126.19
42400,847,-1.23431,50,0.8657,0.005513,,66.26,4.3561,0.32,108.82
42450,848,-2.81419,50,0.8656,0.005136,,64.219,6.9283,0.64,284.35
42500,849,-0.46887,50,0.8654,0.004971,,76.113,2.3135,0.22,44.71
42550,850,-1.42694,50,0.8653,0.005014,,73.146,4.4289,0.38,140.14
42600,851,-3.69576,50,0.8651,0.004481,,68.0,7.5917,0.52,403.67
42650,852,-0.87121,50,0.8649,0.005394,,72.761,3.4374,0.22,82.95
42700,853,-1.85982,50,0.8648,0.006378,,62.481,5.1834,0.56,184.27
42750,854,-2.88888,50,0.8646,0.00492,,63.966,6.0461,0.44,317.29
42800,855,-1.92239,50,0.8645,0.005964,,67.435,5.3507,0.42,181.2
42850,856,-2.54308,50,0.8643,0.004762,,70.309,6.492,0.44,262.9
42900,857,-4.7409,50,0.8641,0.004629,,64.777,9.6854,0.62,502.5
42950,858,-5.84359,50,0.864,0.005368,,68.236,11.3767,0.72,634.11
43000,859,-1.58956,50,0.8638,0.004418,,68.827,4.0855,0.32,169.32
43050,860,-2.45175,50,0.8637,0.007011,,68.692,5.8542,0.44,260.18
43100,861,-1.81701,50,0.8635,0.005687,,70.794,4.4771,0.32,198.81
43150,862,-2.686,50,0.8634,0.007197,,64.541,7.8208,0.54,242.68
43200,863,-4.1078,50,0.8632,0.006107,,61.658,9.1402,0.6,423.72
43250,864,-5.63495,50,0.863,0.005257,,76.899,10.8697,0.68,607.17
43300,865,-1.41203,50,0.8629,0.005262,,70.939,2.9981,0.28,164.43
43350,866,-1.52952,50,0.8627,0.005166,,65.514,4.8789,0.46,149.41
43400,867,-0.79669,50,0.8626,0.005619,,70.286,3.4047,0.34,64.99
43450,868,-0.62162,50,0.8624,0.005517,,73.444,2.2776,0.18,65.7
43500,869,-2.48884,50,0.8622,0.005314,,71.026,5.4234,0.46,273.38
43550,870,-0.2744,50,0.8621,0.005505,,53.72,1.5636,0.18,40.01
43600,871,-3.40308,50,0.8619,0.006323,,78.295,7.062,0.42,366.13
43650,872,-2.5628,50,0.8618,0.005484,,72.112,6.6815,0.48,257.52
43700,873,-1.08279,50,0.8616,0.005095,,76.25,2.9743,0.3,124.4
43750,874,-0.04059,50,0.8615,0.005292,,63.891,1.1067,0.1,20.46
43800,875,0.02771,50,0.8613,0.005431,,78.464,0.4949,0.06,5.75
43850,876,-4.96999,50,0.8611,0.005372,,68.446,8.816,0.58,569.23
43900,877,-1.15587,50,0.861,0.005488,,72.583,4.5121,0.36,95.25
43950,878,-5.49997,50,0.8608,0.004614,,70.492,10.3046,0.64,601.77
44000,879,-3.19771,50,0.8607,0.005185,,75.968,7.1306,0.46,327.62
44050,880,-3.78732,50,0.8605,0.006321,,75.226,7.0235,0.38,429.74
44100,881,-0.22206,50,0.8603,0.005841,,70.813,1.4208,0.14,37.64
44150,882,-2.62262,50,0.8602,0.00602,,71.019,5.0839,0.34,304.22
44200,883,-8.87893,50,0.86,0.005962,,71.423,14.4114,0.8,1011.79
44250,884,-1.33145,50,0.8599,0.005273,,70.876,2.8607,0.26,167.12
44300,885,-2.83891,50,0.8597,0.007152,,74.457,7.0696,0.46,277.79
44350,886,-4.99587,50,0.8596,0.005966,,70.0,10.8078,0.62,513.32
44400,887,-1.24092,50,0.8594,0.006881,,81.026,3.2667,0.2,131.03
44450,888,-4.02204,50,0.8592,0.005735,,66.152,5.69,0.42,509.06
44500,889,-2.28512,50,0.8591,0.006385,,68.963,5.5205,0.44,242.73
44550,890,-3.50156,50,0.8589,0.005887,,65.765,7.6628,0.46,369.47
44600,891,-2.58796,50,0.8588,0.00638,,65.745,6.5457,0.48,260.16
44650,892,-2.23163,50,0.8586,0.00588,,70.868,5.1273,0.38,236.98
44700,893,-3.4685,50,0.8585,0.005355,,81.792,6.6115,0.46,387.0
44750,894,-4.76339,50,0.8583,0.00528,,74.279,8.6841,0.6,543.29
44800,895,-5.29366,50,0.8581,0.005457,,72.434,10.6505,0.68,571.48
44850,896,-3.17971,50,0.858,0.006504,,73.685,7.216,0.48,327.07
44900,897,-0.34,50,0.8578,0.006065,,71.204,1.8281,0.2,30.27
44950,898,-3.30059,50,0.8577,0.005194,,71.082,6.5547,0.48,370.45
45000,899,-1.17184,50,0.8575,0.00572,,70.483,4.6777,0.4,97.72
45050,900,-0.89945,50,0.8573,0.005944,,70.207,3.9884,0.3,66.66
45100,901,-2.34078,50,0.8572,0.005401,,67.315,6.0881,0.48,233.9
45150,902,-4.63791,50,0.857,0.005996,,74.287,9.7124,0.66,482.48
45200,903,-0.11522,50,0.8569,0.005999,,64.602,1.1352,0.14,22.6
45250,904,-0.66366,50,0.8567,0.005894,,75.838,2.3398,0.22,79.44
45300,905,-1.19135,50,0.8566,0.004854,,65.635,4.1248,0.36,113.15
45350,906,-3.41871,50,0.8564,0.005981,,70.566,8.016,0.58,346.29
45400,907,-4.67753,50,0.8562,0.00502,,64.538,10.4694,0.72,477.91
45450,908,0.11856,50,0.8561,0.005677,,72.874,0.2898,0.02,0.14
45500,909,-0.99929,50,0.8559,0.00664,,82.144,2.7675,0.18,107.3
45550,910,-4.79338,50,0.8558,0.006238,,66.409,8.8233,0.56,535.65
45600,911,-4.84352,50,0.8556,0.006557,,68.42,9.4563,0.62,529.77
45650,912,-1.0322,50,0.8554,0.005231,,65.791,3.679,0.4,99.14
45700,913,-1.44254,50,0.8553,0.005676,,62.564,4.7079,0.38,138.23
45750,914,-5.11188,50,0.8551,0.005466,,71.253,9.7551,0.56,556.48
45800,915,-3.41446,50,0.855,0.005088,,67.064,7.3311,0.58,367.57
45850,916,-2.70858,50,0.8548,0.00627,,64.82,6.1613,0.52,292.45
45900,917,-2.06776,50,0.8547,0.005535,,71.743,4.67,0.42,231.57
45950,918,-1.05476,50,0.8545,0.005436,,64.454,3.3927,0.4,103.52
46000,919,-0.46265,50,0.8543,0.006463,,75.356,2.5451,0.22,41.73
46050,920,-1.02111,50,0.8542,0.005921,,67.695,2.7806,0.3,119.83
46100,921,-0.59297,50,0.854,0.006374,,59.241,2.2939,0.24,74.81
46150,922,-2.72831,50,0.8539,0.005942,,64.731,7.0779,0.6,274.51
46200,923,-0.67013,50,0.8537,0.005298,,69.164,2.2019,0.2,81.08
46250,924,-2.44399,50,0.8535,0.005644,,62.361,5.3414,0.4,270.26
46300,925,-1.15181,50,0.8534,0.006135,,76.601,3.5841,0.3,118.87
46350,926,-4.96549,50,0.8532,0.006903,,67.5,9.953,0.7,533.24
46400,927,-3.26661,50,0.8531,0.005422,,69.318,6.7628,0.56,364.19
46450,928,-3.13518,50,0.8529,0.005165,,71.639,6.8036,0.58,328.36
46500,929,-1.19266,50,0.8528,0.006738,,65.177,3.663,0.38,122.87
46550,930,-0.91865,50,0.8526,0.00608,,81.625,3.1149,0.24,94.19
46600,931,-2.39635,50,0.8524,0.006721,,65.0,5.5783,0.46,256.45
46650,932,-2.32611,50,0.8523,0.006584,,73.267,5.742,0.36,244.89
46700,933,-5.34083,50,0.8521,0.006338,,68.349,8.6083,0.54,627.24
46750,934,-4.02604,50,0.852,0.006508,,72.422,7.5336,0.54,453.05
46800,935,-1.83707,50,0.8518,0.006257,,61.469,5.407,0.36,177.38
46850,936,-1.63958,50,0.8516,0.00517,,60.332,3.9867,0.32,189.79
46900,937,-1.68551,50,0.8515,0.006032,,67.631,3.723,0.24,189.54
46950,938,-5.01709,50,0.8513,0.006034,,68.467,8.6477,0.6,584.19
47000,939,-2.4111,50,0.8512,0.005883,,70.226,6.5594,0.46,234.8
47050,940,-3.87446,50,0.851,0.007196,,65.061,7.1651,0.54,445.35
47100,941,-2.21119,50,0.8508,0.00658,,72.521,4.9275,0.38,248.7
47150,942,-2.6949,50,0.8507,0.006382,,64.162,7.4912,0.46,255.66
47200,943,-3.04793,50,0.8505,0.006895,,66.25,7.1879,0.54,312.97
47250,944,-2.9055,50,0.8504,0.006766,,68.517,5.1458,0.32,351.34
47300,945,-4.59902,50,0.8502,0.006923,,72.728,8.5381,0.62,521.84
47350,946,-3.52858,50,0.8501,0.005865,,65.0,7.5838,0.6,377.52
47400,947,-1.26819,50,0.8499,0.007002,,79.542,3.947,0.36,116.88
47450,948,-0.06957,50,0.8497,0.00597,,79.106,0.9109,0.12,13.93
47500,949,-2.87688,50,0.8496,0.007438,,66.446,6.9066,0.54,300.05
47550,950,-2.39255,50,0.8494,0.006594,,73.756,5.3593,0.36,260.47
47600,951,-6.25758,50,0.8493,0.006047,,72.5,10.2009,0.7,720.78
47650,952,-1.59348,50,0.8491,0.006266,,61.397,4.6223,0.46,167.76
47700,953,-3.09575,50,0.8489,0.007066,,67.457,7.765,0.5,308.81
47750,954,-2.21182,50,0.8488,0.007763,,69.221,5.6736,0.5,221.13
47800,955,-0.01002,50,0.8486,0.006793,,66.389,0.941,0.12,17.73
47850,956,-2.05696,50,0.8485,0.006121,,71.701,4.6247,0.34,236.65
47900,957,-6.00282,50,0.8483,0.006811,,71.298,11.4528,0.6,651.29
47950,958,-1.83425,50,0.8482,0.006589,,70.606,3.8092,0.32,218.28
48000,959,-5.15378,50,0.848,0.006646,,68.068,9.6813,0.6,571.67
48050,960,-1.29887,50,0.8478,0.006787,,68.352,4.1252,0.3,135.14
48100,961,-0.89325,50,0.8477,0.006838,,66.057,3.1358,0.24,96.3
48150,962,-3.50947,50,0.8475,0.007819,,70.314,7.4975,0.46,377.91
48200,963,-2.45758,50,0.8474,0.006343,,67.5,6.7174,0.54,230.02
48250,964,-0.78106,50,0.8472,0.007904,,66.555,3.0947,0.32,79.15
48300,965,-2.197,50,0.847,0.007066,,62.824,5.4301,0.38,235.34
48350,966,-1.32948,50,0.8469,0.006949,,64.134,3.5981,0.22,149.27
48400,967,-0.40054,50,0.8467,0.007103,,70.328,2.2083,0.22,37.74
48450,968,-1.04968,50,0.8466,0.007716,,63.638,3.6422,0.4,102.8
48500,969,-7.14629,50,0.8464,0.008189,,69.185,12.8895,0.78,793.36
48550,970,-2.41809,50,0.8463,0.007088,,71.296,5.8163,0.46,254.52
48600,971,-4.79769,50,0.8461,0.006027,,76.738,10.5009,0.6,492.46
48650,972,-1.79735,50,0.8459,0.006935,,68.583,5.2378,0.46,170.16
48700,973,-2.97298,50,0.8458,0.007565,,70.008,6.7816,0.56,315.43
48750,974,-2.88475,50,0.8456,0.006598,,66.25,5.6777,0.54,324.08
48800,975,-2.57693,50,0.8455,0.007003,,67.804,6.6051,0.42,257.94
48850,976,-4.52132,50,0.8453,0.007571,,59.086,8.7224,0.66,500.51
48900,977,-1.88253,50,0.8452,0.00695,,61.953,5.1117,0.4,193.48
48950,978,-2.41323,50,0.845,0.006762,,69.272,4.9337,0.42,276.08
49000,979,-2.80614,50,0.8448,0.006797,,66.81,5.8685,0.46,314.74
49050,980,-3.99691,50,0.8447,0.007276,,69.209,8.4138,0.52,424.47
49100,981,-1.58225,50,0.8445,0.007143,,68.302,4.651,0.36,151.2
49150,982,-3.87272,50,0.8444,0.007736,,68.0,8.002,0.56,421.65
49200,983,-3.8911,50,0.8442,0.007519,,76.19,6.8578,0.5,447.0
49250,984,-6.27686,50,0.844,0.007463,,68.899,12.003,0.74,679.41
49300,985,-3.75903,50,0.8439,0.007338,,61.0,7.7116,0.5,411.15
49350,986,-0.87862,50,0.8437,0.006781,,66.831,3.282,0.34,84.56
49400,987,-0.6636,50,0.8436,0.007879,,66.25,2.8077,0.28,66.01
49450,988,-3.262,50,0.8434,0.00832,,70.595,7.0295,0.5,344.44
49500,989,-3.45163,50,0.8433,0.007697,,70.339,8.0123,0.5,357.43
49550,990,-3.02232,50,0.8431,0.008331,,66.018,7.6204,0.64,298.45
49600,991,-0.05344,50,0.8429,0.006576,,70.654,0.8303,0.14,10.77
49650,992,-2.26763,50,0.8428,0.00801,,68.044,5.0362,0.42,252.51
49700,993,-4.25099,50,0.8426,0.006738,,63.674,8.4325,0.6,468.83
49750,994,-2.20629,50,0.8425,0.007087,,70.121,4.6854,0.36,249.07
49800,995,-5.66415,50,0.8423,0.006816,,73.661,12.1898,0.74,583.54
49850,996,-0.34375,50,0.8421,0.007105,,73.172,1.8004,0.16,39.84
49900,997,-1.50817,50,0.842,0.006998,,81.117,4.8477,0.42,138.53
49950,998,-3.75285,50,0.8418,0.007287,,71.948,8.1623,0.58,401.01
50000,999,-1.82096,50,0.8417,0.00761,,70.133,4.4814,0.42,195.84
50050,1000,-2.08144,50,0.8415,0.007927,,63.75,5.6726,0.5,207.57
50100,1001,-4.21304,50,0.8414,0.00979,,66.0,10.0402,0.68,412.07
50150,1002,-1.88663,50,0.8412,0.006858,,66.905,5.9791,0.46,166.81
50200,1003,-0.06106,50,0.841,0.007901,,79.448,0.8263,0.12,14.45
50250,1004,-4.92812,50,0.8409,0.007851,,72.498,8.4161,0.46,568.59
50300,1005,-2.10571,50,0.8407,0.007118,,69.151,5.5633,0.4,213.65
50350,1006,-2.36044,50,0.8406,0.007047,,63.061,5.2115,0.46,256.55
50400,1007,-3.28071,50,0.8404,0.007123,,76.566,6.1894,0.4,371.02
50450,1008,-4.24064,50,0.8402,0.007947,,74.891,9.9947,0.62,419.32
50500,1009,-2.22423,50,0.8401,0.007987,,65.079,5.286,0.44,240.88
50550,1010,-4.86189,50,0.8399,0.007916,,74.422,7.8553,0.42,569.74
50600,1011,-2.86193,50,0.8398,0.007469,,59.76,6.1735,0.48,308.77
50650,1012,-2.113,50,0.8396,0.008602,,67.755,5.6727,0.46,211.45
50700,1013,-2.63784,50,0.8395,0.008188,,70.092,5.6578,0.4,286.4
50750,1014,-0.97532,50,0.8393,0.008042,,68.802,3.3411,0.32,98.94
50800,1015,-3.04851,50,0.8391,0.007813,,65.827,7.2785,0.58,309.42
50850,1016,-3.19642,50,0.839,0.007795,,65.123,7.5231,0.46,327.9
50900,1017,-4.18312,50,0.8388,0.007261,,73.117,8.606,0.5,451.03
50950,1018,-1.89763,50,0.8387,0.007331,,66.545,4.0213,0.36,230.12
51000,1019,-1.00879,50,0.8385,0.007587,,58.623,2.8968,0.28,120.23
51050,1020,-0.26982,50,0.8383,0.008014,,78.919,1.4252,0.22,30.0
51100,1021,-0.88117,50,0.8382,0.008457,,74.185,2.8919,0.2,98.57
51150,1022,-1.78568,50,0.838,0.008194,,71.116,4.8062,0.42,190.21
51200,1023,-1.89175,50,0.8379,0.008773,,73.365,5.1847,0.44,186.44
51250,1024,-2.27517,50,0.8377,0.007723,,72.399,6.0666,0.42,220.25
51300,1025,-5.86989,50,0.8376,0.007493,,66.363,8.8733,0.52,701.29
51350,1026,-3.33271,50,0.8374,0.00789,,61.59,6.8435,0.52,372.9
51400,1027,-3.63459,50,0.8372,0.007416,,71.461,8.5808,0.58,371.27
51450,1028,-1.80382,50,0.8371,0.007339,,68.756,4.725,0.4,191.15
51500,1029,-1.45179,50,0.8369,0.00765,,66.206,4.8632,0.36,133.22
51550,1030,-1.5833,50,0.8368,0.008124,,67.182,4.4563,0.48,167.83
51600,1031,-5.19052,50,0.8366,0.007626,,61.438,10.0456,0.68,571.79
51650,1032,-0.84229,50,0.8364,0.008213,,65.278,2.8467,0.22,88.4
51700,1033,-1.9204,50,0.8363,0.007929,,67.242,5.6386,0.52,179.54
51750,1034,-2.34098,50,0.8361,0.009049,,70.795,5.1101,0.34,259.76
51800,1035,-1.13776,50,0.836,0.008363,,67.377,3.1087,0.3,136.51
51850,1036,-3.28622,50,0.8358,0.008324,,70.803,7.4785,0.48,339.67
51900,1037,-0.9497,50,0.8357,0.006992,,75.563,3.308,0.28,93.6
51950,1038,-5.72667,50,0.8355,0.008468,,67.662,10.271,0.56,648.21
52000,1039,-0.22677,50,0.8353,0.008292,,72.681,1.8059,0.16,26.61
52050,1040,-0.75331,50,0.8352,0.008439,,68.335,2.364,0.18,93.12
52100,1041,-1.1275,50,0.835,0.008405,,68.512,2.6919,0.3,135.82
52150,1042,-0.98726,50,0.8349,0.007813,,65.342,3.7314,0.36,94.43
52200,1043,-1.61733,50,0.8347,0.008345,,67.989,4.6148,0.42,156.0
52250,1044,-4.96674,50,0.8345,0.007643,,78.094,9.3613,0.5,559.11
52300,1045,-6.59191,50,0.8344,0.007605,,78.998,11.1936,0.62,740.84
52350,1046,-3.69659,50,0.8342,0.007009,,71.359,8.0244,0.6,391.83
52400,1047,-3.13955,50,0.8341,0.006936,,69.163,8.0349,0.5,302.91
52450,1048,-1.08901,50,0.8339,0.007623,,78.52,3.0341,0.3,116.28
52500,1049,-1.60987,50,0.8337,0.007984,,63.705,5.0929,0.5,150.61
52550,1050,-4.86588,50,0.8336,0.006816,,70.235,10.8861,0.68,496.82
52600,1051,-2.27488,50,0.8334,0.007863,,65.341,5.9464,0.58,228.82
52650,1052,-2.5419,50,0.8333,0.007045,,69.236,5.6729,0.44,277.56
52700,1053,-3.07011,50,0.8331,0.007526,,74.789,7.2431,0.44,318.95
52750,1054,-3.62248,50,0.833,0.007848,,71.437,7.0538,0.5,407.16
52800,1055,-7.01545,50,0.8328,0.008662,,76.052,13.5699,0.76,750.21
52850,1056,-1.78821,50,0.8326,0.007269,,64.0,4.1931,0.32,203.29
52900,1057,-2.76934,50,0.8325,0.007941,,65.64,6.4118,0.44,287.87
52950,1058,-1.65886,50,0.8323,0.00822,,73.142,5.1332,0.38,148.73
53000,1059,-2.85992,50,0.8322,0.008464,,66.163,6.8485,0.46,301.97
53050,1060,-1.92174,50,0.832,0.006837,,69.0,4.9944,0.44,206.5
53100,1061,-4.06521,50,0.8318,0.007533,,67.955,8.6003,0.5,430.06
53150,1062,-0.73358,50,0.8317,0.007235,,66.462,2.6836,0.2,75.43
53200,1063,-3.01536,50,0.8315,0.007698,,67.584,6.0452,0.54,333.34
53250,1064,-4.9477,50,0.8314,0.007523,,62.064,8.7263,0.56,566.35
53300,1065,-4.29882,50,0.8312,0.007607,,75.0,9.1739,0.56,450.06
53350,1066,-2.65831,50,0.8311,0.007465,,73.666,6.7118,0.5,267.9
53400,1067,-1.12101,50,0.8309,0.007191,,66.715,3.4029,0.26,123.35
53450,1068,-1.45551,50,0.8307,0.006028,,65.544,4.3831,0.36,150.24
53500,1069,-2.60072,50,0.8306,0.008183,,67.609,5.5873,0.5,290.12
53550,1070,-1.40112,50,0.8304,0.006971,,71.806,4.4535,0.34,124.26
53600,1071,-1.55059,50,0.8303,0.006749,,61.539,4.3942,0.34,159.54
53650,1072,-0.01095,50,0.8301,0.00755,,69.825,0.8546,0.06,11.04
53700,1073,-4.48734,50,0.8299,0.006327,,67.625,9.0466,0.7,483.84
53750,1074,-4.79475,50,0.8298,0.007543,,72.576,9.5888,0.54,521.34
53800,1075,-3.04756,50,0.8296,0.007421,,81.625,7.349,0.46,318.54
53850,1076,-0.28093,50,0.8295,0.007716,,62.714,1.858,0.18,31.83
53900,1077,-0.68905,50,0.8293,0.007469,,77.482,2.6566,0.26,62.79
53950,1078,-3.38969,50,0.8292,0.008489,,70.218,8.6631,0.54,333.05
54000,1079,-1.426,50,0.829,0.007487,,80.906,3.8823,0.28,150.42
54050,1080,-1.34205,50,0.8288,0.008032,,78.542,3.886,0.34,136.69
54100,1081,-2.61049,50,0.8287,0.007014,,71.74,6.8361,0.48,252.75
54150,1082,-5.68657,50,0.8285,0.008282,,81.765,10.3981,0.54,638.96
54200,1083,-4.19795,50,0.8284,0.007921,,66.81,9.8911,0.64,415.7
54250,1084,-2.58842,50,0.8282,0.006847,,66.967,5.8906,0.46,277.29
54300,1085,-3.70001,50,0.828,0.007051,,69.532,7.8403,0.48,403.23
54350,1086,-4.16123,50,0.8279,0.00778,,70.244,9.5251,0.66,418.03
54400,1087,-2.36451,50,0.8277,0.006627,,70.873,5.7573,0.36,249.91
54450,1088,-2.6582,50,0.8276,0.00716,,67.187,5.8862,0.5,291.6
54500,1089,-4.73577,50,0.8274,0.00715,,64.394,7.8899,0.56,552.11
54550,1090,-2.74133,50,0.8273,0.007768,,62.44,6.3553,0.42,287.67
54600,1091,-0.84298,50,0.8271,0.007532,,62.242,2.9889,0.38,86.4
54650,1092,-1.40301,50,0.8269,0.007165,,67.4,4.5198,0.44,132.47
54700,1093,-1.7795,50,0.8268,0.007944,,70.484,3.6297,0.28,221.79
54750,1094,-2.94604,50,0.8266,0.008371,,60.33,6.829,0.56,309.08
54800,1095,-1.05524,50,0.8265,0.00765,,70.023,3.6013,0.36,105.66
54850,1096,-2.39982,50,0.8263,0.007636,,66.878,6.68,0.48,229.05
54900,1097,-1.51515,50,0.8262,0.007734,,70.255,4.3299,0.44,152.89
54950,1098,-3.51842,50,0.826,0.007864,,78.893,8.5829,0.48,340.21
55000,1099,-2.04953,50,0.8258,0.007656,,69.961,5.4694,0.36,204.88
55050,1100,-4.33216,50,0.8257,0.006998,,60.303,8.221,0.56,486.6
55100,1101,-1.69495,50,0.8255,0.007106,,74.302,5.2349,0.38,153.19
55150,1102,-5.61687,50,0.8254,0.007568,,72.259,10.5684,0.64,615.94
55200,1103,0.10589,50,0.8252,0.008252,,68.125,0.6025,0.06,5.65
55250,1104,-2.21179,50,0.825,0.007981,,72.516,5.9979,0.32,215.84
55300,1105,-1.73554,50,0.8249,0.006923,,73.772,5.7405,0.54,154.39
55350,1106,-4.32749,50,0.8247,0.008133,,69.117,8.3531,0.62,482.0
55400,1107,-1.9596,50,0.8246,0.007973,,69.985,5.4013,0.4,193.84
55450,1108,-4.09673,50,0.8244,0.008011,,73.736,8.7404,0.66,434.45
55500,1109,-0.99499,50,0.8243,0.008127,,66.266,4.2658,0.42,78.97
55550,1110,-2.4437,50,0.8241,0.00828,,67.108,5.8353,0.46,268.31
55600,1111,-1.27952,50,0.8239,0.007419,,70.03,4.0513,0.32,132.65
55650,1112,-2.49341,50,0.8238,0.008183,,60.511,6.2128,0.48,259.21
55700,1113,-4.08196,50,0.8236,0.008675,,71.653,9.2752,0.56,413.53
55750,1114,-4.56345,50,0.8235,0.006694,,68.511,9.0212,0.56,498.52
55800,1115,0.11447,50,0.8233,0.007883,,75.976,0.658,0.06,6.67
55850,1116,-2.94804,50,0.8231,0.007259,,72.673,7.606,0.48,287.7
55900,1117,-5.74235,50,0.823,0.008666,,67.816,9.947,0.66,651.35
55950,1118,-2.87496,50,0.8228,0.00731,,72.908,7.8301,0.54,273.47
56000,1119,-0.59347,50,0.8227,0.007312,,71.557,2.7008,0.24,66.26
56050,1120,-0.81034,50,0.8225,0.007343,,70.055,3.4153,0.28,73.95
56100,1121,-4.11163,50,0.8224,0.008598,,67.507,8.5124,0.6,440.11
56150,1122,-2.8565,50,0.8222,0.007275,,65.117,7.1235,0.54,280.62
56200,1123,-0.48193,50,0.822,0.007293,,66.828,2.0292,0.22,57.62
56250,1124,-3.37811,50,0.8219,0.008128,,69.784,8.567,0.52,328.31
56300,1125,-4.318,50,0.8217,0.00732,,66.25,8.4768,0.66,470.39
56350,1126,-0.0679,50,0.8216,0.007333,,73.653,1.4069,0.12,10.15
56400,1127,-5.19591,50,0.8214,0.006881,,73.329,10.4553,0.62,551.92
56450,1128,-6.52741,50,0.8212,0.006686,,68.75,13.6843,0.68,674.68
56500,1129,-1.16253,50,0.8211,0.006744,,66.748,4.0317,0.34,111.38
56550,1130,-2.02953,50,0.8209,0.007416,,75.583,5.5631,0.5,194.54
56600,1131,-0.45155,50,0.8208,0.006789,,69.385,2.314,0.26,45.82
56650,1132,-3.65892,50,0.8206,0.008598,,72.214,7.4882,0.42,399.45
56700,1133,-3.00696,50,0.8205,0.006045,,67.34,7.1714,0.54,307.54
56750,1134,-3.97596,50,0.8203,0.006814,,74.438,9.9147,0.6,376.26
56800,1135,-3.89773,50,0.8201,0.006261,,70.339,7.9531,0.52,424.31
56850,1136,-1.45265,50,0.82,0.007744,,60.922,4.585,0.38,142.45
56900,1137,-4.33017,50,0.8198,0.007951,,63.472,8.2025,0.58,484.38
56950,1138,-1.18808,50,0.8197,0.007696,,73.441,3.3869,0.26,137.18
57000,1139,-2.62876,50,0.8195,0.006157,,69.986,6.5295,0.48,262.51
57050,1140,-3.1697,50,0.8193,0.00742,,61.818,7.5386,0.54,323.07
57100,1141,-3.80662,50,0.8192,0.0077,,74.245,7.8411,0.52,421.06
57150,1142,-0.47945,50,0.819,0.007091,,65.737,2.2883,0.2,58.17
57200,1143,-5.24815,50,0.8189,0.007337,,66.541,11.9204,0.66,529.55
57250,1144,-1.81296,50,0.8187,0.007188,,74.607,4.5604,0.38,190.93
57300,1145,-1.26251,50,0.8185,0.00721,,69.742,4.083,0.32,117.17
57350,1146,-4.0002,50,0.8184,0.007505,,71.275,9.0392,0.62,410.17
57400,1147,-1.00099,50,0.8182,0.006831,,80.679,3.1146,0.22,103.75
57450,1148,-0.63923,50,0.8181,0.006698,,67.564,2.6586,0.18,60.85
57500,1149,-5.23863,50,0.8179,0.00687,,67.83,9.2758,0.68,593.12
57550,1150,-0.52687,50,0.8178,0.00688,,72.408,2.7044,0.32,39.39
57600,1151,-6.85378,50,0.8176,0.008617,,66.068,13.133,0.82,736.67
57650,1152,-2.09727,50,0.8174,0.007478,,66.785,4.8031,0.4,236.67
57700,1153,-2.08911,50,0.8173,0.008056,,71.739,5.5245,0.38,212.42
57750,1154,-3.19843,50,0.8171,0.007514,,73.039,7.6732,0.56,320.05
57800,1155,-2.82783,50,0.817,0.007332,,64.051,5.3778,0.36,326.06
57850,1156,-0.11759,50,0.8168,0.0079,,69.695,1.1024,0.14,24.76
57900,1157,-1.55823,50,0.8166,0.007663,,65.017,4.5461,0.44,157.48
57950,1158,-2.57517,50,0.8165,0.008352,,66.892,6.34,0.52,264.97
58000,1159,-1.31268,50,0.8163,0.007339,,72.461,3.3369,0.28,149.37
58050,1160,-2.893,50,0.8162,0.007193,,78.381,5.7626,0.38,324.43
58100,1161,-1.44821,50,0.816,0.006639,,71.74,3.6078,0.32,159.16
58150,1162,-0.94802,50,0.8159,0.006703,,54.0,3.2896,0.4,96.8
58200,1163,-4.82362,50,0.8157,0.006744,,69.0,10.5602,0.6,499.92
58250,1164,-6.7169,50,0.8155,0.008487,,77.238,12.5758,0.66,728.58
58300,1165,-1.11425,50,0.8154,0.007374,,70.318,3.4458,0.28,115.18
58350,1166,-3.77388,50,0.8152,0.007056,,75.363,7.8247,0.5,401.78
58400,1167,-3.34378,50,0.8151,0.00667,,70.905,6.437,0.5,380.66
58450,1168,-2.02614,50,0.8149,0.00675,,71.724,4.6117,0.38,221.85
58500,1169,-0.21434,50,0.8147,0.008418,,69.749,1.5624,0.14,27.31
58550,1170,-0.13932,50,0.8146,0.00754,,78.249,1.6893,0.1,8.9
58600,1171,-0.89313,50,0.8144,0.006707,,66.854,3.5531,0.38,77.4
58650,1172,-2.03543,50,0.8143,0.007168,,65.1,5.4221,0.5,207.57
58700,1173,0.02357,50,0.8141,0.006883,,67.375,1.1464,0.1,8.84
58750,1174,-1.67818,50,0.814,0.007699,,69.737,4.7019,0.42,167.67
58800,1175,-1.05116,50,0.8138,0.007906,,64.921,3.2881,0.3,120.08
58850,1176,-6.43299,50,0.8136,0.007722,,73.284,13.9033,0.7,653.24
58900,1177,-3.34267,50,0.8135,0.006683,,73.153,8.2766,0.6,332.58
58950,1178,-3.64955,50,0.8133,0.00744,,65.6,7.5816,0.54,394.98
59000,1179,-6.24906,50,0.8132,0.008162,,74.544,12.4952,0.66,658.02
59050,1180,-0.21263,50,0.813,0.007619,,81.795,0.8575,0.08,32.91
59100,1181,-3.06868,50,0.8128,0.006767,,70.651,7.3182,0.5,313.68
59150,1182,-2.47035,50,0.8127,0.006738,,65.349,5.9007,0.48,257.27
59200,1183,-4.24754,50,0.8125,0.007349,,73.37,10.1011,0.62,422.37
59250,1184,-0.61073,50,0.8124,0.008541,,78.673,2.9802,0.28,44.61
59300,1185,-6.07579,50,0.8122,0.00771,,67.875,13.0158,0.8,624.35
59350,1186,-7.75062,50,0.8121,0.006643,,71.828,13.5852,0.72,860.49
59400,1187,-0.87942,50,0.8119,0.006694,,71.084,3.1844,0.26,86.99
59450,1188,-0.83991,50,0.8117,0.008075,,76.275,2.9482,0.24,79.38
59500,1189,-3.82206,50,0.8116,0.007294,,70.549,8.3243,0.52,400.99
59550,1190,-4.13631,50,0.8114,0.006901,,75.311,9.5484,0.56,421.01
59600,1191,-2.08488,50,0.8113,0.006984,,67.2,5.0473,0.46,226.26
59650,1192,-0.39285,50,0.8111,0.007931,,70.927,2.4427,0.24,34.76
59700,1193,-2.886,50,0.811,0.00711,,76.682,7.1981,0.46,285.03
59750,1194,-3.87535,50,0.8108,0.00695,,69.392,8.8741,0.56,389.83
59800,1195,-2.3428,50,0.8106,0.007431,,71.557,5.2605,0.42,258.34
59850,1196,-1.67255,50,0.8105,0.006866,,62.854,4.1592,0.38,185.01
59900,1197,-1.17948,50,0.8103,0.006619,,62.255,2.5226,0.36,153.69
59950,1198,-2.03515,50,0.8102,0.00737,,58.885,5.3725,0.46,208.1
60000,1199,-3.79812,50,0.81,0.007273,,68.111,8.6664,0.58,385.99
60050,1200,-0.17797,50,0.8098,0.008369,,61.214,1.6261,0.16,23.63
60100,1201,-2.64549,50,0.8097,0.008321,,70.783,7.3919,0.46,245.19
60150,1202,-1.93141,50,0.8095,0.007085,,68.169,4.8442,0.38,211.25
60200,1203,-1.23524,50,0.8094,0.007408,,74.965,3.466,0.26,133.39
60250,1204,-2.00036,50,0.8092,0.008098,,71.126,5.9264,0.48,196.77
60300,1205,-3.57947,50,0.8091,0.008045,,66.811,8.1271,0.54,371.35
60350,1206,-5.29506,50,0.8089,0.007754,,74.52,8.8158,0.52,612.36
60400,1207,-3.85146,50,0.8087,0.008746,,71.965,7.3691,0.46,425.94
60450,1208,-3.34396,50,0.8086,0.008289,,72.774,7.9916,0.54,333.58
60500,1209,-1.36618,50,0.8084,0.008063,,74.209,3.6139,0.32,143.72
60550,1210,-2.14966,50,0.8083,0.007859,,72.0,6.1729,0.46,206.15
60600,1211,-0.62862,50,0.8081,0.008434,,68.294,3.0469,0.24,58.65
60650,1212,-1.09988,50,0.8079,0.007587,,73.76,2.8731,0.3,123.88
60700,1213,-0.6127,50,0.8078,0.007273,,65.133,2.4235,0.24,72.99
60750,1214,-1.74136,50,0.8076,0.00681,,67.026,5.3116,0.4,158.8
60800,1215,-3.34314,50,0.8075,0.00758,,74.497,8.1466,0.58,331.77
60850,1216,-0.75259,50,0.8073,0.008521,,80.122,2.8669,0.26,64.55
60900,1217,-4.33922,50,0.8072,0.007306,,73.735,8.6178,0.6,466.91
60950,1218,-3.94806,50,0.807,0.007877,,70.764,6.777,0.48,460.57
61000,1219,-3.32393,50,0.8068,0.007409,,64.396,8.6956,0.62,313.39
61050,1220,-3.72736,50,0.8067,0.008109,,76.032,8.5183,0.52,375.58
61100,1221,-0.28727,50,0.8065,0.007383,,61.54,1.5596,0.18,39.87
61150,1222,-2.99683,50,0.8064,0.008158,,70.133,6.2691,0.46,335.57
61200,1223,-2.96827,50,0.8062,0.006583,,68.586,6.0276,0.48,340.23
61250,1224,-0.68243,50,0.806,0.007119,,68.013,2.1145,0.2,89.21
61300,1225,-4.31963,50,0.8059,0.007278,,76.482,8.2952,0.5,481.26
61350,1226,-1.82812,50,0.8057,0.008219,,65.982,3.9815,0.38,216.14
61400,1227,-3.34437,50,0.8056,0.007203,,66.88,8.8712,0.66,316.0
61450,1228,-2.22924,50,0.8054,0.008669,,72.352,4.919,0.38,247.24
61500,1229,-2.56051,50,0.8053,0.007866,,69.987,6.0697,0.44,273.06
61550,1230,-1.67902,50,0.8051,0.008676,,59.704,4.9821,0.46,174.37
61600,1231,-1.84516,50,0.8049,0.006846,,62.458,5.1468,0.4,187.78
61650,1232,-4.00151,50,0.8048,0.008515,,72.315,6.92,0.42,460.31
61700,1233,-3.08219,50,0.8046,0.008018,,68.75,7.2923,0.54,315.86
61750,1234,-0.7735,50,0.8045,0.007522,,67.417,2.4084,0.2,92.94
61800,1235,-5.91957,50,0.8043,0.009568,,74.094,10.3907,0.68,671.58
61850,1236,-2.99956,50,0.8041,0.008187,,73.29,7.2985,0.4,301.98
61900,1237,-3.33256,50,0.804,0.007854,,61.636,7.3343,0.62,353.31
61950,1238,-1.97592,50,0.8038,0.007598,,66.929,5.4573,0.52,198.19
62000,1239,-3.75685,50,0.8037,0.007078,,68.934,7.7843,0.66,416.55
62050,1240,-9.00717,50,0.8035,0.00757,,81.054,14.8051,0.72,1022.82
62100,1241,-1.37481,50,0.8034,0.007461,,68.771,3.663,0.34,151.0
62150,1242,-3.42722,50,0.8032,0.008533,,71.643,8.0831,0.38,346.59
62200,1243,-3.24367,50,0.803,0.007559,,70.026,7.7232,0.54,329.55
62250,1244,-2.39552,50,0.8029,0.007246,,71.41,5.8648,0.48,244.14
62300,1245,-1.83145,50,0.8027,0.007945,,65.772,5.2701,0.46,171.6
62350,1246,-2.13066,50,0.8026,0.007568,,80.0,5.8606,0.4,207.61
62400,1247,-1.61517,50,0.8024,0.007562,,71.529,4.7614,0.38,161.15
62450,1248,-2.63835,50,0.8022,0.008001,,70.732,5.5024,0.4,296.09
62500,1249,-1.09767,50,0.8021,0.007079,,76.25,4.2461,0.38,85.01
62550,1250,-0.3109,50,0.8019,0.007135,,62.958,1.7745,0.26,35.92
62600,1251,-6.14119,50,0.8018,0.007925,,74.0,11.164,0.72,685.31
62650,1252,-5.38128,50,0.8016,0.007441,,72.5,10.6897,0.66,578.11
62700,1253,-1.68468,50,0.8014,0.007491,,69.321,5.3942,0.46,150.34
62750,1254,-2.32354,50,0.8013,0.008496,,69.876,5.8779,0.42,239.25
62800,1255,-2.22333,50,0.8011,0.007501,,64.111,4.8911,0.4,248.11
62850,1256,-2.62534,50,0.801,0.008133,,66.25,6.7223,0.46,266.76
62900,1257,-3.31143,50,0.8008,0.007514,,72.72,6.5076,0.46,374.95
62950,1258,-2.82902,50,0.8007,0.007473,,68.774,5.4613,0.42,331.75
63000,1259,-5.11148,50,0.8005,0.007609,,67.075,10.6833,0.66,538.52
63050,1260,-1.25698,50,0.8003,0.007822,,66.167,4.2696,0.4,110.45
63100,1261,-1.43231,50,0.8002,0.00796,,67.751,3.7216,0.4,164.7
63150,1262,-1.57783,50,0.8,0.008164,,63.818,3.5989,0.44,187.73
63200,1263,-2.21617,50,0.7999,0.007569,,70.938,5.6902,0.52,218.81
63250,1264,-3.04849,50,0.7997,0.007193,,76.48,5.7209,0.34,347.75
63300,1265,-0.34783,50,0.7995,0.007151,,75.84,2.1019,0.22,36.53
63350,1266,-3.47699,50,0.7994,0.007173,,73.083,7.5055,0.58,369.4
63400,1267,-1.74879,50,0.7992,0.006618,,71.626,5.3665,0.34,164.93
63450,1268,-3.03415,50,0.7991,0.006939,,73.0,8.0953,0.5,285.09
63500,1269,-4.5978,50,0.7989,0.006467,,69.0,10.3277,0.58,468.22
63550,1270,-1.40402,50,0.7988,0.007374,,70.249,3.9836,0.38,137.53
63600,1271,-2.50348,50,0.7986,0.007539,,64.804,5.6501,0.48,276.07
63650,1272,-2.52732,50,0.7984,0.00881,,75.855,6.6196,0.5,247.29
63700,1273,-3.08848,50,0.7983,0.007326,,72.228,7.7878,0.6,307.97
63750,1274,-3.03429,50,0.7981,0.007069,,68.748,7.9142,0.52,299.24
63800,1275,-2.76635,50,0.798,0.006213,,75.258,7.6239,0.46,259.48
63850,1276,-2.30057,50,0.7978,0.007741,,72.5,5.615,0.4,244.34
63900,1277,-2.5776,50,0.7976,0.008274,,71.199,6.3206,0.46,265.52
63950,1278,-0.57438,50,0.7975,0.006476,,73.312,2.4663,0.12,59.32
64000,1279,-3.98581,50,0.7973,0.007712,,70.4,7.7936,0.5,443.17
64050,1280,-0.52021,50,0.7972,0.007908,,70.853,2.4976,0.2,50.57
64100,1281,-1.45094,50,0.797,0.007646,,70.658,4.5052,0.38,141.35
64150,1282,-1.9919,50,0.7969,0.008618,,72.322,5.6095,0.4,187.45
64200,1283,-1.03724,50,0.7967,0.00712,,62.696,3.3934,0.34,106.03
64250,1284,-0.86919,50,0.7965,0.007951,,66.609,3.6329,0.3,80.65
64300,1285,-5.58335,50,0.7964,0.0074,,65.145,10.2363,0.62,623.81
64350,1286,-1.41751,50,0.7962,0.006747,,66.37,4.4441,0.36,136.63
64400,1287,-3.90294,50,0.7961,0.006903,,66.259,7.7226,0.56,436.4
64450,1288,-2.27898,50,0.7959,0.009118,,65.0,5.5216,0.48,236.05
64500,1289,-1.47,50,0.7957,0.007996,,76.874,5.0414,0.38,130.68
64550,1290,-2.64534,50,0.7956,0.008461,,73.831,6.8249,0.44,255.98
64600,1291,-2.2297,50,0.7954,0.008143,,77.918,5.9535,0.44,218.16
64650,1292,-2.97678,50,0.7953,0.007463,,67.0,7.3793,0.54,302.44
64700,1293,-0.46739,50,0.7951,0.007542,,61.25,2.3687,0.14,44.89
64750,1294,-3.99167,50,0.795,0.007364,,72.675,7.5853,0.6,442.99
64800,1295,-1.1992,50,0.7948,0.00789,,67.641,3.5213,0.36,131.73
64850,1296,-4.35998,50,0.7946,0.007588,,68.75,8.4278,0.68,479.6
64900,1297,-3.24501,50,0.7945,0.007076,,76.586,7.4836,0.48,333.01
64950,1298,-2.37914,50,0.7943,0.007482,,68.342,5.7311,0.42,254.43
65000,1299,-1.5809,50,0.7942,0.007831,,69.371,4.6778,0.48,152.03
65050,1300,-1.84996,50,0.794,0.00648,,72.715,4.5174,0.3,207.6
65100,1301,-2.94155,50,0.7938,0.008014,,73.384,6.1357,0.44,326.86
65150,1302,-0.94519,50,0.7937,0.007276,,68.803,3.4573,0.4,91.0
65200,1303,-6.23047,50,0.7935,0.006577,,69.803,12.3143,0.66,663.18
65250,1304,-0.49287,50,0.7934,0.007529,,65.938,2.1544,0.24,58.83
65300,1305,-6.25409,50,0.7932,0.007684,,67.967,12.8857,0.8,649.55
65350,1306,-1.73801,50,0.7931,0.007508,,66.787,5.304,0.4,168.6
65400,1307,-1.8067,50,0.7929,0.007453,,77.723,4.2923,0.38,198.56
65450,1308,-3.02567,50,0.7927,0.008522,,63.217,6.5327,0.54,335.13
65500,1309,-1.14314,50,0.7926,0.007768,,67.64,3.6633,0.4,124.51
65550,1310,-5.51345,50,0.7924,0.008455,,65.312,9.5466,0.62,624.33
65600,1311,-1.58551,50,0.7923,0.008196,,64.87,4.5901,0.44,170.48
65650,1312,-0.55405,50,0.7921,0.006569,,75.049,2.5926,0.24,51.59
65700,1313,-1.56542,50,0.792,0.006765,,71.708,4.4474,0.36,164.55
65750,1314,-0.52448,50,0.7918,0.006779,,72.628,2.217,0.22,55.5
65800,1315,-3.48577,50,0.7916,0.007487,,68.593,6.7612,0.54,394.83
65850,1316,-4.50791,50,0.7915,0.007532,,69.0,8.9347,0.66,488.4
65900,1317,-0.78167,50,0.7913,0.006447,,67.782,3.5097,0.26,68.93
65950,1318,-0.26081,50,0.7912,0.007859,,68.808,1.9819,0.18,28.16
66000,1319,-0.22988,50,0.791,0.00813,,65.765,1.7028,0.16,28.06
66050,1320,-0.10565,50,0.7908,0.007842,,67.334,1.436,0.1,13.72
66100,1321,-0.76246,50,0.7907,0.007399,,67.551,3.1074,0.22,73.89
66150,1322,-6.07968,50,0.7905,0.007776,,70.544,12.0776,0.76,654.91
66200,1323,-2.06371,50,0.7904,0.007517,,65.269,6.2772,0.58,187.37
66250,1324,-3.14041,50,0.7902,0.007511,,73.041,7.4741,0.54,320.45
66300,1325,-5.78254,50,0.7901,0.006823,,70.975,11.3442,0.62,618.6
66350,1326,-1.3688,50,0.7899,0.007018,,72.337,3.9138,0.4,142.15
66400,1327,-0.47251,50,0.7897,0.00713,,73.514,2.617,0.2,39.44
66450,1328,-3.33259,50,0.7896,0.007559,,69.63,7.9164,0.58,338.94
66500,1329,-0.17963,50,0.7894,0.007889,,69.166,1.529,0.14,16.65
66550,1330,0.03942,50,0.7893,0.008178,,62.194,0.7011,0.12,8.09
66600,1331,-3.70569,50,0.7891,0.008395,,74.377,8.3879,0.56,386.13
66650,1332,0.02502,50,0.7889,0.007235,,66.215,0.8827,0.14,8.71
66700,1333,-4.13242,50,0.7888,0.007258,,75.599,9.3551,0.66,420.46
66750,1334,-2.91412,50,0.7886,0.00716,,66.88,7.295,0.56,291.36
66800,1335,-1.53657,50,0.7885,0.007914,,72.605,4.1365,0.44,157.91
66850,1336,-2.67912,50,0.7883,0.007003,,61.771,6.127,0.46,286.26
66900,1337,-2.9791,50,0.7882,0.007178,,63.374,6.1737,0.58,333.8
66950,1338,-0.73848,50,0.788,0.007013,,72.396,2.8393,0.24,79.11
67000,1339,-5.12972,50,0.7878,0.008491,,71.764,8.9107,0.56,595.97
67050,1340,-3.83256,50,0.7877,0.008449,,70.687,8.8568,0.54,389.53
67100,1341,-0.39742,50,0.7875,0.008221,,64.501,2.223,0.24,37.83
67150,1342,-1.95266,50,0.7874,0.007978,,65.058,4.9356,0.4,209.05
67200,1343,-3.70863,50,0.7872,0.007836,,74.792,7.3154,0.46,412.3
67250,1344,-0.86912,50,0.787,0.008037,,72.757,2.4984,0.22,99.7
67300,1345,-2.84102,50,0.7869,0.007141,,68.133,6.5522,0.5,307.83
67350,1346,-5.45492,50,0.7867,0.007429,,71.702,10.3408,0.62,600.02
67400,1347,-1.41762,50,0.7866,0.007272,,61.25,4.0179,0.36,161.45
67450,1348,-1.64053,50,0.7864,0.007119,,81.299,4.2279,0.26,173.95
67500,1349,-2.77928,50,0.7863,0.006302,,62.998,6.1547,0.46,295.91
67550,1350,-1.44276,50,0.7861,0.007364,,58.854,4.4392,0.34,143.87
67600,1351,-3.25875,50,0.7859,0.00635,,72.355,7.4145,0.54,344.14
67650,1352,-6.26825,50,0.7858,0.007123,,75.622,11.322,0.66,701.36
67700,1353,-7.56827,50,0.7856,0.008694,,69.332,13.3809,0.76,842.87
67750,1354,-0.19013,50,0.7855,0.007184,,60.02,1.7383,0.2,18.61
67800,1355,-0.31746,50,0.7853,0.007079,,77.383,2.08,0.16,24.88
67850,1356,-2.68275,50,0.7851,0.00874,,79.95,6.093,0.52,285.68
67900,1357,-3.39428,50,0.785,0.007845,,68.677,7.6155,0.48,354.45
67950,1358,-1.25036,50,0.7848,0.008325,,62.074,3.3661,0.28,146.78
68000,1359,-4.44048,50,0.7847,0.007835,,74.311,9.9693,0.54,445.09
68050,1360,-1.85838,50,0.7845,0.007154,,63.814,5.3711,0.42,180.01
68100,1361,-0.92378,50,0.7843,0.007092,,80.446,3.0623,0.22,92.75
68150,1362,-2.54653,50,0.7842,0.007258,,62.171,4.8762,0.38,300.34
68200,1363,-3.43838,50,0.784,0.007446,,73.1,8.5366,0.56,347.0
68250,1364,-0.54672,50,0.7839,0.006765,,83.823,2.266,0.18,59.62
68300,1365,-3.55075,50,0.7837,0.007573,,73.849,6.6551,0.54,409.22
68350,1366,-0.9489,50,0.7836,0.00761,,65.953,2.9019,0.24,106.21
68400,1367,-1.58381,50,0.7834,0.007509,,68.873,4.5782,0.38,160.61
68450,1368,-1.11519,50,0.7832,0.00744,,61.69,3.2013,0.28,131.17
68500,1369,-0.14282,50,0.7831,0.007531,,57.743,1.3968,0.16,24.42
68550,1370,-0.77548,50,0.7829,0.007504,,65.829,3.0068,0.3,79.38
68600,1371,-4.127,50,0.7828,0.006946,,65.996,7.6823,0.56,462.76
68650,1372,-0.22182,50,0.7826,0.008219,,71.299,1.5627,0.12,26.13
68700,1373,-4.11499,50,0.7824,0.007725,,73.233,8.6403,0.6,431.39
68750,1374,-3.69839,50,0.7823,0.007847,,66.287,7.1237,0.52,416.68
68800,1375,-0.47047,50,0.7821,0.007715,,65.093,2.3809,0.3,45.19
68850,1376,-3.63384,50,0.782,0.007642,,73.042,8.9208,0.56,355.23
68900,1377,-3.28746,50,0.7818,0.00747,,68.82,7.2939,0.58,357.14
68950,1378,-1.27748,50,0.7817,0.006786,,67.187,4.1524,0.38,122.82
69000,1379,-0.4244,50,0.7815,0.006263,,73.874,2.3022,0.22,44.32
69050,1380,-0.75457,50,0.7813,0.00676,,64.31,2.696,0.32,92.31
69100,1381,-0.48967,50,0.7812,0.007986,,73.652,2.366,0.12,47.36
69150,1382,-0.79465,50,0.781,0.007049,,68.896,2.4747,0.22,99.2
69200,1383,-1.98209,50,0.7809,0.00698,,62.719,5.3056,0.44,201.48
69250,1384,-0.8209,50,0.7807,0.007953,,59.45,3.0409,0.32,92.01
69300,1385,-0.50599,50,0.7805,0.007684,,69.288,2.6279,0.28,40.19
69350,1386,-3.53493,50,0.7804,0.006829,,74.898,7.8559,0.52,367.43
69400,1387,-2.05003,50,0.7802,0.006621,,59.0,5.0138,0.52,220.53
69450,1388,-3.10108,50,0.7801,0.006836,,72.239,8.1241,0.6,297.02
69500,1389,-2.10506,50,0.7799,0.006906,,75.597,5.0417,0.42,227.54
69550,1390,-4.2055,50,0.7798,0.007896,,63.708,8.4944,0.54,458.26
69600,1391,-1.93287,50,0.7796,0.006666,,67.623,4.5844,0.38,210.81
69650,1392,-3.0157,50,0.7794,0.007413,,64.385,6.7522,0.6,320.97
69700,1393,-3.86245,50,0.7793,0.006586,,73.864,8.873,0.58,389.23
69750,1394,-3.09004,50,0.7791,0.007044,,64.238,6.9921,0.56,323.98
69800,1395,-2.20698,50,0.779,0.007905,,68.088,5.496,0.48,230.41
69850,1396,-0.56651,50,0.7788,0.0074,,73.523,2.3883,0.22,55.04
69900,1397,-6.37926,50,0.7787,0.006979,,72.479,10.9808,0.68,720.98
69950,1398,-1.3136,50,0.7785,0.007131,,66.401,3.9431,0.34,129.27
70000,1399,-0.50472,50,0.7783,0.007511,,65.445,2.6136,0.32,41.3
70050,1400,-3.06003,50,0.7782,0.008228,,75.586,6.761,0.5,327.69
70100,1401,-2.40467,50,0.778,0.006809,,64.162,6.1809,0.52,241.92
70150,1402,-1.5834,50,0.7779,0.007771,,66.741,4.6725,0.42,153.31
70200,1403,-3.19964,50,0.7777,0.008495,,66.981,7.8751,0.5,318.97
70250,1404,-6.97619,50,0.7775,0.007536,,74.4,11.5687,0.62,806.72
70300,1405,-2.98962,50,0.7774,0.006796,,72.464,7.7837,0.5,290.67
70350,1406,-3.79787,50,0.7772,0.007892,,69.259,7.92,0.54,408.04
70400,1407,-1.11278,50,0.7771,0.006947,,64.745,3.6822,0.38,118.22
70450,1408,-4.67972,50,0.7769,0.007401,,68.012,10.0317,0.66,491.3
70500,1409,-0.97825,50,0.7768,0.007895,,62.167,2.8249,0.22,115.43
70550,1410,-6.35333,50,0.7766,0.008259,,69.238,12.3498,0.72,684.68
70600,1411,-3.68235,50,0.7764,0.007942,,71.193,7.4799,0.52,404.22
70650,1412,-2.28809,50,0.7763,0.008081,,74.508,5.6839,0.32,233.09
70700,1413,-0.04836,50,0.7761,0.007083,,76.474,0.9249,0.18,14.03
70750,1414,-4.39867,50,0.776,0.007159,,65.971,10.0772,0.56,440.26
70800,1415,-0.89377,50,0.7758,0.008133,,70.465,3.9282,0.34,73.82
70850,1416,-2.84439,50,0.7756,0.007132,,63.395,6.3266,0.52,306.46
70900,1417,-0.45506,50,0.7755,0.006817,,69.43,2.1854,0.16,42.34
70950,1418,-5.46049,50,0.7753,0.00749,,74.22,10.045,0.58,607.3
71000,1419,-0.04467,50,0.7752,0.008582,,66.251,1.2944,0.14,12.09
71050,1420,-3.48721,50,0.775,0.007011,,64.378,8.3976,0.62,347.35
71100,1421,-3.19461,50,0.7749,0.007085,,74.192,8.1992,0.5,303.45
71150,1422,-1.42239,50,0.7747,0.006667,,72.507,3.9304,0.32,149.95
71200,1423,-0.17814,50,0.7745,0.007484,,64.071,1.5909,0.18,20.88
71250,1424,-2.2591,50,0.7744,0.00825,,73.657,6.1039,0.48,220.5
71300,1425,-0.94438,50,0.7742,0.006806,,66.325,3.7431,0.44,83.89
71350,1426,-2.66687,50,0.7741,0.007665,,62.033,5.8097,0.48,289.65
71400,1427,-4.01434,50,0.7739,0.005915,,72.088,8.1951,0.5,433.67
71450,1428,-1.41105,50,0.7737,0.00683,,63.878,3.2436,0.36,168.12
71500,1429,-1.72761,50,0.7736,0.006978,,63.354,4.8382,0.4,184.52
71550,1430,-1.81245,50,0.7734,0.00764,,64.54,4.3573,0.42,197.37
71600,1431,-7.2668,50,0.7733,0.007834,,74.956,15.5032,0.72,733.96
71650,1432,-0.74585,50,0.7731,0.008203,,72.908,2.8182,0.24,76.38
71700,1433,-1.10513,50,0.773,0.007142,,63.816,3.3411,0.36,121.28
71750,1434,-0.5762,50,0.7728,0.007645,,72.204,2.4318,0.24,62.78
71800,1435,-1.56384,50,0.7726,0.006311,,60.525,4.2433,0.28,165.63
71850,1436,0.11286,50,0.7725,0.007393,,80.823,0.6413,0.0,0.0
71900,1437,-3.0525,50,0.7723,0.007396,,69.074,8.6829,0.56,267.14
71950,1438,-1.49239,50,0.7722,0.007319,,71.315,5.4102,0.44,124.43
72000,1439,-2.62662,50,0.772,0.007941,,67.908,6.1812,0.5,275.26
72050,1440,-0.44689,50,0.7718,0.006818,,71.97,2.0515,0.26,55.27
72100,1441,-2.3497,50,0.7717,0.006539,,76.232,6.1565,0.56,226.32
72150,1442,-1.30999,50,0.7715,0.006817,,67.811,3.9924,0.32,131.54
72200,1443,-0.80596,50,0.7714,0.007701,,65.397,3.1135,0.32,76.38
72250,1444,-1.24289,50,0.7712,0.006915,,63.924,4.4808,0.44,108.95
72300,1445,-0.05553,50,0.7711,0.007221,,79.209,1.2038,0.1,12.32
72350,1446,-3.59388,50,0.7709,0.007547,,68.638,7.5584,0.56,379.51
72400,1447,-5.17313,50,0.7707,0.007735,,70.149,10.5773,0.62,544.18
72450,1448,-2.78407,50,0.7706,0.008053,,75.919,6.5945,0.54,282.88
72500,1449,-2.87365,50,0.7704,0.006916,,83.889,6.2983,0.5,302.43
72550,1450,-4.45744,50,0.7703,0.007985,,69.48,8.1745,0.56,501.59
72600,1451,-0.85659,50,0.7701,0.007515,,64.633,3.4567,0.4,87.35
72650,1452,-5.48002,50,0.7699,0.006307,,71.352,11.0814,0.74,584.38
72700,1453,-2.61766,50,0.7698,0.007041,,71.192,6.7257,0.48,266.68
72750,1454,-0.20722,50,0.7696,0.007725,,69.497,1.6983,0.14,37.94
72800,1455,-3.97408,50,0.7695,0.006805,,72.0,8.2077,0.5,428.67
72850,1456,-1.30487,50,0.7693,0.005896,,73.171,4.4931,0.32,114.88
72900,1457,-2.50036,50,0.7692,0.007038,,74.837,6.9581,0.6,232.19
72950,1458,-5.9444,50,0.769,0.007459,,70.719,10.8483,0.7,657.09
73000,1459,-0.28138,50,0.7688,0.007213,,68.17,1.6446,0.2,34.48
73050,1460,-5.63676,50,0.7687,0.007553,,70.177,10.6351,0.68,621.61
73100,1461,-1.19031,50,0.7685,0.00831,,61.683,3.5149,0.34,121.53
73150,1462,-1.55141,50,0.7684,0.007302,,64.708,4.4801,0.38,159.12
73200,1463,-4.5274,50,0.7682,0.007995,,66.221,7.408,0.56,531.24
73250,1464,-0.01064,50,0.768,0.007982,,66.222,0.9814,0.14,10.29
73300,1465,-0.3107,50,0.7679,0.007326,,78.352,1.7899,0.24,41.29
73350,1466,-2.42019,50,0.7677,0.006142,,75.317,5.5611,0.36,255.1
73400,1467,-6.16739,50,0.7676,0.007501,,66.871,11.1691,0.68,684.85
73450,1468,-1.04837,50,0.7674,0.007045,,68.741,3.6725,0.36,97.83
73500,1469,-2.37092,50,0.7672,0.00739,,60.0,5.5886,0.48,251.87
73550,1470,-3.60895,50,0.7671,0.006817,,67.0,8.8473,0.62,357.16
73600,1471,0.08563,50,0.7669,0.00709,,70.629,0.6665,0.06,7.44
73650,1472,-1.48527,50,0.7668,0.006958,,66.148,3.5464,0.34,171.62
73700,1473,-2.98262,50,0.7666,0.00644,,75.323,6.7154,0.54,317.87
73750,1474,-1.0713,50,0.7665,0.006316,,70.0,3.9291,0.34,96.99
73800,1475,-4.36988,50,0.7663,0.00676,,74.0,9.6221,0.56,449.82
73850,1476,-1.59786,50,0.7661,0.006923,,74.397,4.8596,0.34,152.87
73900,1477,-1.31721,50,0.766,0.005887,,71.996,4.2933,0.3,126.1
73950,1478,-3.51924,50,0.7658,0.006083,,71.82,8.9654,0.5,334.99
74000,1479,-0.9499,50,0.7657,0.006667,,64.732,3.1735,0.32,104.3
74050,1480,-0.35102,50,0.7655,0.007382,,66.422,2.5291,0.22,34.3
74100,1481,-1.86308,50,0.7653,0.007353,,73.58,5.2935,0.42,183.45
74150,1482,-4.47052,50,0.7652,0.006505,,74.762,10.0966,0.6,447.15
74200,1483,-2.48032,50,0.765,0.006372,,75.672,6.7724,0.46,241.5
74250,1484,-1.94123,50,0.7649,0.007798,,68.0,6.015,0.46,173.17
74300,1485,-2.89353,50,0.7647,0.007464,,75.094,6.8484,0.48,296.01
74350,1486,-0.44105,50,0.7646,0.006998,,59.078,2.4758,0.26,47.41
74400,1487,-3.31659,50,0.7644,0.008614,,67.0,6.7143,0.5,372.66
74450,1488,-2.03869,50,0.7642,0.007015,,69.222,5.5698,0.48,207.59
74500,1489,-0.6176,50,0.7641,0.007827,,67.957,1.8879,0.16,74.19
74550,1490,-1.64616,50,0.7639,0.006964,,71.664,4.759,0.24,153.01
74600,1491,-2.42691,50,0.7638,0.007419,,71.387,6.3593,0.52,243.96
74650,1492,-3.09473,50,0.7636,0.007029,,74.366,6.24,0.42,344.23
74700,1493,-2.73324,50,0.7634,0.007544,,67.543,7.3559,0.58,259.77
74750,1494,-1.35341,50,0.7633,0.007146,,66.296,3.2222,0.2,155.06
74800,1495,-3.62577,50,0.7631,0.007349,,72.351,6.206,0.46,426.25
74850,1496,-2.75935,50,0.763,0.007426,,69.554,6.714,0.46,287.05
74900,1497,-0.35478,50,0.7628,0.007231,,66.917,2.1901,0.22,39.41
74950,1498,-3.96046,50,0.7627,0.007067,,60.395,8.106,0.54,429.59
75000,1499,-5.19022,50,0.7625,0.006648,,74.047,10.5544,0.72,545.77
75050,1500,-2.80008,50,0.7623,0.006803,,73.912,6.3218,0.42,294.33
75100,1501,-2.0165,50,0.7622,0.006995,,68.583,5.732,0.34,200.93
75150,1502,-1.60798,50,0.762,0.008038,,73.267,4.6688,0.38,161.93
75200,1503,-4.60964,50,0.7619,0.007283,,68.506,8.1987,0.52,530.16
75250,1504,-6.55128,50,0.7617,0.007178,,72.5,10.9828,0.68,751.98
75300,1505,-1.2443,50,0.7615,0.007636,,71.974,3.9088,0.44,131.41
75350,1506,-3.54992,50,0.7614,0.008259,,66.373,8.342,0.5,360.64
75400,1507,-4.69402,50,0.7612,0.006543,,67.866,10.3351,0.66,481.38
75450,1508,-2.91812,50,0.7611,0.00607,,65.318,6.8768,0.56,300.91
75500,1509,-3.96737,50,0.7609,0.006549,,60.461,8.9283,0.54,415.56
75550,1510,-6.26278,50,0.7608,0.007203,,69.21,11.3241,0.64,704.59
75600,1511,-2.05817,50,0.7606,0.007079,,66.803,5.2015,0.44,218.3
75650,1512,-2.01377,50,0.7604,0.007343,,68.77,5.6703,0.46,196.88
75700,1513,-6.34107,50,0.7603,0.007664,,66.824,11.4322,0.68,705.83
75750,1514,-5.5518,50,0.7601,0.006947,,69.957,10.6501,0.64,602.56
75800,1515,-0.3337,50,0.76,0.006839,,72.24,1.2492,0.14,55.08
75850,1516,-2.05664,50,0.7598,0.007879,,78.559,5.055,0.44,212.55
75900,1517,-0.56781,50,0.7597,0.007789,,73.865,2.5586,0.24,57.01
75950,1518,-2.41453,50,0.7595,0.006834,,72.427,5.9624,0.42,246.61
76000,1519,-1.94066,50,0.7593,0.007565,,65.6,5.2909,0.4,194.79
76050,1520,-1.67911,50,0.7592,0.007108,,68.539,4.6078,0.46,170.1
76100,1521,-8.68026,50,0.759,0.006864,,67.896,15.9515,0.84,939.63
76150,1522,-2.4939,50,0.7589,0.006897,,66.749,5.8582,0.4,268.43
76200,1523,-1.67256,50,0.7587,0.006577,,65.113,4.959,0.44,160.5
76250,1524,-0.84077,50,0.7585,0.006878,,66.02,3.4993,0.26,71.0
76300,1525,-0.30713,50,0.7584,0.008146,,63.428,1.8555,0.2,37.09
76350,1526,-4.15513,50,0.7582,0.007041,,82.372,8.608,0.52,435.1
76400,1527,-0.08533,50,0.7581,0.007558,,65.095,1.4511,0.18,15.59
76450,1528,-3.19999,50,0.7579,0.007615,,71.393,6.9286,0.5,343.23
76500,1529,-3.113,50,0.7578,0.008134,,65.63,6.6545,0.56,340.03
76550,1530,-1.64868,50,0.7576,0.006245,,70.949,4.4498,0.36,173.74
76600,1531,-1.57819,50,0.7574,0.007187,,77.126,3.9465,0.24,173.23
76650,1532,-4.75166,50,0.7573,0.008042,,65.0,8.3862,0.62,548.62
76700,1533,-0.38344,50,0.7571,0.006507,,66.673,1.8889,0.18,46.75
76750,1534,-3.17715,50,0.757,0.006946,,71.619,7.2021,0.54,330.46
76800,1535,-3.87324,50,0.7568,0.006562,,71.73,8.1101,0.62,410.86
76850,1536,-0.04614,50,0.7566,0.007583,,64.254,1.0332,0.16,17.26
76900,1537,-1.37485,50,0.7565,0.00764,,61.122,4.8281,0.38,121.46
76950,1538,-0.73176,50,0.7563,0.007428,,66.037,2.8802,0.26,81.01
77000,1539,-4.18508,50,0.7562,0.007339,,67.28,8.7268,0.6,449.92
77050,1540,-2.24892,50,0.756,0.005619,,59.859,5.4877,0.54,252.84
77100,1541,-2.85325,50,0.7559,0.00726,,75.631,7.6546,0.44,275.89
77150,1542,-2.55964,50,0.7557,0.006692,,63.682,5.6853,0.42,278.89
77200,1543,-5.99543,50,0.7555,0.006697,,74.065,10.8084,0.66,670.88
77250,1544,-2.54437,50,0.7554,0.006724,,72.572,6.225,0.5,259.72
77300,1545,-1.69321,50,0.7552,0.007531,,73.192,4.8423,0.42,165.42
77350,1546,-0.29212,50,0.7551,0.006303,,76.364,1.7309,0.12,33.88
77400,1547,-2.81597,50,0.7549,0.006655,,72.993,6.4763,0.58,302.12
77450,1548,-2.25599,50,0.7547,0.006244,,65.78,5.8256,0.46,235.24
77500,1549,-3.93611,50,0.7546,0.006797,,73.393,8.6658,0.56,414.65
77550,1550,-3.65988,50,0.7544,0.006336,,78.293,8.6542,0.52,364.69
77600,1551,-0.65695,50,0.7543,0.006184,,68.74,2.7812,0.24,61.17
77650,1552,-2.91976,50,0.7541,0.007948,,67.768,7.2813,0.48,294.14
77700,1553,-1.74292,50,0.754,0.00674,,66.0,5.0202,0.48,166.62
77750,1554,-0.71216,50,0.7538,0.006782,,75.283,1.9833,0.18,89.31
77800,1555,-2.88049,50,0.7536,0.008997,,76.818,7.2688,0.6,276.71
77850,1556,-1.26433,50,0.7535,0.006869,,68.16,4.7323,0.36,106.57
77900,1557,-3.25922,50,0.7533,0.006958,,70.0,7.8771,0.54,325.27
77950,1558,-4.13816,50,0.7532,0.007322,,80.504,9.3576,0.48,424.75
78000,1559,-0.40018,50,0.753,0.006454,,69.895,2.3121,0.24,43.09
78050,1560,-1.80896,50,0.7528,0.006311,,64.501,5.3084,0.46,174.99
78100,1561,-3.69605,50,0.7527,0.006963,,74.095,8.1462,0.54,382.04
78150,1562,-1.30011,50,0.7525,0.00733,,70.772,3.6492,0.36,141.31
78200,1563,-4.37808,50,0.7524,0.007207,,71.561,7.7324,0.52,503.55
78250,1564,-1.74574,50,0.7522,0.00784,,64.546,3.5477,0.3,215.65
78300,1565,-1.12571,50,0.752,0.006882,,77.407,3.9186,0.28,106.64
78350,1566,-0.3187,50,0.7519,0.006992,,71.331,2.0381,0.2,37.48
78400,1567,-5.94634,50,0.7517,0.006262,,74.26,9.6111,0.52,697.59
78450,1568,-3.57637,50,0.7516,0.007,,69.815,6.7642,0.46,407.15
78500,1569,-0.15095,50,0.7514,0.007578,,62.033,1.5701,0.1,19.21
78550,1570,-1.34595,50,0.7513,0.007139,,67.507,3.4411,0.28,159.76
78600,1571,-1.57757,50,0.7511,0.007051,,67.587,4.6493,0.38,162.77
78650,1572,-5.90043,50,0.7509,0.007075,,72.584,10.5445,0.6,667.49
78700,1573,-4.60414,50,0.7508,0.007054,,61.888,9.4676,0.64,494.34
78750,1574,-0.43472,50,0.7506,0.007031,,68.745,1.8994,0.14,53.82
78800,1575,-2.16484,50,0.7505,0.006261,,67.05,5.6756,0.44,225.62
78850,1576,-3.37391,50,0.7503,0.006109,,68.495,7.9734,0.56,342.49
78900,1577,-1.04026,50,0.7501,0.008331,,73.391,3.8028,0.4,94.13
78950,1578,-1.92005,50,0.75,0.006157,,69.604,5.0481,0.44,199.4
79000,1579,-5.2672,50,0.7498,0.007249,,75.271,9.466,0.58,597.28
79050,1580,-3.41045,50,0.7497,0.007181,,72.0,7.516,0.6,363.61
79100,1581,-3.73988,50,0.7495,0.006954,,66.093,8.5181,0.6,389.11
79150,1582,-4.38779,50,0.7494,0.006154,,76.161,9.1704,0.62,464.63
79200,1583,-4.08365,50,0.7492,0.00688,,70.277,8.2299,0.64,445.25
79250,1584,-0.90756,50,0.749,0.007204,,73.005,3.7023,0.28,74.11
79300,1585,-5.41862,50,0.7489,0.008142,,66.247,10.6598,0.72,587.44
79350,1586,-1.4536,50,0.7487,0.005884,,74.482,4.4217,0.36,139.2
79400,1587,-1.48466,50,0.7486,0.007195,,78.017,4.6386,0.3,142.01
79450,1588,-1.38269,50,0.7484,0.007221,,69.971,4.6404,0.4,123.48
79500,1589,-2.34368,50,0.7483,0.006762,,67.584,5.5105,0.54,253.14
79550,1590,-1.57913,50,0.7481,0.007133,,61.622,3.9475,0.4,179.25
79600,1591,-5.2969,50,0.7479,0.006829,,70.295,9.9288,0.6,582.01
79650,1592,-3.91676,50,0.7478,0.006835,,73.778,9.6063,0.62,376.83
79700,1593,-3.28271,50,0.7476,0.006264,,71.898,8.4368,0.54,311.38
79750,1594,-4.02833,50,0.7475,0.00702,,69.906,8.0546,0.52,439.33
79800,1595,-5.382,50,0.7473,0.006695,,69.0,10.0844,0.68,597.93
79850,1596,-1.75509,50,0.7471,0.007576,,66.777,5.0449,0.38,171.82
79900,1597,-1.13813,50,0.747,0.007487,,64.988,4.1187,0.36,104.94
79950,1598,-5.39261,50,0.7468,0.006975,,76.201,11.2214,0.68,559.35
80000,1599,-0.98486,50,0.7467,0.006617,,72.579,3.9216,0.28,87.05
80050,1600,-1.01254,50,0.7465,0.00742,,68.0,4.1924,0.4,89.96
80100,1601,-0.91069,50,0.7464,0.007025,,68.75,3.3784,0.24,87.98
80150,1602,-1.50595,50,0.7462,0.00724,,70.822,3.679,0.24,178.88
80200,1603,-2.34709,50,0.746,0.007209,,67.127,4.9567,0.4,273.23
80250,1604,-1.29503,50,0.7459,0.007455,,70.276,3.9048,0.34,130.75
80300,1605,-0.11144,50,0.7457,0.006148,,66.859,1.2625,0.12,15.04
80350,1606,-1.8576,50,0.7456,0.006533,,67.328,5.8882,0.44,170.9
80400,1607,-2.53509,50,0.7454,0.006226,,62.891,6.1931,0.54,270.45
80450,1608,-3.8558,50,0.7452,0.006987,,64.223,8.9518,0.62,394.22
80500,1609,-3.9369,50,0.7451,0.007333,,73.595,9.027,0.6,404.41
80550,1610,-1.32399,50,0.7449,0.006467,,73.267,4.3306,0.3,122.73
80600,1611,-1.78168,50,0.7448,0.00678,,66.231,4.3946,0.46,197.8
80650,1612,-5.60606,50,0.7446,0.006713,,77.182,11.3412,0.62,593.36
80700,1613,-0.06682,50,0.7445,0.006239,,69.483,1.2325,0.1,8.3
80750,1614,-2.1383,50,0.7443,0.007243,,71.0,6.124,0.48,204.35
80800,1615,-1.46216,50,0.7441,0.006252,,62.757,4.428,0.38,142.94
80850,1616,-1.34761,50,0.744,0.006164,,63.888,3.7064,0.3,152.98
80900,1617,-0.48819,50,0.7438,0.006834,,68.934,1.9737,0.18,56.64
80950,1618,-5.48748,50,0.7437,0.006277,,71.667,9.8961,0.6,620.3
81000,1619,-2.96703,50,0.7435,0.007542,,62.923,6.7824,0.66,316.64
81050,1620,-0.92832,50,0.7433,0.007557,,71.466,3.4021,0.36,87.26
81100,1621,-1.73394,50,0.7432,0.006632,,77.889,4.8738,0.38,173.97
81150,1622,-1.17528,50,0.743,0.007004,,71.355,3.9176,0.38,111.93
81200,1623,-3.38106,50,0.7429,0.006585,,71.25,7.6122,0.56,351.58
81250,1624,-2.84051,50,0.7427,0.006783,,71.735,6.198,0.48,308.37
81300,1625,-3.79707,50,0.7426,0.007097,,75.281,8.0831,0.52,402.55
81350,1626,-6.62718,50,0.7424,0.006932,,74.327,12.1387,0.64,735.78
81400,1627,-2.26053,50,0.7422,0.006752,,74.973,4.7961,0.4,257.6
81450,1628,-4.13927,50,0.7421,0.006718,,75.809,8.9207,0.56,425.59
81500,1629,-6.24589,50,0.7419,0.006257,,78.483,10.8044,0.64,705.28
81550,1630,-2.37977,50,0.7418,0.006358,,80.283,5.8273,0.48,245.57
81600,1631,-2.62648,50,0.7416,0.006551,,73.763,6.1604,0.46,279.49
81650,1632,-7.28298,50,0.7414,0.005952,,80.039,14.2355,0.76,769.65
81700,1633,-1.48535,50,0.7413,0.006341,,70.344,4.5748,0.4,143.77
81750,1634,-3.33608,50,0.7411,0.006261,,73.66,6.8307,0.4,367.99
81800,1635,0.12679,50,0.741,0.007378,,74.806,0.3222,0.0,0.0
81850,1636,-3.12377,50,0.7408,0.006705,,67.929,7.4117,0.56,314.88
81900,1637,-1.78022,50,0.7407,0.006711,,67.91,5.2806,0.46,171.12
81950,1638,-3.04925,50,0.7405,0.006472,,69.243,7.3725,0.58,311.46
82000,1639,-5.55467,50,0.7403,0.007396,,71.363,9.184,0.52,647.89
82050,1640,-1.60401,50,0.7402,0.007222,,64.144,4.9921,0.34,154.22
82100,1641,-1.07211,50,0.74,0.007064,,68.057,3.9284,0.36,103.73
82150,1642,-0.80648,50,0.7399,0.007873,,63.696,3.009,0.28,82.27
82200,1643,-1.94607,50,0.7397,0.007745,,75.003,5.6673,0.44,185.92
82250,1644,-1.10256,50,0.7395,0.007542,,65.391,2.9886,0.22,132.07
82300,1645,-4.08524,50,0.7394,0.006245,,69.761,7.9297,0.5,447.24
82350,1646,-1.30815,50,0.7392,0.006283,,72.962,4.6022,0.36,117.9
82400,1647,-1.65119,50,0.7391,0.007353,,76.691,4.6233,0.4,158.53
82450,1648,-0.16466,50,0.7389,0.007232,,73.023,1.7741,0.16,16.18
82500,1649,-5.07015,50,0.7388,0.006058,,69.538,10.1454,0.56,547.8
82550,1650,-4.79035,50,0.7386,0.006755,,74.724,10.1756,0.54,497.29
82600,1651,-2.19908,50,0.7384,0.00756,,75.0,6.7838,0.54,202.86
82650,1652,-1.11533,50,0.7383,0.007337,,70.618,4.1207,0.38,95.36
82700,1653,-1.5126,50,0.7381,0.007808,,67.095,5.0884,0.34,127.7
82750,1654,-0.12336,50,0.738,0.006477,,78.978,1.4875,0.1,15.35
82800,1655,-1.57042,50,0.7378,0.006829,,76.074,4.642,0.44,149.1
82850,1656,-1.67416,50,0.7376,0.007028,,69.014,4.1628,0.36,185.88
82900,1657,-1.42188,50,0.7375,0.007783,,72.929,4.8662,0.52,125.08
82950,1658,-2.38133,50,0.7373,0.006984,,64.483,5.7622,0.48,255.29
83000,1659,-2.70155,50,0.7372,0.007788,,67.12,5.91,0.4,293.0
83050,1660,0.01287,50,0.737,0.007056,,72.379,0.8849,0.12,11.26
83100,1661,-0.15318,50,0.7369,0.00687,,68.892,1.5601,0.22,21.72
83150,1662,-0.23368,50,0.7367,0.006266,,69.302,1.6881,0.16,26.72
83200,1663,-1.31034,50,0.7365,0.00737,,67.87,2.9355,0.26,161.89
83250,1664,-1.34192,50,0.7364,0.007177,,78.779,4.152,0.32,130.49
83300,1665,-4.92216,50,0.7362,0.007547,,67.34,9.7778,0.64,524.81
83350,1666,-0.9516,50,0.7361,0.006111,,61.718,3.3506,0.32,99.76
83400,1667,-1.58877,50,0.7359,0.006549,,66.4,4.5134,0.4,170.71
83450,1668,-4.39913,50,0.7357,0.006795,,74.049,10.1687,0.56,440.55
83500,1669,-1.32302,50,0.7356,0.00663,,72.054,3.0596,0.26,154.92
83550,1670,-3.11557,50,0.7354,0.006716,,69.891,8.1017,0.56,291.94
83600,1671,-3.77724,50,0.7353,0.007178,,72.189,7.9296,0.58,411.27
83650,1672,-1.35547,50,0.7351,0.006889,,71.513,4.2527,0.32,129.69
83700,1673,-2.69203,50,0.7349,0.006743,,74.894,6.7597,0.52,268.09
83750,1674,-2.21264,50,0.7348,0.006944,,64.667,6.0991,0.44,211.32
83800,1675,-0.18723,50,0.7346,0.007216,,83.642,1.5752,0.1,15.61
83850,1676,-3.00461,50,0.7345,0.006584,,65.379,7.3427,0.58,298.75
83900,1677,-1.26318,50,0.7343,0.007579,,63.081,3.2544,0.32,147.55
83950,1678,-2.5046,50,0.7342,0.006897,,64.317,6.9351,0.52,234.98
84000,1679,-2.65584,50,0.734,0.007335,,65.782,6.5628,0.52,282.1
84050,1680,-3.45638,50,0.7338,0.00652,,71.885,8.8537,0.48,325.51
84100,1681,-0.63121,50,0.7337,0.006349,,79.712,2.0337,0.2,66.93
84150,1682,-4.18845,50,0.7335,0.006687,,66.8,8.7134,0.68,450.3
84200,1683,-1.81852,50,0.7334,0.006849,,62.167,5.3162,0.4,180.56
84250,1684,-5.06248,50,0.7332,0.006552,,72.891,11.2136,0.62,511.87
84300,1685,-0.66015,50,0.733,0.006682,,63.859,2.5118,0.28,67.57
84350,1686,-1.2971,50,0.7329,0.00799,,68.966,4.3791,0.38,123.22
84400,1687,-2.8999,50,0.7327,0.006526,,67.0,6.5224,0.52,308.51
84450,1688,-0.89522,50,0.7326,0.006767,,69.611,2.9594,0.3,95.37
84500,1689,-0.13796,50,0.7324,0.006874,,70.082,1.6453,0.12,14.2
84550,1690,-0.91905,50,0.7323,0.00767,,65.238,2.8782,0.38,99.0
84600,1691,-2.81066,50,0.7321,0.006963,,74.835,7.5642,0.58,264.62
84650,1692,-1.43502,50,0.7319,0.006897,,58.711,4.161,0.4,157.09
84700,1693,-4.50653,50,0.7318,0.006559,,70.104,9.1819,0.64,485.17
84750,1694,-5.77842,50,0.7316,0.0072,,70.024,11.2547,0.62,627.13
84800,1695,-4.70497,50,0.7315,0.006314,,79.379,9.7582,0.62,494.68
84850,1696,-3.2233,50,0.7313,0.006688,,75.0,7.0345,0.46,345.97
84900,1697,-2.62266,50,0.7311,0.007392,,77.562,6.2145,0.38,268.9
84950,1698,-1.26821,50,0.731,0.005761,,63.117,3.9649,0.32,127.91
85000,1699,-2.40358,50,0.7308,0.006469,,70.878,6.6529,0.46,224.8
85050,1700,-2.26444,50,0.7307,0.006829,,72.17,6.2891,0.4,225.22
85100,1701,-2.18,50,0.7305,0.006676,,68.299,4.9628,0.36,238.95
85150,1702,-3.43992,50,0.7304,0.00687,,67.517,8.2914,0.52,355.16
85200,1703,-2.56312,50,0.7302,0.007383,,73.193,5.8368,0.48,266.01
85250,1704,-2.88181,50,0.73,0.006465,,70.399,6.6044,0.5,300.08
85300,1705,-1.70551,50,0.7299,0.006333,,67.815,5.1491,0.5,170.35
85350,1706,-5.15751,50,0.7297,0.005777,,70.697,9.1854,0.68,586.34
85400,1707,-1.78704,50,0.7296,0.006958,,68.848,4.9848,0.4,178.13
85450,1708,-3.42289,50,0.7294,0.00704,,66.496,6.8135,0.46,386.05
85500,1709,-5.45361,50,0.7292,0.006884,,71.708,9.2199,0.56,622.89
85550,1710,-0.63899,50,0.7291,0.006218,,59.592,2.7783,0.3,61.78
85600,1711,-0.26441,50,0.7289,0.007177,,69.443,2.0513,0.22,20.88
85650,1712,-3.16285,50,0.7288,0.006376,,70.359,8.0074,0.62,302.77
85700,1713,-2.41432,50,0.7286,0.006229,,69.857,6.3198,0.52,242.01
85750,1714,-3.02714,50,0.7285,0.006551,,65.769,6.6046,0.44,330.89
85800,1715,-2.80602,50,0.7283,0.007674,,68.373,6.37,0.46,296.84
85850,1716,-2.07873,50,0.7281,0.006355,,71.138,5.1132,0.38,211.09
85900,1717,-2.14114,50,0.728,0.006533,,73.141,5.082,0.42,226.39
85950,1718,-1.92108,50,0.7278,0.006439,,66.603,5.8061,0.5,188.5
86000,1719,-5.97476,50,0.7277,0.006985,,73.523,11.0813,0.72,651.57
86050,1720,-2.83112,50,0.7275,0.006297,,75.466,6.3198,0.4,299.46
86100,1721,-2.46972,50,0.7274,0.006692,,68.908,5.5396,0.52,268.42
86150,1722,-2.92373,50,0.7272,0.006596,,68.75,7.0479,0.48,296.13
86200,1723,-6.40207,50,0.727,0.007848,,67.5,11.2652,0.66,718.09
86250,1724,-4.97988,50,0.7269,0.006754,,79.201,10.4102,0.62,520.97
86300,1725,-1.11154,50,0.7267,0.007518,,67.193,3.7621,0.38,107.48
86350,1726,-3.82965,50,0.7266,0.006021,,71.39,9.3992,0.62,370.63
86400,1727,-3.17287,50,0.7264,0.006424,,72.733,7.1508,0.4,333.02
86450,1728,-2.30669,50,0.7262,0.006921,,70.213,6.0024,0.52,225.18
86500,1729,-2.36847,50,0.7261,0.006945,,66.119,5.7106,0.3,252.26
86550,1730,-3.99853,50,0.7259,0.006639,,65.925,8.8996,0.7,411.41
86600,1731,-1.31627,50,0.7258,0.008544,,76.447,3.2326,0.26,152.63
86650,1732,-3.69087,50,0.7256,0.007411,,73.09,8.7199,0.44,380.03
86700,1733,-3.59902,50,0.7255,0.006098,,69.721,8.4028,0.56,362.31
86750,1734,-1.52107,50,0.7253,0.006976,,65.204,4.3832,0.4,158.58
86800,1735,-5.88191,50,0.7251,0.006572,,72.355,12.1589,0.68,611.33
86850,1736,-2.35174,50,0.725,0.006628,,64.1,4.1745,0.36,294.16
86900,1737,-0.13518,50,0.7248,0.006689,,65.739,1.4636,0.16,17.27
86950,1738,-5.24514,50,0.7247,0.007151,,68.847,9.6214,0.62,586.72
87000,1739,-3.57081,50,0.7245,0.006467,,68.864,7.5779,0.46,380.76
87050,1740,-4.72562,50,0.7243,0.006402,,69.682,9.8009,0.6,500.05
87100,1741,-2.31687,50,0.7242,0.006497,,71.015,5.4724,0.36,253.78
87150,1742,-0.81261,50,0.724,0.005958,,67.382,2.283,0.26,116.67
87200,1743,-0.13769,50,0.7239,0.005988,,64.186,1.664,0.1,13.7
87250,1744,-3.08714,50,0.7237,0.007145,,72.155,7.6781,0.4,307.34
87300,1745,-0.30461,50,0.7236,0.007973,,68.208,1.4843,0.16,51.07
87350,1746,-5.4967,50,0.7234,0.007632,,69.213,10.0663,0.6,616.1
87400,1747,-0.72699,50,0.7232,0.006035,,80.557,2.2836,0.24,74.2
87450,1748,-3.52061,50,0.7231,0.007533,,69.391,7.3866,0.46,379.48
87500,1749,-1.18473,50,0.7229,0.007347,,67.442,3.6508,0.32,129.17
87550,1750,-0.72754,50,0.7228,0.006551,,66.074,1.9216,0.2,95.99
87600,1751,-1.4098,50,0.7226,0.005962,,60.983,3.9303,0.46,156.53
87650,1752,-1.86781,50,0.7224,0.007069,,63.043,5.0696,0.4,197.32
87700,1753,-1.86447,50,0.7223,0.007321,,65.565,5.6046,0.44,177.06
87750,1754,-2.24053,50,0.7221,0.006848,,60.765,4.8982,0.44,248.31
87800,1755,-5.71412,50,0.722,0.006179,,69.384,12.2741,0.68,587.13
87850,1756,-0.45291,50,0.7218,0.006561,,72.216,2.4888,0.24,44.08
87900,1757,-1.89366,50,0.7217,0.005975,,69.137,3.9417,0.28,220.76
87950,1758,-2.58304,50,0.7215,0.006836,,80.059,6.8194,0.56,251.82
88000,1759,-1.66037,50,0.7213,0.006246,,65.891,5.0504,0.38,158.04
88050,1760,-3.04304,50,0.7212,0.006645,,64.326,5.9348,0.44,348.07
88100,1761,-6.66373,50,0.721,0.006818,,70.194,11.6987,0.7,747.75
88150,1762,-1.83627,50,0.7209,0.007089,,70.046,4.2121,0.36,209.84
88200,1763,-3.21757,50,0.7207,0.007598,,69.295,7.3098,0.62,334.1
88250,1764,-1.97303,50,0.7205,0.00693,,67.5,4.3893,0.44,231.17
88300,1765,-1.33566,50,0.7204,0.007413,,66.754,4.0807,0.34,138.05
88350,1766,-0.71932,50,0.7202,0.006968,,74.181,2.8042,0.16,73.24
88400,1767,-1.696,50,0.7201,0.007656,,69.192,4.6333,0.36,179.56
88450,1768,-2.36389,50,0.7199,0.006965,,74.621,6.5475,0.44,228.69
88500,1769,-2.62028,50,0.7198,0.006085,,63.72,5.5831,0.38,292.24
88550,1770,-1.95956,50,0.7196,0.007518,,62.227,5.4309,0.46,188.31
88600,1771,-5.57378,50,0.7194,0.007617,,73.971,11.3317,0.62,591.15
88650,1772,-3.41581,50,0.7193,0.007739,,66.75,7.9025,0.66,351.64
88700,1773,-4.69453,50,0.7191,0.007072,,69.036,8.037,0.54,544.27
88750,1774,-3.65011,50,0.719,0.006822,,73.645,9.061,0.6,356.42
88800,1775,-0.05217,50,0.7188,0.006057,,76.197,1.1881,0.1,16.83
88850,1776,-3.11733,50,0.7186,0.006955,,60.0,7.2173,0.56,324.07
88900,1777,-4.52053,50,0.7185,0.006572,,70.021,9.5682,0.62,476.67
88950,1778,-3.30676,50,0.7183,0.006367,,68.343,7.965,0.58,332.96
89000,1779,-1.36372,50,0.7182,0.007023,,73.951,4.6304,0.38,121.94
89050,1780,-3.92833,50,0.718,0.007281,,72.8,8.5477,0.54,418.77
89100,1781,-4.30152,50,0.7179,0.006583,,75.701,8.9253,0.58,457.82
89150,1782,-3.15171,50,0.7177,0.007183,,63.588,7.1846,0.48,330.81
89200,1783,-2.2726,50,0.7175,0.008186,,69.307,6.2898,0.46,215.73
89250,1784,-5.01788,50,0.7174,0.006312,,81.061,9.3372,0.56,554.23
89300,1785,-2.11861,50,0.7172,0.007044,,69.331,5.3986,0.46,224.77
89350,1786,-2.30046,50,0.7171,0.007492,,70.598,5.0446,0.3,250.25
89400,1787,-0.70362,50,0.7169,0.006787,,72.22,3.2945,0.24,57.59
89450,1788,-3.443,50,0.7167,0.007834,,63.387,6.6657,0.44,389.44
89500,1789,-1.0523,50,0.7166,0.007368,,68.196,4.2066,0.38,83.18
89550,1790,-5.79827,50,0.7164,0.00686,,75.718,10.1326,0.58,658.9
89600,1791,-4.7281,50,0.7163,0.007558,,71.732,9.5399,0.56,507.8
89650,1792,-0.45596,50,0.7161,0.005908,,75.03,2.0964,0.2,48.59
89700,1793,-1.42391,50,0.716,0.007097,,81.339,4.2206,0.34,137.02
89750,1794,-3.14293,50,0.7158,0.007645,,66.96,6.2302,0.46,350.9
89800,1795,-0.37983,50,0.7156,0.007309,,76.906,2.123,0.18,31.87
89850,1796,-2.16623,50,0.7155,0.006538,,69.515,6.4378,0.46,195.14
89900,1797,-1.09942,50,0.7153,0.007051,,65.391,3.2932,0.26,114.84
89950,1798,-0.81429,50,0.7152,0.006513,,67.533,3.4583,0.32,76.97
90000,1799,-0.17017,50,0.715,0.006861,,79.413,1.2901,0.12,18.23
90050,1800,-2.64365,50,0.7148,0.006176,,67.432,7.2451,0.54,255.48
90100,1801,-3.98223,50,0.7147,0.007212,,61.989,8.158,0.62,436.28
90150,1802,-4.37961,50,0.7145,0.00719,,67.54,9.2006,0.52,466.35
90200,1803,-3.47948,50,0.7144,0.007093,,63.2,5.7948,0.44,418.31
90250,1804,-0.91531,50,0.7142,0.006637,,64.916,3.5933,0.4,85.41
90300,1805,-3.36674,50,0.7141,0.007564,,71.579,7.7652,0.6,344.84
90350,1806,-2.34358,50,0.7139,0.006669,,69.154,5.8904,0.5,242.67
90400,1807,-1.20646,50,0.7137,0.006809,,76.411,3.6359,0.3,130.81
90450,1808,-0.35977,50,0.7136,0.006649,,72.272,2.7374,0.14,22.98
90500,1809,-5.15512,50,0.7134,0.005942,,73.683,10.8978,0.56,537.69
90550,1810,-0.18033,50,0.7133,0.007431,,72.588,1.6422,0.14,15.05
90600,1811,-5.9475,50,0.7131,0.006208,,68.132,9.8451,0.62,685.87
90650,1812,-2.81885,50,0.7129,0.007696,,74.015,5.269,0.38,322.67
90700,1813,-1.82583,50,0.7128,0.006827,,75.313,4.2647,0.38,204.57
90750,1814,-5.69306,50,0.7126,0.006991,,69.428,10.5949,0.7,626.81
90800,1815,-1.54065,50,0.7125,0.006379,,69.42,4.0864,0.36,164.25
90850,1816,-3.96562,50,0.7123,0.005837,,73.463,8.0934,0.46,432.89
90900,1817,-4.74886,50,0.7122,0.006812,,73.578,11.3454,0.66,461.01
90950,1818,-3.23227,50,0.712,0.007313,,70.908,6.7619,0.58,352.8
91000,1819,-0.68235,50,0.7118,0.006876,,74.204,2.8972,0.14,55.12
91050,1820,-1.06293,50,0.7117,0.00686,,72.256,4.0098,0.32,92.77
91100,1821,-4.14246,50,0.7115,0.007269,,69.255,8.3209,0.58,461.75
91150,1822,-3.52125,50,0.7114,0.007389,,66.21,8.3519,0.62,355.06
91200,1823,-2.44104,50,0.7112,0.007933,,69.938,5.6829,0.44,270.55
91250,1824,-0.62723,50,0.711,0.006731,,78.636,2.8314,0.26,58.8
91300,1825,-3.33526,50,0.7109,0.007967,,74.904,6.8302,0.36,370.54
91350,1826,-2.88099,50,0.7107,0.006911,,74.627,7.1532,0.46,286.4
91400,1827,-2.73913,50,0.7106,0.006331,,71.25,6.4637,0.4,285.42
91450,1828,-0.1043,50,0.7104,0.007437,,78.887,1.0349,0.16,12.47
91500,1829,-6.25365,50,0.7103,0.006553,,66.037,10.6203,0.66,711.73
91550,1830,-1.15394,50,0.7101,0.007871,,71.045,4.7133,0.28,90.49
91600,1831,-0.80299,50,0.7099,0.005568,,63.205,3.4137,0.3,85.93
91650,1832,-3.67053,50,0.7098,0.006804,,69.925,7.5741,0.6,392.16
91700,1833,-6.19713,50,0.7096,0.005969,,68.261,12.2585,0.74,661.44
91750,1834,-2.56698,50,0.7095,0.005971,,64.206,6.1171,0.5,269.04
91800,1835,-1.07682,50,0.7093,0.006408,,68.2,3.8109,0.26,101.59
91850,1836,-0.3207,50,0.7091,0.007188,,71.871,1.9453,0.2,33.13
91900,1837,-2.75558,50,0.709,0.006537,,76.0,6.2787,0.34,297.35
91950,1838,-0.49077,50,0.7088,0.006469,,75.516,2.2783,0.28,48.98
92000,1839,-5.21871,50,0.7087,0.006598,,65.628,10.5634,0.64,559.2
92050,1840,-4.96632,50,0.7085,0.008024,,65.755,10.0351,0.62,531.0
92100,1841,-2.70532,50,0.7084,0.00725,,71.879,5.8867,0.4,296.97
92150,1842,-1.18378,50,0.7082,0.006592,,67.5,3.2138,0.36,132.3
92200,1843,-3.98472,50,0.708,0.007002,,74.275,8.7502,0.48,415.58
92250,1844,-1.97695,50,0.7079,0.006241,,61.491,5.6927,0.48,190.51
92300,1845,-6.07086,50,0.7077,0.006234,,70.598,11.7789,0.72,654.15
92350,1846,-4.03837,50,0.7076,0.007519,,79.243,9.9436,0.6,386.08
92400,1847,-0.47245,50,0.7074,0.006753,,60.424,1.9921,0.22,56.71
92450,1848,-4.45109,50,0.7072,0.007221,,69.372,10.3879,0.58,440.86
92500,1849,-1.46465,50,0.7071,0.006956,,69.585,4.5726,0.38,140.67
92550,1850,-2.90017,50,0.7069,0.007122,,66.705,6.8276,0.5,298.33
92600,1851,-3.88045,50,0.7068,0.007187,,70.124,8.9637,0.58,397.86
92650,1852,-1.55624,50,0.7066,0.00714,,67.472,3.86,0.3,176.17
92700,1853,-6.827,50,0.7065,0.006413,,75.787,10.4163,0.64,805.82
92750,1854,-4.06388,50,0.7063,0.007655,,82.983,7.8719,0.48,443.92
92800,1855,-1.46718,50,0.7061,0.005992,,59.692,4.5404,0.38,140.44
92850,1856,-5.82254,50,0.706,0.007174,,75.479,12.2458,0.68,604.72
92900,1857,-4.46708,50,0.7058,0.007307,,69.922,8.0599,0.58,511.25
92950,1858,-0.3268,50,0.7057,0.0064,,73.028,2.2087,0.18,25.79
93000,1859,-4.67536,50,0.7055,0.008143,,73.75,8.2663,0.56,536.93
93050,1860,-2.61918,50,0.7053,0.00728,,66.818,5.6834,0.46,284.14
93100,1861,-0.77193,50,0.7052,0.007858,,63.734,3.1332,0.26,81.79
93150,1862,-1.34263,50,0.705,0.007979,,73.983,3.5909,0.3,141.85
93200,1863,-0.23758,50,0.7049,0.007065,,61.89,2.0583,0.24,17.68
93250,1864,-0.15148,50,0.7047,0.007635,,73.265,1.4672,0.14,18.25
93300,1865,-2.67809,50,0.7046,0.007062,,70.966,6.2682,0.48,295.32
93350,1866,-2.92277,50,0.7044,0.007485,,69.031,6.8075,0.52,297.83
93400,1867,-1.3819,50,0.7042,0.006132,,74.683,4.2928,0.28,141.54
93450,1868,-0.18959,50,0.7041,0.007499,,71.427,1.7495,0.2,27.88
93500,1869,-3.3272,50,0.7039,0.007594,,71.822,7.6911,0.5,342.62
93550,1870,-4.66855,50,0.7038,0.00733,,69.6,9.2963,0.64,507.17
93600,1871,-1.24318,50,0.7036,0.007474,,70.201,3.9252,0.36,117.88
93650,1872,-1.03159,50,0.7034,0.008434,,66.478,3.3512,0.34,114.79
93700,1873,-3.10408,50,0.7033,0.006892,,66.042,7.1175,0.52,326.03
93750,1874,-1.88796,50,0.7031,0.007931,,72.901,4.1059,0.38,204.84
93800,1875,-1.51669,50,0.703,0.006661,,71.874,5.1494,0.46,130.55
93850,1876,-4.65062,50,0.7028,0.008639,,71.25,9.6335,0.6,496.52
93900,1877,-1.35826,50,0.7026,0.007815,,75.139,4.293,0.34,129.68
93950,1878,-2.14144,50,0.7025,0.00781,,72.16,5.2324,0.3,222.86
94000,1879,-4.9403,50,0.7023,0.007777,,72.5,9.3066,0.64,552.55
94050,1880,-0.14811,50,0.7022,0.007273,,66.958,1.3446,0.16,27.73
94100,1881,-0.77373,50,0.702,0.009342,,78.282,3.0192,0.26,70.2
94150,1882,-3.50927,50,0.7019,0.007302,,66.584,7.352,0.66,383.38
94200,1883,-3.87031,50,0.7017,0.007844,,71.406,7.7646,0.54,417.67
94250,1884,-0.9418,50,0.7015,0.00759,,64.498,3.8614,0.48,85.29
94300,1885,-2.68605,50,0.7014,0.007371,,74.359,6.8054,0.46,269.89
94350,1886,-0.94135,50,0.7012,0.006892,,68.701,3.9923,0.36,81.45
94400,1887,-2.05382,50,0.7011,0.008882,,66.669,5.3956,0.44,215.92
94450,1888,-1.91772,50,0.7009,0.007713,,66.997,5.3937,0.4,182.03
94500,1889,-6.10732,50,0.7007,0.006745,,71.556,11.6809,0.66,658.05
94550,1890,-2.46157,50,0.7006,0.007005,,69.69,5.4337,0.4,269.57
94600,1891,-3.95863,50,0.7004,0.007023,,67.57,8.4006,0.64,419.17
94650,1892,-5.54187,50,0.7003,0.006739,,72.572,10.9324,0.62,596.86
94700,1893,-0.12855,50,0.7001,0.00736,,75.841,1.7163,0.18,15.91
94750,1894,-4.73016,50,0.7,0.006504,,65.507,9.9039,0.72,498.76
94800,1895,-2.29811,50,0.6998,0.007273,,67.168,6.492,0.38,218.18
94850,1896,-0.90253,50,0.6996,0.007338,,72.684,3.0764,0.28,94.18
94900,1897,-3.26383,50,0.6995,0.007253,,64.357,6.9371,0.6,355.34
94950,1898,-4.2855,50,0.6993,0.007886,,75.078,11.6479,0.6,380.76
95000,1899,-0.32407,50,0.6992,0.00735,,64.625,1.7226,0.26,39.68
95050,1900,0.0161,50,0.699,0.007301,,79.219,0.4989,0.06,18.3
95100,1901,-1.13064,50,0.6988,0.007733,,71.082,4.1064,0.28,103.55
95150,1902,-4.09594,50,0.6987,0.007564,,70.107,10.2686,0.64,388.79
95200,1903,-0.29153,50,0.6985,0.007509,,62.637,1.5928,0.2,42.57
95250,1904,-3.58707,50,0.6984,0.007643,,73.783,6.3419,0.48,422.09
95300,1905,-0.30792,50,0.6982,0.007936,,76.676,1.7674,0.14,26.52
95350,1906,-1.66489,50,0.6981,0.007019,,62.895,4.3475,0.38,178.06
95400,1907,-3.58843,50,0.6979,0.007394,,71.702,8.2481,0.6,365.86
95450,1908,-3.74496,50,0.6977,0.007279,,70.732,7.7855,0.46,412.86
95500,1909,-3.35251,50,0.6976,0.006527,,75.305,8.1621,0.54,334.14
95550,1910,0.12643,50,0.6974,0.007579,,70.711,0.2574,0.06,8.11
95600,1911,-0.55259,50,0.6973,0.006766,,72.438,1.767,0.24,70.33
95650,1912,-0.39318,50,0.6971,0.00787,,66.093,2.5645,0.22,28.62
95700,1913,-1.77022,50,0.6969,0.006664,,71.048,4.5861,0.38,186.74
95750,1914,-4.10616,50,0.6968,0.007207,,77.509,9.4379,0.58,412.8
95800,1915,-1.25804,50,0.6966,0.00774,,71.28,3.7658,0.34,126.45
95850,1916,-4.63797,50,0.6965,0.006964,,73.75,10.3774,0.56,474.66
95900,1917,-2.72268,50,0.6963,0.006835,,65.98,7.1602,0.58,261.42
95950,1918,-4.7485,50,0.6962,0.006672,,73.476,10.4679,0.66,487.47
96000,1919,-4.16092,50,0.696,0.006512,,76.4,8.3729,0.6,448.95
96050,1920,-1.50904,50,0.6958,0.006969,,74.392,4.4882,0.34,146.1
96100,1921,-2.0249,50,0.6957,0.00863,,68.533,4.5382,0.4,234.58
96150,1922,-4.08315,50,0.6955,0.007673,,69.665,7.8037,0.64,455.63
96200,1923,-0.05734,50,0.6954,0.006942,,69.686,0.8854,0.1,17.94
96250,1924,-2.28979,50,0.6952,0.006899,,64.0,5.6592,0.42,237.4
96300,1925,-3.52338,50,0.695,0.007831,,76.897,7.3871,0.54,377.36
96350,1926,-4.33341,50,0.6949,0.007561,,72.882,7.0795,0.48,511.58
96400,1927,-2.96,50,0.6947,0.007233,,72.205,7.2212,0.46,292.35
96450,1928,-2.04157,50,0.6946,0.007656,,64.598,5.2977,0.5,207.45
96500,1929,-1.4611,50,0.6944,0.007799,,66.495,4.3094,0.3,145.61
96550,1930,-3.98757,50,0.6943,0.007076,,77.265,7.8516,0.5,442.33
96600,1931,-0.6353,50,0.6941,0.007078,,69.778,2.5428,0.26,75.87
96650,1932,-1.57824,50,0.6939,0.007884,,71.567,4.6794,0.38,155.77
96700,1933,-1.55892,50,0.6938,0.00764,,61.28,4.8952,0.38,157.86
96750,1934,-3.16965,50,0.6936,0.008299,,68.503,6.6068,0.52,350.27
96800,1935,-4.41203,50,0.6935,0.007676,,72.234,8.8232,0.62,478.6
96850,1936,-0.71714,50,0.6933,0.007822,,73.319,3.1169,0.22,71.22
96900,1937,-3.69194,50,0.6931,0.007773,,68.674,8.327,0.56,376.78
96950,1938,-0.98463,50,0.693,0.007912,,71.103,3.0481,0.24,108.35
97000,1939,-0.36064,50,0.6928,0.007202,,66.232,2.2306,0.22,34.23
97050,1940,-0.4909,50,0.6927,0.007442,,76.455,1.9567,0.22,52.05
97100,1941,-1.96034,50,0.6925,0.008179,,73.447,5.1265,0.38,194.07
97150,1942,-4.6701,50,0.6924,0.006678,,65.509,10.2849,0.66,487.27
97200,1943,-4.30916,50,0.6922,0.007282,,76.077,9.4588,0.66,451.92
97250,1944,-2.0809,50,0.692,0.008096,,68.008,6.1739,0.58,189.58
97300,1945,-0.58916,50,0.6919,0.008173,,76.302,2.5042,0.18,59.12
97350,1946,-2.36401,50,0.6917,0.007731,,75.037,5.9618,0.38,231.98
97400,1947,-1.93444,50,0.6916,0.008621,,68.75,5.3033,0.42,204.26
97450,1948,-2.44165,50,0.6914,0.00751,,66.014,5.8045,0.42,261.84
97500,1949,-2.45026,50,0.6913,0.007541,,61.2,5.7643,0.46,259.74
97550,1950,-1.74644,50,0.6911,0.007248,,71.857,5.0991,0.5,174.48
97600,1951,-5.79492,50,0.6909,0.006333,,74.575,11.5405,0.7,614.47
97650,1952,-7.12038,50,0.6908,0.007988,,71.749,12.1624,0.74,807.08
97700,1953,-3.46196,50,0.6906,0.00711,,73.887,7.5693,0.54,366.02
97750,1954,-0.67107,50,0.6905,0.008285,,71.006,3.203,0.3,58.03
97800,1955,-1.16008,50,0.6903,0.008196,,72.353,3.5443,0.26,120.61
97850,1956,-2.40424,50,0.6901,0.007437,,77.143,4.7108,0.38,269.25
97900,1957,-2.65703,50,0.69,0.007946,,67.053,5.7252,0.48,294.68
97950,1958,-3.33751,50,0.6898,0.007542,,70.948,7.0245,0.52,361.14
98000,1959,-3.47991,50,0.6897,0.007027,,70.279,8.0291,0.7,357.52
98050,1960,-3.5792,50,0.6895,0.007505,,68.554,8.4748,0.7,366.62
98100,1961,-6.01624,50,0.6894,0.007361,,77.49,10.4883,0.62,679.04
98150,1962,-2.16839,50,0.6892,0.007821,,66.136,5.4748,0.44,227.58
98200,1963,-0.17232,50,0.689,0.007486,,72.113,1.3115,0.18,27.14
98250,1964,-2.69736,50,0.6889,0.006993,,72.19,6.1489,0.42,290.65
98300,1965,-1.73492,50,0.6887,0.006785,,65.0,5.2793,0.4,161.92
98350,1966,-2.06205,50,0.6886,0.006853,,64.24,5.4226,0.6,214.28
98400,1967,-2.99608,50,0.6884,0.006753,,65.807,6.6249,0.46,323.45
98450,1968,-0.12941,50,0.6882,0.006567,,63.776,1.4321,0.12,14.24
98500,1969,-0.73101,50,0.6881,0.008282,,66.858,2.8207,0.3,71.41
98550,1970,-1.88356,50,0.6879,0.006672,,65.428,4.8989,0.34,205.01
98600,1971,-3.43623,50,0.6878,0.006789,,77.31,7.1092,0.44,365.53
98650,1972,-2.28386,50,0.6876,0.007001,,67.011,6.0501,0.5,228.78
98700,1973,-1.68563,50,0.6875,0.006778,,73.753,4.5201,0.3,177.49
98750,1974,-5.38986,50,0.6873,0.008315,,71.482,9.5014,0.56,612.0
98800,1975,-0.19543,50,0.6871,0.008184,,69.324,1.7156,0.14,26.52
98850,1976,-2.8526,50,0.687,0.0072,,66.188,6.2593,0.5,313.81
98900,1977,-0.75856,50,0.6868,0.007931,,68.383,3.503,0.24,58.93
98950,1978,-0.48692,50,0.6867,0.007016,,71.389,2.5855,0.18,41.16
99000,1979,-2.66007,50,0.6865,0.008266,,66.078,6.3186,0.58,275.09
99050,1980,-3.95481,50,0.6863,0.007387,,66.943,8.117,0.56,424.6
99100,1981,-2.8649,50,0.6862,0.007072,,78.75,7.13,0.44,287.84
99150,1982,-4.96552,50,0.686,0.007926,,67.381,10.0899,0.6,533.79
99200,1983,-0.91548,50,0.6859,0.008177,,67.352,3.4702,0.36,88.96
99250,1984,-3.87847,50,0.6857,0.00759,,69.325,8.445,0.54,407.38
99300,1985,-5.97777,50,0.6855,0.007533,,69.6,11.086,0.6,657.4
99350,1986,-1.93723,50,0.6854,0.006679,,60.456,5.0893,0.44,197.25
99400,1987,-6.83811,50,0.6852,0.007891,,69.524,12.9832,0.78,739.64
99450,1988,-2.13396,50,0.6851,0.007515,,66.714,5.4651,0.5,220.97
99500,1989,-2.73091,50,0.6849,0.007142,,68.75,6.2372,0.54,293.72
99550,1990,-0.09524,50,0.6848,0.007424,,80.878,1.0541,0.14,23.27
99600,1991,-0.73053,50,0.6846,0.006753,,69.7,2.6387,0.22,76.68
99650,1992,-2.0711,50,0.6844,0.007828,,75.45,5.1731,0.44,223.69
99700,1993,-3.22748,50,0.6843,0.007274,,66.007,7.8319,0.52,329.71
99750,1994,-3.51196,50,0.6841,0.007452,,64.974,9.2839,0.64,332.23
99800,1995,-2.93025,50,0.684,0.007532,,73.624,6.4222,0.44,315.18
99850,1996,-3.07175,50,0.6838,0.008071,,68.685,6.9279,0.56,323.88
99900,1997,-0.29973,50,0.6836,0.007049,,61.252,1.9188,0.2,34.03
99950,1998,-0.90984,50,0.6835,0.007664,,65.418,3.0855,0.3,95.13
100000,1999,-3.45103,50,0.6833,0.007699,,66.731,6.7203,0.52,389.8
100050,2000,-4.08564,50,0.6832,0.00727,,64.133,9.1327,0.7,421.76
100100,2001,-3.72681,50,0.683,0.007652,,71.53,8.4333,0.6,385.11
100150,2002,-2.20362,50,0.6829,0.007702,,68.924,5.1935,0.44,241.06
100200,2003,-4.6088,50,0.6827,0.007884,,75.0,8.9601,0.56,510.19
100250,2004,-6.39391,50,0.6825,0.006665,,72.0,10.8491,0.6,724.31
100300,2005,0.0359,50,0.6824,0.006839,,71.034,1.1527,0.06,4.07
100350,2006,0.11626,50,0.6822,0.007322,,67.548,0.5243,0.02,0.0
100400,2007,-0.90447,50,0.6821,0.007019,,70.359,3.5229,0.26,79.01
100450,2008,-0.3096,50,0.6819,0.007534,,70.817,1.9017,0.24,36.12
100500,2009,-0.2708,50,0.6818,0.006848,,70.947,1.5514,0.12,27.0
100550,2010,-4.75679,50,0.6816,0.006983,,68.728,10.4254,0.64,490.19
100600,2011,-2.26671,50,0.6814,0.007362,,67.697,5.8612,0.42,239.98
100650,2012,-1.47861,50,0.6813,0.007191,,71.104,4.0751,0.3,154.04
100700,2013,-0.2516,50,0.6811,0.007537,,73.64,2.0879,0.18,27.95
100750,2014,-1.33049,50,0.681,0.007102,,72.389,4.1251,0.3,135.88
100800,2015,-0.687,50,0.6808,0.007339,,64.965,2.9906,0.3,66.48
100850,2016,-4.57848,50,0.6806,0.00682,,67.711,8.1842,0.54,522.34
100900,2017,0.04871,50,0.6805,0.006335,,77.572,0.5222,0.1,4.33
100950,2018,-3.23245,50,0.6803,0.006824,,76.269,7.7669,0.54,329.37
101000,2019,-0.69448,50,0.6802,0.007445,,67.156,2.7309,0.24,74.79
101050,2020,-4.21277,50,0.68,0.007357,,71.492,7.9262,0.48,475.3
101100,2021,-1.34594,50,0.6799,0.006896,,72.965,3.5061,0.32,142.69
101150,2022,-4.70696,50,0.6797,0.007323,,69.742,9.6332,0.58,505.43
101200,2023,0.06476,50,0.6795,0.007469,,67.34,0.6079,0.08,8.41
101250,2024,-1.90021,50,0.6794,0.006632,,60.58,5.1911,0.44,190.94
101300,2025,-0.99796,50,0.6792,0.00706,,71.714,4.3333,0.34,77.69
101350,2026,-2.02278,50,0.6791,0.006942,,72.5,5.7457,0.46,195.57
101400,2027,-3.34004,50,0.6789,0.006431,,72.5,7.4572,0.56,347.75
101450,2028,-3.19379,50,0.6787,0.007004,,75.476,8.0075,0.62,309.25
101500,2029,-3.04108,50,0.6786,0.006178,,67.78,5.9636,0.5,352.54
101550,2030,-5.96612,50,0.6784,0.006854,,71.0,11.9521,0.64,634.07
101600,2031,-1.10272,50,0.6783,0.007442,,69.41,3.6721,0.26,103.39
101650,2032,-3.24986,50,0.6781,0.006577,,69.746,7.7521,0.52,325.91
101700,2033,-4.85779,50,0.678,0.006594,,78.121,8.129,0.5,574.28
101750,2034,0.02797,50,0.6778,0.007456,,68.753,0.7256,0.14,6.13
101800,2035,-2.46318,50,0.6776,0.00693,,71.912,6.4601,0.48,243.86
101850,2036,-0.75786,50,0.6775,0.006999,,73.76,3.6552,0.38,59.53
101900,2037,-3.36843,50,0.6773,0.006746,,74.004,6.9657,0.48,367.17
101950,2038,-0.9591,50,0.6772,0.00644,,82.509,3.4258,0.28,81.28
102000,2039,-2.7964,50,0.677,0.006431,,78.878,6.8073,0.5,292.36
102050,2040,-4.84598,50,0.6768,0.00754,,73.695,7.9499,0.5,569.71
102100,2041,-2.67847,50,0.6767,0.006991,,69.271,6.7826,0.48,270.67
102150,2042,-5.98159,50,0.6765,0.007518,,81.697,10.7195,0.52,663.43
102200,2043,-2.53776,50,0.6764,0.006293,,64.586,6.1695,0.5,270.92
102250,2044,-2.38486,50,0.6762,0.007256,,69.132,6.4331,0.46,230.67
102300,2045,-2.57028,50,0.6761,0.007263,,64.302,5.7168,0.46,278.04
102350,2046,-5.71319,50,0.6759,0.007883,,76.065,11.9642,0.7,600.42
102400,2047,-4.61071,50,0.6757,0.006881,,68.961,10.41,0.7,462.25
102450,2048,-0.37722,50,0.6756,0.007349,,80.044,1.8201,0.18,39.05
102500,2049,-3.65735,50,0.6754,0.008499,,61.882,7.9599,0.66,385.57
102550,2050,-0.70311,50,0.6753,0.007026,,65.28,3.1606,0.3,70.37
102600,2051,-3.92211,50,0.6751,0.006356,,77.264,7.9811,0.56,431.21
102650,2052,-4.62468,50,0.6749,0.007181,,65.0,9.1099,0.68,505.47
102700,2053,-1.16079,50,0.6748,0.006915,,64.668,3.974,0.38,108.45
102750,2054,-0.39635,50,0.6746,0.007587,,79.258,2.4063,0.14,29.31
102800,2055,-1.96442,50,0.6745,0.007516,,66.252,6.3339,0.52,176.29
102850,2056,-2.81836,50,0.6743,0.006738,,65.239,6.1324,0.42,310.94
102900,2057,-1.56405,50,0.6742,0.006391,,70.054,4.3991,0.4,158.64
102950,2058,-7.1659,50,0.674,0.006818,,75.022,10.6837,0.56,852.38
103000,2059,-3.97502,50,0.6738,0.006933,,76.108,9.9063,0.52,382.03
103050,2060,-7.6027,50,0.6737,0.006111,,76.884,15.0866,0.68,800.83
103100,2061,-1.51675,50,0.6735,0.006477,,66.25,4.8007,0.42,144.95
103150,2062,-2.69911,50,0.6734,0.006744,,71.731,5.4398,0.4,307.5
103200,2063,-0.29938,50,0.6732,0.007126,,74.25,2.0345,0.2,26.87
103250,2064,-7.04855,50,0.673,0.00793,,76.037,12.0034,0.7,798.32
103300,2065,-0.69838,50,0.6729,0.005807,,67.887,2.8105,0.3,76.83
103350,2066,-4.00586,50,0.6727,0.006761,,64.554,9.159,0.62,407.97
103400,2067,-2.14213,50,0.6726,0.006536,,63.0,5.7789,0.62,217.56
103450,2068,-0.64914,50,0.6724,0.007101,,63.508,2.7051,0.3,72.77
103500,2069,-0.15499,50,0.6723,0.007221,,68.409,1.1781,0.18,32.19
103550,2070,-1.67847,50,0.6721,0.007226,,63.933,4.0029,0.38,188.7
103600,2071,-7.08185,50,0.6719,0.006946,,71.969,14.1833,0.78,741.68
103650,2072,-1.55044,50,0.6718,0.006663,,68.049,4.9274,0.34,147.5
103700,2073,-4.42899,50,0.6716,0.007219,,70.0,8.7395,0.56,481.91
103750,2074,-3.60617,50,0.6715,0.006205,,72.824,7.8021,0.5,378.6
103800,2075,-4.29688,50,0.6713,0.007058,,71.482,9.2104,0.62,458.03
103850,2076,-2.76214,50,0.6711,0.005969,,70.09,7.26,0.58,264.24
103900,2077,-1.59333,50,0.671,0.007334,,70.402,4.9346,0.38,155.61
103950,2078,-3.99489,50,0.6708,0.007024,,82.44,8.7717,0.52,411.53
104000,2079,-0.97111,50,0.6707,0.008201,,78.139,2.8312,0.24,112.47
104050,2080,-1.65972,50,0.6705,0.007069,,69.59,5.0329,0.38,157.43
104100,2081,-5.22119,50,0.6704,0.007341,,70.627,10.1566,0.6,569.9
104150,2082,-6.84721,50,0.6702,0.007345,,76.25,12.769,0.7,746.41
104200,2083,-0.74718,50,0.67,0.007873,,68.152,2.9679,0.28,72.71
104250,2084,-3.55498,50,0.6699,0.006804,,75.069,8.6362,0.48,350.67
104300,2085,-2.39961,50,0.6697,0.007484,,68.427,5.4767,0.48,273.11
104350,2086,-1.73943,50,0.6696,0.006906,,63.88,4.5962,0.44,182.01
104400,2087,-0.55375,50,0.6694,0.006658,,62.862,2.1187,0.22,65.09
104450,2088,-2.86768,50,0.6692,0.006016,,71.259,6.8648,0.56,299.52
104500,2089,-3.06813,50,0.6691,0.006726,,70.58,6.516,0.46,338.06
104550,2090,-1.18288,50,0.6689,0.006775,,72.558,3.861,0.34,117.83
104600,2091,-1.86201,50,0.6688,0.008104,,67.568,4.8138,0.42,201.66
104650,2092,-4.52238,50,0.6686,0.007535,,72.5,9.7131,0.64,470.3
104700,2093,-2.57632,50,0.6684,0.006786,,69.136,6.7808,0.46,255.83
104750,2094,-2.84891,50,0.6683,0.006938,,78.612,6.4821,0.48,300.7
104800,2095,-1.58411,50,0.6681,0.007041,,67.396,4.8214,0.36,153.21
104850,2096,-4.53515,50,0.668,0.007183,,67.375,9.2383,0.68,480.04
104900,2097,-0.74962,50,0.6678,0.006552,,69.518,3.3276,0.36,55.65
104950,2098,-2.95757,50,0.6677,0.006805,,72.803,7.3956,0.46,296.12
105000,2099,-4.39255,50,0.6675,0.007687,,72.776,8.684,0.54,486.93
105050,2100,-2.28587,50,0.6673,0.006927,,62.132,6.6062,0.58,206.56
105100,2101,-3.67594,50,0.6672,0.007042,,65.08,8.6713,0.66,376.1
105150,2102,-2.51863,50,0.667,0.006168,,67.523,5.5328,0.58,279.82
105200,2103,-3.71693,50,0.6669,0.007899,,61.76,8.9334,0.6,369.99
105250,2104,-1.3707,50,0.6667,0.005988,,68.924,4.3039,0.38,135.27
105300,2105,-1.43014,50,0.6665,0.00711,,60.0,4.1633,0.3,158.06
105350,2106,-5.59216,50,0.6664,0.007293,,70.608,10.9054,0.72,606.24
105400,2107,-2.69496,50,0.6662,0.006437,,65.411,6.6604,0.48,273.55
105450,2108,-2.35514,50,0.6661,0.007115,,68.872,6.6362,0.52,222.95
105500,2109,-0.40613,50,0.6659,0.006584,,79.15,1.391,0.2,52.65
105550,2110,-3.19819,50,0.6658,0.007174,,66.278,6.8566,0.46,348.24
105600,2111,-3.01525,50,0.6656,0.007301,,67.541,6.9615,0.56,322.8
105650,2112,-2.47254,50,0.6654,0.006201,,67.306,6.652,0.58,234.47
105700,2113,-1.60725,50,0.6653,0.007131,,68.373,5.1069,0.44,152.75
105750,2114,-3.25741,50,0.6651,0.007306,,62.5,7.2877,0.6,347.51
105800,2115,-2.07165,50,0.665,0.007172,,75.069,6.2698,0.42,184.59
105850,2116,-0.22823,50,0.6648,0.007126,,77.13,1.8147,0.12,23.22
105900,2117,-0.16402,50,0.6646,0.00718,,52.8,1.5299,0.2,24.88
105950,2118,-0.07206,50,0.6645,0.006496,,74.135,1.4532,0.12,12.5
106000,2119,-0.87754,50,0.6643,0.0062,,66.708,2.9999,0.28,94.33
106050,2120,-4.25799,50,0.6642,0.006333,,70.669,9.0485,0.56,448.51
106100,2121,-0.32499,50,0.664,0.006115,,67.388,1.8091,0.18,37.36
106150,2122,-3.84848,50,0.6639,0.007048,,71.115,8.8086,0.48,397.56
106200,2123,-0.61898,50,0.6637,0.006284,,71.438,2.6689,0.24,58.76
106250,2124,-2.53242,50,0.6635,0.007039,,68.75,7.2882,0.44,231.82
106300,2125,-4.95207,50,0.6634,0.006354,,62.14,9.6345,0.64,548.16
106350,2126,-1.07789,50,0.6632,0.005719,,64.504,2.6622,0.32,142.22
106400,2127,-2.51582,50,0.6631,0.006264,,59.0,5.1136,0.48,289.39
106450,2128,-0.37633,50,0.6629,0.007266,,72.286,1.8773,0.2,45.21
106500,2129,-1.55958,50,0.6627,0.006531,,63.03,4.5945,0.34,156.14
106550,2130,-2.89866,50,0.6626,0.006946,,65.548,6.8779,0.52,293.82
106600,2131,-3.67019,50,0.6624,0.006943,,71.055,8.9545,0.62,359.66
106650,2132,0.03761,50,0.6623,0.006705,,64.657,1.0521,0.04,3.38
106700,2133,-1.90631,50,0.6621,0.006266,,60.308,4.7718,0.44,209.07
106750,2134,-2.40931,50,0.662,0.006506,,70.0,6.3635,0.56,239.06
106800,2135,0.01914,50,0.6618,0.006342,,63.363,0.8758,0.08,7.6
106850,2136,-4.89402,50,0.6616,0.00685,,69.658,10.5608,0.66,504.86
106900,2137,-4.82267,50,0.6615,0.007066,,72.815,9.4529,0.6,526.84
106950,2138,-2.24321,50,0.6613,0.006611,,63.864,5.8781,0.58,219.97
107000,2139,-3.85022,50,0.6612,0.005802,,65.153,7.5966,0.62,424.44
107050,2140,-3.14427,50,0.661,0.007698,,70.047,8.2106,0.66,299.66
107100,2141,-0.37296,50,0.6609,0.006161,,66.108,1.9582,0.2,41.22
107150,2142,-0.61647,50,0.6607,0.007583,,71.635,2.9242,0.28,53.78
107200,2143,-0.8823,50,0.6605,0.005715,,69.158,2.945,0.28,89.69
107250,2144,-2.51585,50,0.6604,0.007363,,67.383,6.5977,0.54,246.06
107300,2145,-3.3301,50,0.6602,0.006578,,75.0,8.0933,0.58,334.63
107350,2146,-3.511,50,0.6601,0.007724,,76.295,7.1458,0.52,386.29
107400,2147,-0.28893,50,0.6599,0.006561,,67.069,1.8647,0.2,30.07
107450,2148,-3.03351,50,0.6597,0.006536,,73.894,7.1231,0.48,317.44
107500,2149,-0.33837,50,0.6596,0.006805,,68.365,1.7111,0.22,40.6
107550,2150,-2.8046,50,0.6594,0.00854,,62.07,6.6409,0.5,288.9
107600,2151,-3.32137,50,0.6593,0.00644,,69.0,8.5073,0.56,317.76
107650,2152,-5.53701,50,0.6591,0.006752,,82.5,10.5892,0.62,604.45
107700,2153,-2.05328,50,0.659,0.005965,,71.757,6.0137,0.46,191.58
107750,2154,-2.56065,50,0.6588,0.006833,,72.816,7.5814,0.5,228.71
107800,2155,-1.79846,50,0.6586,0.006419,,71.566,5.9563,0.54,151.73
107850,2156,-0.45697,50,0.6585,0.006611,,76.237,2.9454,0.28,36.92
107900,2157,-1.21265,50,0.6583,0.007618,,82.345,3.4406,0.28,126.04
107950,2158,-0.79325,50,0.6582,0.006899,,71.103,2.6749,0.2,85.6
108000,2159,-2.51832,50,0.658,0.006887,,59.208,5.1718,0.52,283.99
108050,2160,-0.22912,50,0.6578,0.00753,,71.337,1.7713,0.16,20.8
108100,2161,-0.06812,50,0.6577,0.007394,,70.798,1.1118,0.12,12.26
108150,2162,-1.4008,50,0.6575,0.007683,,65.463,3.7402,0.32,150.36
108200,2163,-3.51418,50,0.6574,0.006146,,67.991,7.7743,0.56,376.98
108250,2164,-2.80156,50,0.6572,0.006848,,74.315,6.8374,0.46,291.74
108300,2165,-3.74815,50,0.6571,0.00628,,76.25,8.8353,0.62,372.9
108350,2166,-3.32674,50,0.6569,0.007017,,74.393,7.7432,0.56,343.98
108400,2167,-1.72671,50,0.6567,0.005803,,68.75,5.3219,0.5,161.08
108450,2168,-0.69773,50,0.6566,0.006697,,68.366,2.8762,0.24,71.32
108500,2169,-6.86327,50,0.6564,0.006114,,66.394,12.3099,0.68,764.08
108550,2170,-1.95842,50,0.6563,0.006941,,68.1,5.9079,0.56,185.05
108600,2171,-0.37307,50,0.6561,0.006671,,66.822,1.9718,0.2,40.31
108650,2172,-2.97742,50,0.6559,0.005906,,62.557,7.254,0.52,306.7
108700,2173,-1.87955,50,0.6558,0.006695,,67.199,5.9332,0.48,170.75
108750,2174,-3.02151,50,0.6556,0.006897,,71.092,6.9548,0.5,316.91
108800,2175,-1.41309,50,0.6555,0.006865,,75.069,4.2219,0.32,141.62
108850,2176,-0.42455,50,0.6553,0.007888,,69.398,2.7432,0.18,34.08
108900,2177,-4.43192,50,0.6552,0.006424,,74.314,8.6324,0.52,500.26
108950,2178,-4.89096,50,0.655,0.005793,,74.733,9.8413,0.6,527.42
109000,2179,-0.56027,50,0.6548,0.005999,,72.575,2.575,0.28,46.65
109050,2180,-2.10494,50,0.6547,0.006481,,73.408,5.4909,0.38,211.79
109100,2181,-4.08476,50,0.6545,0.006344,,73.046,8.2881,0.52,449.9
109150,2182,-0.57648,50,0.6544,0.006332,,71.215,2.2893,0.22,61.03
109200,2183,-4.31179,50,0.6542,0.006973,,69.468,9.7416,0.58,437.38
109250,2184,-3.13799,50,0.654,0.006857,,70.819,6.7428,0.46,336.71
109300,2185,-0.29601,50,0.6539,0.007074,,72.105,1.9141,0.22,30.04
109350,2186,-4.28114,50,0.6537,0.006551,,68.617,10.1432,0.64,417.84
109400,2187,-0.86822,50,0.6536,0.00678,,62.374,2.9829,0.36,94.71
109450,2188,-0.69618,50,0.6534,0.006321,,72.469,2.6766,0.22,72.34
109500,2189,-3.85579,50,0.6532,0.007479,,67.857,8.1022,0.56,421.09
109550,2190,-3.44711,50,0.6531,0.006919,,65.21,8.183,0.56,344.86
109600,2191,-0.46976,50,0.6529,0.006611,,66.31,1.818,0.3,58.81
109650,2192,-3.24528,50,0.6528,0.007353,,61.191,7.8798,0.62,324.31
109700,2193,-0.02706,50,0.6526,0.006241,,78.067,1.0475,0.1,6.37
109750,2194,-3.54252,50,0.6525,0.006843,,73.453,8.5404,0.52,358.48
109800,2195,-1.55331,50,0.6523,0.005971,,68.137,4.6956,0.32,152.3
109850,2196,-5.09841,50,0.6521,0.006467,,68.77,8.2099,0.6,603.35
109900,2197,-2.91976,50,0.652,0.00691,,76.572,7.6469,0.46,273.52
109950,2198,-2.93919,50,0.6518,0.006987,,69.452,8.1996,0.64,280.73
110000,2199,-4.79383,50,0.6517,0.006198,,70.622,9.5667,0.58,511.05
110050,2200,-3.68591,50,0.6515,0.007236,,67.0,8.6851,0.54,370.29
110100,2201,-6.13575,50,0.6514,0.007458,,80.636,11.755,0.68,667.15
110150,2202,-2.2692,50,0.6512,0.006845,,70.472,6.028,0.46,224.16
110200,2203,-3.51235,50,0.651,0.007128,,69.387,7.9003,0.58,364.36
110250,2204,-1.10054,50,0.6509,0.006626,,61.27,3.7875,0.3,100.05
110300,2205,-0.43757,50,0.6507,0.006897,,70.413,2.644,0.2,39.61
110350,2206,-4.07533,50,0.6506,0.007003,,77.553,6.8601,0.44,478.37
110400,2207,-4.19484,50,0.6504,0.008076,,68.531,9.9692,0.68,416.97
110450,2208,-2.48554,50,0.6502,0.006668,,66.698,6.3944,0.52,255.85
110500,2209,-0.62246,50,0.6501,0.005784,,65.848,3.1201,0.26,53.87
110550,2210,-3.91159,50,0.6499,0.007305,,67.742,8.4655,0.6,407.57
110600,2211,-0.32146,50,0.6498,0.006801,,62.994,2.262,0.2,33.01
110650,2212,-2.61543,50,0.6496,0.006862,,61.444,6.3698,0.56,270.49
110700,2213,-2.3221,50,0.6495,0.007498,,74.007,7.0577,0.5,204.28
110750,2214,-1.89913,50,0.6493,0.006553,,66.378,5.0377,0.36,197.82
110800,2215,-0.34894,50,0.6491,0.006869,,73.584,1.8695,0.22,42.3
110850,2216,-1.52989,50,0.649,0.007339,,67.274,4.6873,0.46,150.92
110900,2217,-3.04682,50,0.6488,0.006965,,62.5,6.8016,0.54,316.27
110950,2218,-1.58694,50,0.6487,0.007164,,60.264,4.2847,0.4,172.55
111000,2219,-2.21868,50,0.6485,0.006599,,75.71,5.5629,0.46,235.05
111050,2220,-1.73974,50,0.6483,0.007767,,70.105,5.1719,0.48,174.17
111100,2221,-2.26404,50,0.6482,0.007683,,73.214,5.8001,0.48,227.71
111150,2222,0.13301,50,0.648,0.007883,,68.515,0.4089,0.04,2.22
111200,2223,-3.1683,50,0.6479,0.007275,,62.369,7.388,0.64,328.02
111250,2224,-1.15264,50,0.6477,0.007809,,71.371,4.3195,0.3,97.0
111300,2225,-2.79911,50,0.6476,0.005873,,65.295,6.9677,0.58,284.05
111350,2226,-3.61457,50,0.6474,0.007594,,72.647,7.2825,0.5,393.15
111400,2227,-0.79831,50,0.6472,0.0065,,73.537,3.6553,0.24,75.8
111450,2228,-5.21317,50,0.6471,0.008429,,65.387,9.6796,0.68,578.17
111500,2229,-4.28162,50,0.6469,0.006789,,64.321,8.3388,0.56,471.62
111550,2230,-3.01506,50,0.6468,0.007761,,71.31,6.5795,0.54,322.83
111600,2231,-0.82702,50,0.6466,0.006465,,69.465,2.7596,0.22,86.26
111650,2232,-4.64727,50,0.6464,0.006305,,66.803,9.5097,0.64,501.85
111700,2233,-2.87057,50,0.6463,0.006996,,70.103,6.8823,0.5,292.64
111750,2234,-1.1153,50,0.6461,0.006502,,63.306,4.3211,0.42,95.25
111800,2235,-1.15336,50,0.646,0.007559,,69.056,3.5111,0.3,123.96
111850,2236,-2.60173,50,0.6458,0.006768,,67.295,5.281,0.46,300.01
111900,2237,-3.70297,50,0.6457,0.006563,,67.258,7.9707,0.56,399.82
111950,2238,-3.26108,50,0.6455,0.007413,,64.152,5.774,0.44,379.65
112000,2239,-0.63082,50,0.6453,0.007112,,70.463,2.435,0.24,72.38
112050,2240,-0.3798,50,0.6452,0.006851,,68.74,1.5766,0.14,52.37
112100,2241,-1.5597,50,0.645,0.007922,,71.415,4.608,0.32,163.57
112150,2242,-2.84169,50,0.6449,0.007767,,67.931,7.185,0.58,276.86
112200,2243,-4.12003,50,0.6447,0.008195,,75.942,9.398,0.56,413.95
112250,2244,-5.26796,50,0.6445,0.008041,,76.907,11.303,0.68,548.51
112300,2245,-0.46602,50,0.6444,0.007402,,68.921,2.4541,0.24,51.06
112350,2246,-3.46718,50,0.6442,0.00717,,65.649,7.3043,0.58,376.27
112400,2247,-3.79249,50,0.6441,0.007659,,68.787,8.7011,0.76,384.9
112450,2248,-0.96928,50,0.6439,0.00749,,77.507,3.9975,0.34,71.4
112500,2249,-1.5064,50,0.6438,0.00709,,70.54,4.4601,0.38,152.39
112550,2250,-3.92888,50,0.6436,0.007292,,68.669,8.6048,0.56,411.06
112600,2251,-3.0379,50,0.6434,0.008078,,68.745,7.5078,0.5,306.27
112650,2252,-2.03151,50,0.6433,0.008257,,72.684,5.2372,0.46,210.46
112700,2253,-2.51041,50,0.6431,0.006874,,66.25,6.1626,0.52,259.85
112750,2254,-2.97549,50,0.643,0.007182,,68.75,7.9548,0.6,284.64
112800,2255,-0.52581,50,0.6428,0.007481,,74.668,2.2079,0.28,51.99
112850,2256,-2.15758,50,0.6426,0.007622,,76.95,6.7533,0.4,184.51
112900,2257,-3.60112,50,0.6425,0.006657,,65.904,8.3796,0.5,369.23
112950,2258,-2.31344,50,0.6423,0.00745,,66.002,5.6949,0.48,236.83
113000,2259,-0.68574,50,0.6422,0.00774,,72.0,3.1053,0.3,66.69
113050,2260,-7.64193,50,0.642,0.00803,,70.913,12.7023,0.7,871.8
113100,2261,-5.4452,50,0.6419,0.006219,,70.371,9.2721,0.54,625.89
113150,2262,-4.0743,50,0.6417,0.007571,,64.921,7.7666,0.52,456.97
113200,2263,-0.50493,50,0.6415,0.00623,,72.012,2.5057,0.28,49.43
113250,2264,-3.08537,50,0.6414,0.006728,,70.662,6.4299,0.52,341.21
113300,2265,-6.71925,50,0.6412,0.006291,,67.5,13.4032,0.74,714.33
113350,2266,-5.90758,50,0.6411,0.007649,,72.918,11.3881,0.68,640.82
113400,2267,-5.08812,50,0.6409,0.007301,,69.458,11.9542,0.76,501.05
113450,2268,-2.57124,50,0.6407,0.006857,,67.2,5.7701,0.48,279.79
113500,2269,-0.58383,50,0.6406,0.007545,,71.119,2.1226,0.2,67.9
113550,2270,-2.382,50,0.6404,0.0067,,67.126,5.4919,0.52,257.62
113600,2271,-1.24516,50,0.6403,0.006662,,75.475,3.8845,0.3,117.86
113650,2272,-3.42651,50,0.6401,0.006486,,71.106,6.8226,0.54,386.58
113700,2273,-0.87698,50,0.64,0.008075,,67.384,3.5397,0.3,78.68
113750,2274,-1.95264,50,0.6398,0.007508,,68.013,4.5951,0.42,222.16
113800,2275,-4.81051,50,0.6396,0.007641,,73.111,9.8066,0.62,514.64
113850,2276,-1.53721,50,0.6395,0.007438,,65.405,4.5029,0.34,152.39
113900,2277,-0.82437,50,0.6393,0.006768,,66.698,3.2754,0.32,83.4
113950,2278,-1.87254,50,0.6392,0.00662,,72.414,6.0581,0.48,163.08
114000,2279,-1.78554,50,0.639,0.006941,,69.129,5.4812,0.4,171.57
114050,2280,-3.74292,50,0.6388,0.007388,,72.781,8.4247,0.6,378.9
114100,2281,-0.40808,50,0.6387,0.007346,,70.318,2.3035,0.18,36.11
114150,2282,-2.95908,50,0.6385,0.005897,,79.421,6.774,0.44,310.44
114200,2283,-1.49856,50,0.6384,0.007868,,70.099,4.3617,0.36,159.02
114250,2284,-4.54358,50,0.6382,0.006327,,74.5,9.1581,0.6,484.38
114300,2285,-6.3554,50,0.6381,0.006342,,69.717,11.9791,0.7,692.93
114350,2286,-2.26371,50,0.6379,0.008816,,70.99,5.9757,0.4,232.91
114400,2287,-0.34328,50,0.6377,0.007382,,77.656,2.384,0.2,25.95
114450,2288,-3.43952,50,0.6376,0.00759,,77.254,8.2514,0.52,343.87
114500,2289,-1.92893,50,0.6374,0.007347,,67.992,3.7709,0.24,231.28
114550,2290,-1.90468,50,0.6373,0.006614,,65.0,4.7136,0.44,204.52
114600,2291,-0.61571,50,0.6371,0.007959,,60.355,3.1361,0.34,46.43
114650,2292,-4.15677,50,0.6369,0.00806,,67.947,9.3368,0.66,425.57
114700,2293,-0.37516,50,0.6368,0.0075,,66.297,1.8313,0.14,52.2
114750,2294,-7.98147,50,0.6366,0.006868,,73.37,13.291,0.62,904.7
114800,2295,-0.89891,50,0.6365,0.006317,,78.638,3.4851,0.3,78.08
114850,2296,-0.57544,50,0.6363,0.006755,,73.001,2.4677,0.32,55.51
114900,2297,-2.71084,50,0.6361,0.006848,,68.984,6.8025,0.46,279.82
114950,2298,-5.47042,50,0.636,0.00744,,70.058,10.7935,0.7,588.36
115000,2299,-3.75712,50,0.6358,0.007402,,71.836,7.4808,0.58,415.99
115050,2300,-4.7094,50,0.6357,0.00755,,66.574,9.2891,0.72,502.12
115100,2301,-1.65794,50,0.6355,0.007101,,66.284,4.8522,0.42,157.4
115150,2302,-1.32292,50,0.6354,0.006371,,58.529,3.7845,0.38,144.83
115200,2303,-2.92397,50,0.6352,0.006546,,66.932,6.9478,0.54,302.57
115250,2304,-2.71916,50,0.635,0.006127,,69.329,6.1294,0.48,300.64
115300,2305,-5.66533,50,0.6349,0.007741,,67.143,12.6587,0.74,566.36
115350,2306,-1.44843,50,0.6347,0.007356,,75.036,4.2858,0.46,135.83
115400,2307,-0.65485,50,0.6346,0.006442,,68.217,2.8499,0.32,65.53
115450,2308,-4.7059,50,0.6344,0.006848,,76.802,10.6711,0.66,476.94
115500,2309,-1.12964,50,0.6342,0.006625,,64.278,3.6796,0.34,127.12
115550,2310,-2.78063,50,0.6341,0.006355,,66.25,7.2389,0.44,271.16
115600,2311,-1.4656,50,0.6339,0.007514,,69.356,4.6076,0.5,140.38
115650,2312,-2.40244,50,0.6338,0.006926,,80.264,5.4579,0.3,261.74
115700,2313,-0.6378,50,0.6336,0.005938,,70.085,2.8564,0.22,61.22
115750,2314,-1.71028,50,0.6335,0.006772,,70.99,4.5153,0.46,174.36
115800,2315,-1.75529,50,0.6333,0.007581,,82.253,5.454,0.36,156.93
115850,2316,-0.83805,50,0.6331,0.007193,,73.922,3.551,0.28,70.43
115900,2317,-3.15938,50,0.633,0.006878,,58.856,6.6826,0.52,351.99
115950,2318,-1.45637,50,0.6328,0.007829,,66.25,3.9054,0.38,157.98
116000,2319,-1.78646,50,0.6327,0.007761,,71.276,4.8099,0.34,188.99
116050,2320,-1.63895,50,0.6325,0.007632,,77.87,3.5557,0.3,186.36
116100,2321,-2.22147,50,0.6323,0.007167,,69.0,6.0647,0.56,215.86
116150,2322,-0.96892,50,0.6322,0.007723,,61.507,3.0579,0.34,114.96
116200,2323,-3.90864,50,0.632,0.008035,,70.789,8.1456,0.62,417.75
116250,2324,-2.01125,50,0.6319,0.007918,,70.328,5.0501,0.48,202.33
116300,2325,-3.69078,50,0.6317,0.00757,,77.98,7.9578,0.46,388.14
116350,2326,-3.54094,50,0.6316,0.007229,,67.252,7.8934,0.58,377.94
116400,2327,-3.60198,50,0.6314,0.006907,,60.65,7.2082,0.6,397.65
116450,2328,-5.48345,50,0.6312,0.007889,,67.5,11.6001,0.76,569.17
116500,2329,-2.10717,50,0.6311,0.007184,,75.0,5.3988,0.38,215.47
116550,2330,-3.61271,50,0.6309,0.006723,,68.963,8.3474,0.5,369.13
116600,2331,-4.04323,50,0.6308,0.007179,,64.735,8.08,0.46,439.11
116650,2332,-0.34639,50,0.6306,0.007901,,61.966,1.8713,0.24,44.96
116700,2333,-4.64779,50,0.6304,0.007448,,71.859,10.6202,0.66,463.33
116750,2334,-2.96657,50,0.6303,0.007105,,70.805,6.477,0.52,318.41
116800,2335,-0.6248,50,0.6301,0.00736,,70.82,3.0482,0.32,56.8
116850,2336,-1.50703,50,0.63,0.006655,,63.344,3.9027,0.36,166.3
116900,2337,-2.92579,50,0.6298,0.006973,,69.6,6.9933,0.46,305.26
116950,2338,-5.42922,50,0.6297,0.007021,,69.0,10.6669,0.64,589.72
117000,2339,-4.46469,50,0.6295,0.006731,,67.741,8.1259,0.58,506.31
117050,2340,-0.30975,50,0.6293,0.006543,,69.108,1.782,0.14,33.73
117100,2341,-3.79206,50,0.6292,0.007018,,66.556,8.7616,0.58,389.09
117150,2342,-1.76547,50,0.629,0.007577,,66.715,5.3949,0.44,172.68
117200,2343,-0.20525,50,0.6289,0.006791,,69.738,1.6933,0.18,19.71
117250,2344,-1.23189,50,0.6287,0.006582,,69.384,3.6266,0.34,137.38
117300,2345,-1.55752,50,0.6285,0.006688,,73.343,4.9069,0.3,149.42
117350,2346,-5.21269,50,0.6284,0.00736,,66.765,9.9887,0.64,572.12
117400,2347,-0.99855,50,0.6282,0.007203,,68.393,2.9929,0.24,104.76
117450,2348,-0.94002,50,0.6281,0.008484,,65.904,3.401,0.42,87.34
117500,2349,-0.68548,50,0.6279,0.006799,,74.019,2.7451,0.24,68.92
117550,2350,-3.98275,50,0.6278,0.007287,,69.453,7.5318,0.54,455.25
117600,2351,-2.24498,50,0.6276,0.007135,,71.195,4.9203,0.32,249.26
117650,2352,-0.68976,50,0.6274,0.006831,,76.831,2.789,0.28,66.65
117700,2353,-0.72158,50,0.6273,0.006577,,68.738,3.0919,0.26,69.16
117750,2354,-3.55959,50,0.6271,0.00616,,69.727,8.7657,0.58,354.38
117800,2355,-2.31416,50,0.627,0.007105,,66.223,5.5691,0.54,241.67
117850,2356,-1.83791,50,0.6268,0.007535,,70.705,4.9023,0.46,192.38
117900,2357,-1.08854,50,0.6266,0.00676,,70.783,3.283,0.3,118.62
117950,2358,-3.49366,50,0.6265,0.007895,,65.345,7.4443,0.6,371.26
118000,2359,-4.30402,50,0.6263,0.007571,,78.012,9.5786,0.54,441.68
118050,2360,-1.11941,50,0.6262,0.006951,,68.75,3.9444,0.36,98.9
118100,2361,-0.63283,50,0.626,0.008392,,74.754,2.8755,0.18,54.99
118150,2362,-2.79742,50,0.6259,0.008194,,69.935,7.2609,0.58,276.86
118200,2363,-1.88978,50,0.6257,0.007575,,70.211,4.3534,0.34,215.21
118250,2364,-2.97608,50,0.6255,0.007154,,73.461,7.528,0.5,286.66
118300,2365,-2.29307,50,0.6254,0.007054,,68.369,6.7233,0.44,215.42
118350,2366,-3.54859,50,0.6252,0.007168,,67.581,6.2451,0.46,422.32
118400,2367,-6.17415,50,0.6251,0.006929,,66.624,11.63,0.74,676.64
118450,2368,-0.88978,50,0.6249,0.0087,,68.843,3.4059,0.32,80.14
118500,2369,-3.73443,50,0.6248,0.008127,,67.107,7.768,0.66,403.66
118550,2370,-0.49494,50,0.6246,0.007103,,73.176,2.2494,0.24,46.22
118600,2371,-2.911,50,0.6244,0.007076,,67.98,7.2531,0.54,292.6
118650,2372,-2.08734,50,0.6243,0.00722,,68.741,5.6154,0.4,207.22
118700,2373,-3.52147,50,0.6241,0.009253,,65.619,8.3354,0.58,358.92
118750,2374,-4.1078,50,0.624,0.008384,,78.308,9.8169,0.66,407.91
118800,2375,-2.86795,50,0.6238,0.007092,,70.81,5.9281,0.44,319.07
118850,2376,-0.65173,50,0.6236,0.007563,,73.695,3.2216,0.26,52.66
118900,2377,-1.0882,50,0.6235,0.006574,,68.058,3.9251,0.32,99.01
118950,2378,-1.66501,50,0.6233,0.007072,,74.351,3.8718,0.34,187.1
119000,2379,-3.70545,50,0.6232,0.007684,,68.086,8.0915,0.56,392.94
119050,2380,-0.34563,50,0.623,0.007049,,68.962,2.3102,0.18,32.82
119100,2381,-1.53999,50,0.6229,0.006602,,69.601,4.681,0.32,152.71
119150,2382,-2.25247,50,0.6227,0.007199,,74.805,6.1717,0.42,212.16
119200,2383,-2.05683,50,0.6225,0.006769,,61.612,6.1728,0.56,187.77
119250,2384,-3.56711,50,0.6224,0.007134,,71.956,8.5054,0.64,356.55
119300,2385,-7.49052,50,0.6222,0.007467,,78.722,12.8857,0.7,838.58
119350,2386,-1.98107,50,0.6221,0.00693,,72.282,4.6629,0.32,216.6
119400,2387,-1.80375,50,0.6219,0.008226,,74.395,5.1026,0.42,176.26
119450,2388,-4.78755,50,0.6217,0.006852,,79.334,9.7845,0.58,508.24
119500,2389,-0.93916,50,0.6216,0.00785,,70.062,3.2569,0.32,104.35
119550,2390,-2.55213,50,0.6214,0.007997,,73.154,6.3702,0.52,257.04
119600,2391,-2.7116,50,0.6213,0.007349,,71.341,8.1279,0.58,235.28
119650,2392,-4.89924,50,0.6211,0.006912,,70.185,10.0733,0.66,521.47
119700,2393,-2.78123,50,0.621,0.006478,,70.493,7.7355,0.62,261.03
119750,2394,-2.67789,50,0.6208,0.007121,,71.351,5.7691,0.54,297.78
119800,2395,-0.81361,50,0.6206,0.007359,,73.425,2.9283,0.22,77.66
119850,2396,-1.59304,50,0.6205,0.006517,,69.396,4.5851,0.38,158.6
119900,2397,-6.50939,50,0.6203,0.006654,,75.0,14.1299,0.78,660.39
119950,2398,-2.0063,50,0.6202,0.007383,,72.911,5.5222,0.4,204.84
120000,2399,-3.26136,50,0.62,0.007532,,64.739,6.7333,0.52,354.64
120050,2400,-2.7961,50,0.6198,0.006655,,71.411,5.6488,0.4,319.94
120100,2401,-3.99216,50,0.6197,0.007085,,69.503,8.6218,0.58,421.5
120150,2402,-3.21782,50,0.6195,0.007271,,69.166,6.8743,0.44,345.87
120200,2403,-2.65059,50,0.6194,0.006644,,73.461,5.7886,0.48,287.53
120250,2404,-0.34671,50,0.6192,0.008044,,75.248,1.889,0.18,41.25
120300,2405,-3.1007,50,0.619,0.00701,,72.833,7.278,0.52,318.34
120350,2406,-2.59755,50,0.6189,0.007788,,68.387,6.7963,0.54,254.69
120400,2407,-0.21216,50,0.6187,0.008342,,72.35,1.7177,0.18,21.46
120450,2408,-0.64795,50,0.6186,0.009448,,76.348,2.5688,0.18,70.9
120500,2409,-4.94161,50,0.6184,0.007595,,75.42,11.6,0.74,483.51
120550,2410,-3.1422,50,0.6183,0.007739,,70.769,7.0878,0.42,332.02
120600,2411,-3.56361,50,0.6181,0.007402,,61.577,7.3294,0.58,389.11
120650,2412,-3.69764,50,0.6179,0.006835,,70.256,8.202,0.6,387.24
120700,2413,-0.32308,50,0.6178,0.007392,,71.311,1.867,0.2,32.71
120750,2414,-2.69484,50,0.6176,0.007366,,66.292,6.6475,0.46,277.39
120800,2415,-5.72701,50,0.6175,0.007203,,70.0,12.4363,0.6,581.35
120850,2416,-2.08934,50,0.6173,0.006235,,74.175,4.7138,0.34,231.25
120900,2417,-1.24773,50,0.6171,0.006818,,72.5,4.0258,0.3,120.55
120950,2418,-3.82192,50,0.617,0.007581,,70.751,9.0223,0.64,387.04
121000,2419,-1.25231,50,0.6168,0.00731,,69.463,4.1626,0.32,126.56
121050,2420,-1.57744,50,0.6167,0.006401,,72.391,4.6188,0.34,159.92
121100,2421,-1.38944,50,0.6165,0.007994,,65.744,3.5025,0.3,165.38
121150,2422,-0.17189,50,0.6164,0.007524,,76.403,1.6574,0.18,18.49
121200,2423,-3.31061,50,0.6162,0.007672,,70.924,7.4539,0.56,346.04
121250,2424,-0.88744,50,0.616,0.007523,,64.343,3.0421,0.28,92.7
121300,2425,-0.05814,50,0.6159,0.007391,,65.245,1.445,0.12,9.4
121350,2426,-1.87747,50,0.6157,0.007815,,68.0,5.4671,0.48,188.19
121400,2427,-3.63205,50,0.6156,0.007271,,77.752,7.7926,0.44,388.47
121450,2428,-4.4952,50,0.6154,0.006277,,68.806,10.298,0.66,459.4
121500,2429,-2.88266,50,0.6153,0.007122,,64.0,6.9614,0.6,292.13
121550,2430,-0.74808,50,0.6151,0.008676,,64.224,3.1451,0.34,67.84
121600,2431,-1.69159,50,0.6149,0.007677,,69.162,5.5699,0.4,147.4
121650,2432,-2.98151,50,0.6148,0.007873,,66.929,5.7805,0.5,350.02
121700,2433,-6.06096,50,0.6146,0.007329,,70.798,11.7101,0.74,651.24
121750,2434,-1.66437,50,0.6145,0.006362,,60.282,4.974,0.52,159.62
121800,2435,-0.90226,50,0.6143,0.007409,,62.358,3.0994,0.36,85.04
121850,2436,-0.96509,50,0.6141,0.008861,,59.82,2.9802,0.4,103.41
121900,2437,-3.95578,50,0.614,0.007159,,64.232,8.2925,0.6,425.86
121950,2438,-3.936,50,0.6138,0.007003,,62.445,7.307,0.54,456.64
122000,2439,-1.298,50,0.6137,0.007429,,65.577,4.1557,0.44,126.1
122050,2440,-1.50157,50,0.6135,0.007747,,68.626,4.0141,0.42,161.7
122100,2441,-3.8833,50,0.6134,0.007799,,67.623,7.6781,0.5,431.79
122150,2442,-2.38802,50,0.6132,0.007992,,67.88,6.6882,0.58,230.33
122200,2443,-0.12069,50,0.613,0.008286,,74.154,1.4194,0.1,20.45
122250,2444,-0.47834,50,0.6129,0.007349,,70.459,2.5522,0.26,44.04
122300,2445,-4.29868,50,0.6127,0.008928,,64.0,9.1126,0.66,454.74
122350,2446,-1.06038,50,0.6126,0.007504,,70.458,3.0369,0.24,118.98
122400,2447,-3.48347,50,0.6124,0.008356,,72.993,7.5467,0.56,366.36
122450,2448,-1.6809,50,0.6122,0.007515,,66.765,4.6869,0.44,177.45
122500,2449,-2.55788,50,0.6121,0.006956,,69.266,7.1563,0.52,241.28
122550,2450,-2.66844,50,0.6119,0.008428,,72.247,5.2599,0.44,305.25
122600,2451,-2.16037,50,0.6118,0.008386,,79.933,5.7277,0.42,209.79
122650,2452,-6.61654,50,0.6116,0.007617,,70.745,10.732,0.6,766.53
122700,2453,-0.77905,50,0.6115,0.007337,,74.473,3.0393,0.3,71.9
122750,2454,-0.02496,50,0.6113,0.006857,,80.38,0.935,0.06,14.05
122800,2455,-5.79423,50,0.6111,0.007751,,75.626,9.6024,0.52,670.26
122850,2456,-3.48105,50,0.611,0.007385,,63.202,6.7785,0.6,393.2
122900,2457,-2.29186,50,0.6108,0.007632,,63.898,5.4142,0.46,250.73
122950,2458,-1.29746,50,0.6107,0.007126,,68.504,4.4416,0.42,119.82
123000,2459,-0.54623,50,0.6105,0.008141,,56.672,1.9198,0.28,77.01
123050,2460,-1.65723,50,0.6103,0.007237,,68.034,5.7084,0.42,141.56
123100,2461,-5.53566,50,0.6102,0.007915,,69.305,11.869,0.74,569.37
123150,2462,-3.64111,50,0.61,0.00774,,67.319,7.7379,0.6,387.89
123200,2463,-2.32647,50,0.6099,0.008047,,70.893,6.6509,0.5,221.16
123250,2464,-4.40452,50,0.6097,0.009271,,66.444,8.7042,0.52,483.33
123300,2465,-1.91492,50,0.6096,0.009043,,73.966,6.0514,0.44,168.55
123350,2466,-2.46967,50,0.6094,0.007403,,71.46,6.0919,0.42,253.81
123400,2467,-2.81802,50,0.6092,0.007718,,63.161,6.9067,0.62,293.62
123450,2468,-3.08258,50,0.6091,0.007977,,64.762,8.3523,0.64,291.76
123500,2469,-4.01802,50,0.6089,0.007778,,71.0,7.7736,0.58,447.79
123550,2470,-0.93567,50,0.6088,0.008454,,68.928,3.5371,0.3,94.26
123600,2471,-1.14077,50,0.6086,0.008172,,63.849,3.1415,0.3,129.6
123650,2472,-1.98134,50,0.6084,0.008191,,70.0,4.8697,0.36,211.52
123700,2473,-1.06196,50,0.6083,0.007855,,66.686,4.1473,0.4,90.09
123750,2474,-2.99615,50,0.6081,0.007219,,70.636,6.8501,0.46,316.51
123800,2475,-4.27294,50,0.608,0.0085,,70.0,9.5814,0.58,434.0
123850,2476,-2.70132,50,0.6078,0.006649,,62.053,6.4235,0.42,280.85
123900,2477,-3.37942,50,0.6077,0.007279,,74.156,7.4561,0.44,365.68
123950,2478,-4.45496,50,0.6075,0.00842,,75.615,9.3711,0.54,475.76
124000,2479,-2.31244,50,0.6073,0.007271,,60.527,5.7046,0.48,246.68
124050,2480,-1.94667,50,0.6072,0.007776,,72.74,6.0772,0.54,173.58
124100,2481,-0.57749,50,0.607,0.009489,,78.949,2.6306,0.28,49.47
124150,2482,-0.94795,50,0.6069,0.00824,,66.546,3.6026,0.28,91.45
124200,2483,-0.89688,50,0.6067,0.008127,,74.328,3.7347,0.32,73.9
124250,2484,-1.25517,50,0.6065,0.007703,,63.31,4.094,0.4,125.82
124300,2485,-0.40544,50,0.6064,0.007328,,80.133,1.697,0.2,45.68
124350,2486,-0.95661,50,0.6062,0.009201,,68.75,3.8431,0.26,81.7
124400,2487,-0.846,50,0.6061,0.009173,,67.699,2.9538,0.32,89.06
124450,2488,-0.14093,50,0.6059,0.007942,,71.754,1.6455,0.12,14.06
124500,2489,-1.08759,50,0.6058,0.007959,,66.68,3.2702,0.3,119.61
124550,2490,-4.94794,50,0.6056,0.008641,,74.0,9.4274,0.58,546.95
124600,2491,-0.60431,50,0.6054,0.007453,,66.835,2.2384,0.26,67.56
124650,2492,-2.64753,50,0.6053,0.007487,,69.17,6.7464,0.56,262.84
124700,2493,-0.40117,50,0.6051,0.007594,,65.466,1.8329,0.12,46.32
124750,2494,-0.74678,50,0.605,0.008097,,62.071,2.4253,0.2,90.53
124800,2495,-0.3789,50,0.6048,0.008766,,68.854,2.253,0.3,33.34
124850,2496,-1.28955,50,0.6046,0.008458,,74.48,4.7356,0.28,114.05
124900,2497,-0.66404,50,0.6045,0.007545,,75.367,2.2862,0.24,76.43
124950,2498,-2.38008,50,0.6043,0.007406,,74.15,5.5752,0.48,248.89
125000,2499,-0.91608,50,0.6042,0.008553,,68.953,2.9752,0.28,101.8
125050,2500,-0.13023,50,0.604,0.007688,,64.266,1.514,0.14,13.58
125100,2501,-3.15038,50,0.6038,0.007454,,67.5,6.4054,0.54,358.51
125150,2502,-0.48979,50,0.6037,0.007448,,71.784,2.4542,0.22,49.5
125200,2503,-4.53946,50,0.6035,0.008345,,71.411,9.7134,0.66,487.82
125250,2504,-1.7443,50,0.6034,0.008103,,73.81,4.6732,0.38,181.91
125300,2505,-2.00025,50,0.6032,0.007938,,68.025,6.4242,0.48,178.78
125350,2506,-4.11417,50,0.6031,0.007249,,71.518,8.7166,0.52,444.12
125400,2507,-2.88754,50,0.6029,0.007246,,75.944,6.5813,0.48,299.18
125450,2508,-0.29094,50,0.6027,0.007811,,68.369,1.6358,0.18,27.63
125500,2509,-1.28754,50,0.6026,0.008208,,70.491,3.4034,0.32,144.53
125550,2510,-1.23321,50,0.6024,0.007975,,64.352,3.8402,0.42,130.79
125600,2511,-1.24944,50,0.6023,0.007733,,72.09,4.2028,0.34,121.3
125650,2512,-3.01634,50,0.6021,0.007799,,76.268,7.8513,0.64,299.39
125700,2513,-3.34424,50,0.6019,0.007666,,74.169,5.9365,0.46,388.8
125750,2514,-7.02485,50,0.6018,0.008544,,67.489,14.1155,0.78,739.17
125800,2515,-1.24536,50,0.6016,0.007777,,71.926,3.513,0.36,127.35
125850,2516,-3.03759,50,0.6015,0.007804,,64.833,7.9621,0.62,293.94
125900,2517,-4.65958,50,0.6013,0.007708,,70.389,9.0484,0.5,516.48
125950,2518,-1.0004,50,0.6012,0.007135,,67.801,2.8756,0.2,120.62
126000,2519,-3.70109,50,0.601,0.008321,,69.436,8.0362,0.62,393.32
126050,2520,-0.3123,50,0.6008,0.008504,,63.068,1.9034,0.24,35.44
126100,2521,-2.70508,50,0.6007,0.007641,,68.71,6.4702,0.5,284.33
126150,2522,-4.87989,50,0.6005,0.007386,,81.381,10.9318,0.56,495.8
126200,2523,-3.31771,50,0.6004,0.007833,,68.314,7.2783,0.48,348.21
126250,2524,-3.73729,50,0.6002,0.006997,,72.798,7.7231,0.56,407.83
126300,2525,-1.8347,50,0.6,0.008225,,75.057,5.276,0.5,179.88
126350,2526,-2.94277,50,0.5999,0.009337,,59.965,6.9261,0.46,304.37
126400,2527,-1.97351,50,0.5997,0.008053,,69.204,5.0763,0.4,206.62
126450,2528,-2.56083,50,0.5996,0.008482,,73.32,7.2522,0.5,234.46
126500,2529,-2.62687,50,0.5994,0.007134,,73.182,5.9291,0.44,281.6
126550,2530,-2.10681,50,0.5993,0.009254,,70.546,5.8306,0.52,206.89
126600,2531,0.07541,50,0.5991,0.008694,,64.757,0.5411,0.06,13.82
126650,2532,-1.82667,50,0.5989,0.008989,,77.482,5.6793,0.44,160.24
126700,2533,-1.07725,50,0.5988,0.008032,,70.279,4.0553,0.34,102.47
126750,2534,-1.64432,50,0.5986,0.00877,,62.858,3.8366,0.38,182.54
126800,2535,-2.54289,50,0.5985,0.008037,,72.785,5.9594,0.54,271.06
126850,2536,-1.03739,50,0.5983,0.008764,,63.306,3.4421,0.34,105.31
126900,2537,-1.14673,50,0.5981,0.007819,,66.038,3.5998,0.34,120.96
126950,2538,-3.25383,50,0.598,0.007562,,72.856,7.5689,0.48,339.07
127000,2539,-4.59359,50,0.5978,0.008538,,78.764,9.2095,0.62,493.24
127050,2540,-3.27729,50,0.5977,0.008755,,65.952,7.3341,0.54,350.78
127100,2541,-3.07609,50,0.5975,0.007533,,66.918,7.0015,0.6,321.12
127150,2542,-3.75755,50,0.5974,0.007549,,68.946,8.7486,0.6,375.29
127200,2543,-2.00338,50,0.5972,0.007228,,63.267,5.9027,0.58,183.12
127250,2544,-0.79487,50,0.597,0.008134,,76.467,3.5147,0.24,65.85
127300,2545,-1.72142,50,0.5969,0.007323,,60.641,3.7581,0.44,205.29
127350,2546,-0.93342,50,0.5967,0.007946,,71.254,2.7018,0.26,115.76
127400,2547,-4.01235,50,0.5966,0.007656,,70.762,9.0629,0.56,413.81
127450,2548,-0.22899,50,0.5964,0.007889,,79.118,1.0288,0.14,39.51
127500,2549,-0.84735,50,0.5962,0.007743,,73.194,3.9297,0.3,66.66
127550,2550,-2.56085,50,0.5961,0.007348,,68.703,6.545,0.42,259.79
127600,2551,-4.99559,50,0.5959,0.007726,,68.335,9.1717,0.62,562.92
127650,2552,-3.26448,50,0.5958,0.00792,,69.191,7.8219,0.58,332.71
127700,2553,-2.67174,50,0.5956,0.008361,,65.697,5.4669,0.46,311.14
127750,2554,-4.11557,50,0.5955,0.007674,,75.401,9.0586,0.56,423.56
127800,2555,-2.62385,50,0.5953,0.007476,,76.0,6.4054,0.52,267.72
127850,2556,-2.60942,50,0.5951,0.007854,,74.814,6.2637,0.4,268.65
127900,2557,-3.50407,50,0.595,0.008312,,68.041,7.8784,0.62,367.6
127950,2558,-0.39271,50,0.5948,0.007408,,75.693,1.8427,0.22,39.82
128000,2559,0.06239,50,0.5947,0.007457,,66.582,0.665,0.08,9.44
128050,2560,-4.15977,50,0.5945,0.0071,,74.694,9.4559,0.56,428.34
128100,2561,-2.33904,50,0.5944,0.008779,,64.022,5.6767,0.42,252.28
128150,2562,-1.03814,50,0.5942,0.008664,,71.888,3.6346,0.32,95.11
128200,2563,-4.44915,50,0.594,0.007795,,64.707,10.1951,0.66,449.5
128250,2564,-6.35377,50,0.5939,0.007743,,74.4,13.7987,0.74,641.52
128300,2565,-3.5727,50,0.5937,0.007996,,66.648,8.0873,0.6,368.67
128350,2566,-2.67661,50,0.5936,0.007143,,59.496,5.5343,0.52,306.09
128400,2567,-2.58545,50,0.5934,0.007976,,75.305,5.9416,0.42,268.94
128450,2568,-0.94095,50,0.5932,0.0077,,64.418,3.6742,0.36,82.75
128500,2569,-1.90057,50,0.5931,0.008124,,62.0,5.0818,0.58,201.21
128550,2570,-0.17376,50,0.5929,0.008783,,67.957,1.4897,0.12,22.72
128600,2571,-0.7401,50,0.5928,0.007969,,68.953,3.5932,0.28,61.22
128650,2572,-3.24927,50,0.5926,0.007621,,68.828,8.106,0.6,320.48
128700,2573,-0.28258,50,0.5925,0.007769,,63.103,1.8139,0.14,26.48
128750,2574,-2.95288,50,0.5923,0.008198,,66.251,6.2973,0.64,326.33
128800,2575,-5.22334,50,0.5921,0.007825,,74.614,11.5146,0.62,536.3
128850,2576,-0.58776,50,0.592,0.008488,,63.887,2.3518,0.22,64.35
128900,2577,-1.49479,50,0.5918,0.008489,,60.972,4.9626,0.44,136.21
128950,2578,-0.89859,50,0.5917,0.007754,,70.071,2.9531,0.36,88.17
129000,2579,-6.25196,50,0.5915,0.008635,,75.001,11.702,0.76,690.33
129050,2580,-2.4452,50,0.5913,0.008205,,71.549,6.2443,0.4,245.97
129100,2581,-1.86584,50,0.5912,0.007733,,72.83,5.1192,0.4,190.55
129150,2582,-2.76093,50,0.591,0.007421,,66.062,6.3884,0.48,292.21
129200,2583,-7.1653,50,0.5909,0.008198,,75.333,13.2384,0.72,777.28
129250,2584,-3.16994,50,0.5907,0.009356,,70.77,6.4352,0.5,350.89
129300,2585,-6.25084,50,0.5906,0.008094,,68.239,11.0093,0.7,705.42
129350,2586,-1.97043,50,0.5904,0.00726,,66.582,5.3027,0.46,204.66
129400,2587,-2.0584,50,0.5902,0.008016,,70.256,6.0887,0.52,191.38
129450,2588,-2.92508,50,0.5901,0.008513,,63.774,6.4299,0.52,315.24
129500,2589,-3.11189,50,0.5899,0.008076,,72.511,7.2346,0.48,327.69
129550,2590,-3.472,50,0.5898,0.009052,,76.249,7.8985,0.5,361.08
129600,2591,-1.08948,50,0.5896,0.008553,,65.745,4.2576,0.32,96.25
129650,2592,-4.08969,50,0.5894,0.008341,,68.697,7.6307,0.58,469.18
129700,2593,-0.29551,50,0.5893,0.007552,,72.922,1.978,0.14,32.89
129750,2594,-1.75397,50,0.5891,0.008885,,75.109,5.1774,0.38,165.45
129800,2595,-0.81461,50,0.589,0.007806,,68.195,3.0365,0.38,86.1
129850,2596,-3.61028,50,0.5888,0.008303,,77.816,8.5657,0.56,362.8
129900,2597,-0.76168,50,0.5887,0.006942,,71.481,3.3878,0.32,64.82
129950,2598,-1.35791,50,0.5885,0.007943,,74.964,3.9164,0.34,142.89
130000,2599,-2.32051,50,0.5883,0.00717,,74.422,6.1125,0.46,225.79
130050,2600,-4.8432,50,0.5882,0.007834,,72.251,10.2724,0.72,504.82
130100,2601,-1.29758,50,0.588,0.007304,,67.285,4.3261,0.42,124.27
130150,2602,-2.74616,50,0.5879,0.008198,,74.148,6.1941,0.44,291.56
130200,2603,-0.88892,50,0.5877,0.007751,,68.636,3.2958,0.26,95.57
130250,2604,-2.95891,50,0.5875,0.009401,,73.244,6.4267,0.44,310.46
130300,2605,-0.97483,50,0.5874,0.0085,,68.279,3.3899,0.28,92.49
130350,2606,-3.49286,50,0.5872,0.008146,,62.647,7.9552,0.64,368.44
130400,2607,-4.21901,50,0.5871,0.00773,,63.75,9.7575,0.7,424.64
130450,2608,-2.6108,50,0.5869,0.007864,,72.292,6.0136,0.4,274.58
130500,2609,-1.02685,50,0.5867,0.008805,,73.029,3.3648,0.3,103.83
130550,2610,-2.09811,50,0.5866,0.008219,,72.432,5.2335,0.44,220.46
130600,2611,-4.21873,50,0.5864,0.007225,,61.412,7.8141,0.62,481.31
130650,2612,-2.77204,50,0.5863,0.007083,,67.629,6.6811,0.56,281.09
130700,2613,-4.73744,50,0.5861,0.007622,,70.544,9.9121,0.62,508.89
130750,2614,-2.88631,50,0.586,0.007526,,68.685,6.4075,0.5,305.38
130800,2615,-0.43743,50,0.5858,0.008414,,70.954,2.0498,0.16,42.86
130850,2616,-2.26065,50,0.5856,0.008814,,67.955,5.3693,0.44,244.57
130900,2617,-0.42582,50,0.5855,0.008066,,72.292,2.2986,0.22,44.06
130950,2618,-5.16952,50,0.5853,0.007911,,72.142,11.0468,0.62,530.5
131000,2619,-2.10126,50,0.5852,0.006898,,69.727,6.2569,0.46,199.48
131050,2620,-5.55997,50,0.585,0.007128,,63.307,8.9798,0.72,653.16
131100,2621,-2.15394,50,0.5849,0.007123,,75.463,5.7852,0.5,218.05
131150,2622,-1.76149,50,0.5847,0.007832,,72.424,5.8304,0.4,154.49
131200,2623,-3.89339,50,0.5845,0.008148,,69.753,8.8861,0.56,403.52
131250,2624,-2.66702,50,0.5844,0.007235,,75.252,6.2257,0.5,281.9
131300,2625,-2.77256,50,0.5842,0.007279,,70.809,6.6653,0.5,281.26
131350,2626,-3.63712,50,0.5841,0.007509,,67.263,8.0893,0.6,386.92
131400,2627,-2.93847,50,0.5839,0.007908,,72.681,6.065,0.56,331.53
131450,2628,-1.65565,50,0.5837,0.008184,,67.053,3.6426,0.3,192.48
131500,2629,-0.4948,50,0.5836,0.008616,,69.952,3.0633,0.24,39.28
131550,2630,-0.46043,50,0.5834,0.007239,,77.248,1.9525,0.18,41.56
131600,2631,-0.28444,50,0.5833,0.008411,,68.862,1.7448,0.2,42.0
131650,2632,-3.22403,50,0.5831,0.007863,,69.226,7.0403,0.52,351.44
131700,2633,-0.59015,50,0.583,0.008372,,68.191,2.4743,0.24,56.35
131750,2634,-7.14334,50,0.5828,0.008374,,69.664,13.1223,0.74,781.91
131800,2635,-3.16269,50,0.5826,0.006957,,67.012,7.8619,0.56,319.52
131850,2636,-2.58316,50,0.5825,0.008259,,63.031,4.4823,0.42,315.78
131900,2637,-1.96473,50,0.5823,0.008725,,68.525,5.2931,0.52,199.19
131950,2638,-1.96919,50,0.5822,0.007491,,72.308,5.3066,0.34,203.46
132000,2639,-3.68696,50,0.582,0.008086,,69.283,8.4475,0.54,381.66
132050,2640,-1.12632,50,0.5818,0.008705,,70.988,3.9157,0.3,112.48
132100,2641,-2.56187,50,0.5817,0.007294,,67.694,6.7165,0.5,251.06
132150,2642,-3.07547,50,0.5815,0.007839,,66.25,7.8957,0.62,293.54
132200,2643,-1.69823,50,0.5814,0.007743,,71.769,5.3737,0.48,146.6
132250,2644,-2.73895,50,0.5812,0.006929,,75.141,6.3284,0.48,288.26
132300,2645,-3.72715,50,0.5811,0.007631,,66.07,8.7443,0.62,382.36
132350,2646,-1.12167,50,0.5809,0.009153,,72.699,2.7156,0.26,134.78
132400,2647,-2.53513,50,0.5807,0.008288,,76.663,6.7611,0.48,241.71
132450,2648,-3.93601,50,0.5806,0.00916,,71.319,8.6783,0.64,412.28
132500,2649,-0.86617,50,0.5804,0.007478,,65.039,3.5194,0.3,80.11
132550,2650,-5.67895,50,0.5803,0.009313,,72.122,9.5876,0.54,660.44
132600,2651,-5.07058,50,0.5801,0.007662,,79.984,9.9841,0.5,548.61
132650,2652,-0.01863,50,0.5799,0.007218,,67.122,0.9642,0.1,22.1
132700,2653,-1.14753,50,0.5798,0.008135,,68.0,3.293,0.32,127.06
132750,2654,-3.1842,50,0.5796,0.007427,,66.537,6.292,0.46,361.19
132800,2655,-0.64657,50,0.5795,0.007779,,67.426,2.6013,0.22,70.66
132850,2656,-4.43498,50,0.5793,0.007289,,70.0,9.3427,0.66,473.01
132900,2657,-1.11815,50,0.5792,0.007457,,70.093,3.6623,0.4,123.79
132950,2658,-2.76335,50,0.579,0.007428,,62.47,6.3568,0.56,293.19
133000,2659,-1.68627,50,0.5788,0.006937,,65.802,4.4639,0.48,184.24
133050,2660,-0.93452,50,0.5787,0.008182,,68.061,3.5127,0.34,94.62
133100,2661,-3.07204,50,0.5785,0.007848,,58.869,7.6517,0.64,308.8
133150,2662,-1.47811,50,0.5784,0.007439,,62.947,4.1675,0.42,149.17
133200,2663,-3.90332,50,0.5782,0.007207,,65.526,7.4872,0.56,438.17
133250,2664,-0.23114,50,0.578,0.007355,,69.049,1.5407,0.14,19.55
133300,2665,-1.80273,50,0.5779,0.00739,,79.45,3.7291,0.3,204.17
133350,2666,-2.72406,50,0.5777,0.007424,,67.755,6.6174,0.66,281.83
133400,2667,-7.83807,50,0.5776,0.007843,,76.25,13.6521,0.74,868.86
133450,2668,-3.38478,50,0.5774,0.007871,,72.5,7.6656,0.54,354.56
133500,2669,-2.60069,50,0.5773,0.008117,,70.798,7.5535,0.6,238.11
133550,2670,-2.75988,50,0.5771,0.007503,,71.505,6.4686,0.48,286.93
133600,2671,-2.33472,50,0.5769,0.007896,,72.212,6.0097,0.5,236.01
133650,2672,-2.24113,50,0.5768,0.007162,,69.328,5.3422,0.42,240.59
133700,2673,-0.45576,50,0.5766,0.006941,,68.38,2.0478,0.18,49.81
133750,2674,-5.87344,50,0.5765,0.007268,,67.0,11.2717,0.78,641.57
133800,2675,-2.15239,50,0.5763,0.00794,,68.916,5.2448,0.48,222.46
133850,2676,-4.51722,50,0.5761,0.007403,,71.0,9.3968,0.58,481.78
133900,2677,-1.12177,50,0.576,0.007301,,75.244,3.5332,0.34,112.5
133950,2678,-1.64887,50,0.5758,0.008062,,72.0,5.3615,0.48,148.04
134000,2679,-0.80161,50,0.5757,0.006588,,69.576,3.1481,0.28,79.58
134050,2680,-0.36928,50,0.5755,0.008492,,68.137,2.0402,0.22,44.45
134100,2681,0.02368,50,0.5754,0.007514,,70.903,1.1192,0.04,1.97
134150,2682,-2.80546,50,0.5752,0.007934,,76.25,7.327,0.5,283.15
134200,2683,-0.0759,50,0.575,0.00813,,70.013,0.8617,0.14,23.48
134250,2684,-3.22102,50,0.5749,0.008069,,67.334,6.7713,0.52,348.94
134300,2685,-1.02157,50,0.5747,0.007106,,68.824,2.9359,0.3,116.68
134350,2686,-3.12362,50,0.5746,0.007292,,67.306,6.9382,0.52,336.71
134400,2687,-0.64578,50,0.5744,0.008717,,72.881,2.7146,0.26,62.18
134450,2688,-4.06074,50,0.5742,0.007379,,66.984,8.2579,0.52,448.23
134500,2689,-1.39697,50,0.5741,0.006901,,65.938,4.6469,0.38,128.71
134550,2690,-4.65105,50,0.5739,0.007633,,62.021,8.7155,0.64,525.01
134600,2691,-0.70706,50,0.5738,0.007589,,73.0,3.0783,0.26,65.48
134650,2692,-4.88122,50,0.5736,0.007708,,73.32,11.2492,0.72,479.56
134700,2693,-3.73004,50,0.5735,0.007502,,75.877,10.0026,0.62,345.78
134750,2694,-2.6862,50,0.5733,0.007055,,66.533,6.2012,0.42,278.72
134800,2695,-6.21392,50,0.5731,0.008135,,72.322,11.545,0.66,678.88
134850,2696,-0.41988,50,0.573,0.007553,,69.507,2.0254,0.26,45.01
134900,2697,-4.987,50,0.5728,0.007046,,80.0,8.7252,0.56,569.21
134950,2698,-3.62658,50,0.5727,0.006937,,69.074,9.6811,0.58,330.32
135000,2699,-1.71969,50,0.5725,0.007583,,73.412,4.9488,0.46,161.86
135050,2700,-0.85176,50,0.5723,0.007715,,76.417,3.576,0.28,70.17
135100,2701,-0.52013,50,0.5722,0.006695,,72.746,2.5701,0.24,49.47
135150,2702,-3.46206,50,0.572,0.007189,,66.735,7.4899,0.56,369.95
135200,2703,-1.6905,50,0.5719,0.009305,,74.989,4.7366,0.26,171.6
135250,2704,-0.70621,50,0.5717,0.007544,,63.976,2.7961,0.34,80.72
135300,2705,-0.2051,50,0.5716,0.007956,,70.091,1.2178,0.2,32.23
135350,2706,-4.89142,50,0.5714,0.006748,,69.034,10.5185,0.7,511.38
135400,2707,-2.11715,50,0.5712,0.007972,,68.869,4.5048,0.32,243.09
135450,2708,-3.28812,50,0.5711,0.006959,,75.779,6.494,0.52,373.34
135500,2709,-2.2709,50,0.5709,0.007614,,70.039,5.5665,0.48,235.94
135550,2710,-3.60654,50,0.5708,0.00764,,71.402,7.7855,0.46,384.91
135600,2711,-2.11094,50,0.5706,0.007513,,78.266,6.0131,0.4,194.78
135650,2712,-0.76924,50,0.5704,0.007752,,65.384,2.9726,0.28,77.12
135700,2713,-1.95421,50,0.5703,0.00725,,73.814,5.9662,0.36,179.36
135750,2714,-4.66305,50,0.5701,0.007146,,72.109,8.1943,0.58,546.95
135800,2715,-3.41268,50,0.57,0.006869,,68.594,7.999,0.58,342.41
135850,2716,-1.73117,50,0.5698,0.006738,,68.173,4.8046,0.42,175.1
135900,2717,-3.40294,50,0.5696,0.006536,,73.972,6.6808,0.46,373.89
135950,2718,-3.83655,50,0.5695,0.007252,,65.367,7.7294,0.54,417.83
136000,2719,-0.76921,50,0.5693,0.006911,,67.354,3.2393,0.34,79.87
136050,2720,-2.09857,50,0.5692,0.007071,,68.608,5.7841,0.46,204.72
136100,2721,-0.96826,50,0.569,0.006912,,64.535,2.823,0.28,108.87
136150,2722,-1.72481,50,0.5689,0.006459,,71.631,5.2485,0.46,173.45
136200,2723,-1.29128,50,0.5687,0.006805,,66.025,4.2096,0.42,124.48
136250,2724,-2.49345,50,0.5685,0.007268,,66.114,5.6315,0.48,275.85
136300,2725,-2.88392,50,0.5684,0.007127,,72.99,7.6799,0.5,273.15
136350,2726,-0.72869,50,0.5682,0.006934,,69.896,2.9185,0.26,69.24
136400,2727,-6.05969,50,0.5681,0.007022,,65.678,10.7451,0.68,679.93
136450,2728,-0.3626,50,0.5679,0.0081,,62.188,2.0339,0.2,34.51
136500,2729,-2.20337,50,0.5677,0.006526,,82.179,5.7183,0.4,213.32
136550,2730,-3.72936,50,0.5676,0.007495,,76.906,8.5263,0.58,384.68
136600,2731,-2.10786,50,0.5674,0.006364,,68.75,5.647,0.56,210.74
136650,2732,-1.49612,50,0.5673,0.008102,,67.564,4.1774,0.36,151.23
136700,2733,-4.47452,50,0.5671,0.008034,,68.957,9.6228,0.62,469.85
136750,2734,-1.49248,50,0.567,0.007975,,71.476,4.271,0.32,161.82
136800,2735,-2.3206,50,0.5668,0.006697,,72.22,6.1534,0.42,237.29
136850,2736,-6.84939,50,0.5666,0.006755,,70.222,11.3287,0.7,789.41
136900,2737,-0.7548,50,0.5665,0.007598,,67.66,3.3598,0.38,57.64
136950,2738,-0.24502,50,0.5663,0.007268,,74.598,1.899,0.14,18.61
137000,2739,-5.65895,50,0.5662,0.006959,,72.431,10.6133,0.64,617.81
137050,2740,-0.42959,50,0.566,0.006886,,62.33,1.9255,0.22,56.06
137100,2741,-5.63894,50,0.5658,0.007203,,72.667,10.691,0.64,613.02
137150,2742,-2.10487,50,0.5657,0.007412,,62.92,6.412,0.6,194.8
137200,2743,-1.26676,50,0.5655,0.007079,,61.902,4.1798,0.36,120.95
137250,2744,-0.16935,50,0.5654,0.007479,,69.593,1.4102,0.14,23.74
137300,2745,-1.88014,50,0.5652,0.007363,,66.885,5.3928,0.5,178.92
137350,2746,-2.90536,50,0.5651,0.007527,,75.698,6.9797,0.5,294.47
137400,2747,-2.57348,50,0.5649,0.006773,,89.529,6.2833,0.42,251.55
137450,2748,-5.74658,50,0.5647,0.008152,,72.311,12.0463,0.72,597.51
137500,2749,-4.10426,50,0.5646,0.006844,,59.405,7.3718,0.6,469.23
137550,2750,-3.7845,50,0.5644,0.008253,,65.835,9.3728,0.78,368.18
137600,2751,-1.41206,50,0.5643,0.006428,,70.855,4.0964,0.36,143.56
137650,2752,-0.71513,50,0.5641,0.007972,,67.393,2.2783,0.18,78.32
137700,2753,-2.07248,50,0.5639,0.00705,,68.21,5.3412,0.38,217.65
137750,2754,-7.06806,50,0.5638,0.0078,,78.987,14.1058,0.72,745.48
137800,2755,-1.75778,50,0.5636,0.008084,,64.277,4.5946,0.4,183.4
137850,2756,-0.2663,50,0.5635,0.007361,,63.385,1.9313,0.22,28.59
137900,2757,-4.82422,50,0.5633,0.00692,,73.118,10.5643,0.64,496.04
137950,2758,-2.46869,50,0.5632,0.007761,,73.966,5.3455,0.38,281.53
138000,2759,-2.9543,50,0.563,0.006736,,67.646,5.8069,0.46,336.65
138050,2760,-3.7574,50,0.5628,0.007825,,75.943,7.414,0.46,422.44
138100,2761,-2.00769,50,0.5627,0.007732,,68.074,5.4853,0.48,194.25
138150,2762,-1.56091,50,0.5625,0.007966,,63.308,4.3401,0.4,180.1
138200,2763,-2.73186,50,0.5624,0.006668,,67.824,6.5542,0.4,276.59
138250,2764,-1.92515,50,0.5622,0.00757,,66.065,4.4098,0.46,217.13
138300,2765,-0.95633,50,0.562,0.007235,,67.504,4.0875,0.36,71.18
138350,2766,-1.5499,50,0.5619,0.007211,,66.915,4.3303,0.36,159.61
138400,2767,-4.12539,50,0.5617,0.007308,,63.863,7.5482,0.52,468.56
138450,2768,-4.23768,50,0.5616,0.007627,,73.333,9.7282,0.58,432.66
138500,2769,-0.79383,50,0.5614,0.007504,,68.738,3.1167,0.3,76.02
138550,2770,-0.58402,50,0.5613,0.007098,,68.196,2.9809,0.24,45.83
138600,2771,-1.31098,50,0.5611,0.007879,,72.595,4.2271,0.3,130.3
138650,2772,-5.35184,50,0.5609,0.007506,,66.25,9.5577,0.62,604.75
138700,2773,-2.91652,50,0.5608,0.006834,,72.024,7.0102,0.52,298.35
138750,2774,-1.91087,50,0.5606,0.007209,,64.817,5.0129,0.46,198.43
138800,2775,-0.13303,50,0.5605,0.008196,,85.573,0.8171,0.14,14.17
138850,2776,-2.81403,50,0.5603,0.007242,,74.738,6.7559,0.46,289.85
138900,2777,-1.2869,50,0.5601,0.007393,,71.399,4.6579,0.38,108.61
138950,2778,-0.40071,50,0.56,0.008382,,75.699,2.2517,0.24,39.87
139000,2779,-3.03438,50,0.5598,0.008137,,68.944,7.3545,0.58,306.12
139050,2780,-3.21679,50,0.5597,0.006392,,62.337,6.3649,0.44,369.21
139100,2781,-0.27217,50,0.5595,0.007632,,77.905,1.5185,0.12,32.36
139150,2782,-2.77366,50,0.5594,0.006676,,66.662,6.3963,0.58,295.86
139200,2783,-1.33213,50,0.5592,0.007695,,65.584,4.2853,0.42,125.0
139250,2784,-0.5581,50,0.559,0.007591,,69.771,2.842,0.28,51.37
139300,2785,-2.28232,50,0.5589,0.007217,,58.75,4.704,0.5,269.69
139350,2786,-0.65448,50,0.5587,0.007298,,76.027,2.7618,0.24,73.58
139400,2787,-0.96581,50,0.5586,0.00826,,67.364,3.5531,0.3,91.86
139450,2788,-1.94114,50,0.5584,0.007407,,71.906,5.4291,0.54,198.52
139500,2789,-2.40244,50,0.5583,0.008485,,71.229,5.7785,0.52,250.04
139550,2790,-0.48306,50,0.5581,0.007731,,73.762,2.826,0.26,35.89
139600,2791,-2.80774,50,0.5579,0.007806,,70.023,6.5313,0.42,295.68
139650,2792,-1.26228,50,0.5578,0.007348,,65.902,4.4526,0.46,116.19
139700,2793,-3.09417,50,0.5576,0.007114,,65.695,6.4659,0.58,340.69
139750,2794,-2.2117,50,0.5575,0.007317,,67.842,5.2417,0.42,237.8
139800,2795,-3.34082,50,0.5573,0.008,,77.333,6.8936,0.44,364.57
139850,2796,-5.40331,50,0.5571,0.007512,,70.4,11.1544,0.62,574.16
139900,2797,-2.33451,50,0.557,0.007017,,71.457,5.9938,0.48,229.14
139950,2798,-2.56541,50,0.5568,0.006717,,69.946,6.5879,0.62,253.81
140000,2799,-1.59678,50,0.5567,0.006965,,73.813,4.6186,0.34,154.99
140050,2800,-6.01641,50,0.5565,0.008492,,71.564,11.1363,0.7,660.83
140100,2801,-5.05705,50,0.5564,0.007795,,74.227,10.1288,0.7,545.13
140150,2802,-0.11757,50,0.5562,0.007756,,80.293,1.2865,0.12,11.46
140200,2803,-4.18777,50,0.556,0.007687,,61.837,7.992,0.62,469.76
140250,2804,-3.1912,50,0.5559,0.007074,,69.716,7.2455,0.54,334.57
140300,2805,-1.13702,50,0.5557,0.007563,,69.419,3.4446,0.34,116.2
140350,2806,-2.5638,50,0.5556,0.007718,,69.383,6.1076,0.44,268.17
140400,2807,-0.00716,50,0.5554,0.007117,,72.554,1.0301,0.04,11.01
140450,2808,-1.10474,50,0.5552,0.00672,,65.939,3.5886,0.3,109.5
140500,2809,-1.94818,50,0.5551,0.007693,,74.183,5.536,0.42,190.32
140550,2810,-0.26984,50,0.5549,0.00787,,73.597,1.7776,0.18,32.17
140600,2811,-1.32394,50,0.5548,0.007669,,74.858,4.5306,0.32,116.14
140650,2812,-3.05148,50,0.5546,0.00681,,72.845,7.1537,0.46,314.61
140700,2813,-1.73999,50,0.5545,0.007255,,71.189,5.6541,0.42,156.34
140750,2814,-2.67093,50,0.5543,0.007706,,75.496,6.648,0.46,276.38
140800,2815,-1.06266,50,0.5541,0.007843,,65.294,3.9382,0.44,89.12
140850,2816,-0.15763,50,0.554,0.006924,,79.635,1.2039,0.12,29.62
140900,2817,-3.51923,50,0.5538,0.007402,,70.586,7.5132,0.54,368.32
140950,2818,-1.06435,50,0.5537,0.007736,,65.585,3.6873,0.3,104.87
141000,2819,-4.25978,50,0.5535,0.006828,,75.0,9.2356,0.64,443.93
141050,2820,0.0052,50,0.5533,0.008254,,79.569,0.8891,0.1,7.57
141100,2821,-2.23153,50,0.5532,0.008492,,76.174,5.3778,0.46,235.75
141150,2822,-3.232,50,0.553,0.00753,,68.483,7.7611,0.52,330.08
141200,2823,-4.5736,50,0.5529,0.008068,,75.035,9.7599,0.56,480.96
141250,2824,-1.36427,50,0.5527,0.007784,,67.857,3.8849,0.36,145.09
141300,2825,-3.70843,50,0.5526,0.007153,,59.909,8.7038,0.68,367.52
141350,2826,-0.63773,50,0.5524,0.007416,,73.26,2.2131,0.24,70.57
141400,2827,-4.32279,50,0.5522,0.007726,,73.237,8.8339,0.54,467.89
141450,2828,-0.39283,50,0.5521,0.0075,,68.375,1.7531,0.24,49.09
141500,2829,-0.81284,50,0.5519,0.007602,,75.649,3.6858,0.28,69.47
141550,2830,-5.5495,50,0.5518,0.008744,,70.4,11.9423,0.76,570.06
141600,2831,-2.31133,50,0.5516,0.007017,,70.227,4.3765,0.36,274.93
141650,2832,-0.11653,50,0.5514,0.006784,,59.849,1.3874,0.18,23.29
141700,2833,-1.81683,50,0.5513,0.007568,,66.108,4.309,0.44,200.84
141750,2834,-0.9132,50,0.5511,0.006804,,73.219,3.5135,0.3,81.68
141800,2835,-0.53149,50,0.551,0.007637,,68.81,2.7151,0.28,49.09
141850,2836,-4.1011,50,0.5508,0.00818,,70.89,8.4182,0.5,441.77
141900,2837,-1.82709,50,0.5507,0.007574,,69.448,5.0039,0.44,182.89
141950,2838,-1.96456,50,0.5505,0.006858,,73.752,5.7563,0.54,179.64
142000,2839,-2.96302,50,0.5503,0.007189,,76.51,6.6639,0.5,312.4
142050,2840,-1.03386,50,0.5502,0.00751,,71.78,3.4363,0.34,105.97
142100,2841,-0.56797,50,0.55,0.008014,,75.701,2.5717,0.24,51.62
142150,2842,-3.69039,50,0.5499,0.008586,,75.294,8.0265,0.54,388.51
142200,2843,-3.98842,50,0.5497,0.007022,,69.038,7.5518,0.5,442.57
142250,2844,-0.41054,50,0.5495,0.007471,,71.673,2.0358,0.2,38.16
142300,2845,-4.62755,50,0.5494,0.007664,,68.458,10.0762,0.72,476.04
142350,2846,-1.00939,50,0.5492,0.007777,,72.85,3.5978,0.32,97.54
142400,2847,-0.88798,50,0.5491,0.007023,,78.189,3.3928,0.3,80.62
142450,2848,-3.50007,50,0.5489,0.007259,,72.782,8.5896,0.5,353.62
142500,2849,-1.01296,50,0.5488,0.00719,,71.191,4.5552,0.32,82.78
142550,2850,-0.21818,50,0.5486,0.007654,,67.229,1.5711,0.16,32.49
142600,2851,-1.7071,50,0.5484,0.007365,,72.923,5.0496,0.52,160.78
142650,2852,-2.54141,50,0.5483,0.006741,,66.049,6.0639,0.52,259.58
142700,2853,-1.58163,50,0.5481,0.008956,,67.804,4.485,0.52,156.5
142750,2854,-3.78478,50,0.548,0.007183,,66.35,7.8539,0.56,413.38
142800,2855,-2.846,50,0.5478,0.008016,,72.107,5.6107,0.5,341.34
142850,2856,-3.30357,50,0.5476,0.006613,,67.63,9.175,0.56,299.66
142900,2857,-2.62496,50,0.5475,0.006838,,71.254,6.1954,0.52,275.43
142950,2858,-2.50681,50,0.5473,0.006448,,57.5,5.3594,0.58,281.15
143000,2859,-1.82333,50,0.5472,0.007223,,63.272,4.8771,0.44,186.51
143050,2860,-1.20904,50,0.547,0.007931,,56.559,4.3793,0.4,109.18
143100,2861,-4.208,50,0.5469,0.006706,,71.01,8.9267,0.62,443.53
143150,2862,-2.64813,50,0.5467,0.008357,,71.286,7.1008,0.6,259.83
143200,2863,-0.35124,50,0.5465,0.007244,,68.303,2.2052,0.18,34.88
143250,2864,-1.9912,50,0.5464,0.00753,,60.993,5.5511,0.54,194.91
143300,2865,-1.11946,50,0.5462,0.007831,,70.155,3.429,0.36,121.46
143350,2866,-2.12323,50,0.5461,0.00684,,71.026,5.1557,0.42,228.4
143400,2867,-2.4967,50,0.5459,0.007721,,71.25,6.7279,0.5,239.34
143450,2868,-2.18299,50,0.5457,0.007409,,65.025,5.2115,0.5,234.16
143500,2869,-1.63946,50,0.5456,0.007119,,70.791,4.628,0.46,168.1
143550,2870,-0.64922,50,0.5454,0.007067,,66.775,2.7517,0.34,67.55
143600,2871,-1.11472,50,0.5453,0.007,,70.0,4.0064,0.42,108.95
143650,2872,-2.27408,50,0.5451,0.007309,,73.867,5.9399,0.52,236.3
143700,2873,-3.67426,50,0.545,0.007826,,72.5,7.8514,0.5,392.34
143750,2874,-1.78588,50,0.5448,0.007811,,76.799,4.882,0.42,188.69
143800,2875,-9.21292,50,0.5446,0.006263,,73.813,14.7432,0.82,1062.45
143850,2876,-3.70397,50,0.5445,0.007003,,78.417,8.5907,0.62,376.37
143900,2877,-2.47753,50,0.5443,0.00695,,73.479,6.6547,0.52,234.6
143950,2878,-2.34324,50,0.5442,0.00779,,72.657,6.5248,0.52,218.98
144000,2879,-0.66814,50,0.544,0.007835,,70.467,3.0889,0.26,60.89
144050,2880,-1.508,50,0.5438,0.007166,,74.38,4.5416,0.34,146.37
144100,2881,-0.8729,50,0.5437,0.007072,,69.997,3.1342,0.32,88.47
144150,2882,-0.55162,50,0.5435,0.00668,,67.758,2.0066,0.22,72.24
144200,2883,-3.89949,50,0.5434,0.007412,,68.848,8.0472,0.56,424.03
144250,2884,-1.72107,50,0.5432,0.007091,,67.352,5.4396,0.46,157.18
144300,2885,-3.19083,50,0.5431,0.007047,,70.083,7.5809,0.54,327.81
144350,2886,-5.95852,50,0.5429,0.008785,,73.93,11.2804,0.7,645.33
144400,2887,-2.24666,50,0.5427,0.006651,,73.511,6.2877,0.46,207.65
144450,2888,-1.06476,50,0.5426,0.007606,,63.421,3.3788,0.4,118.87
144500,2889,-0.32568,50,0.5424,0.007727,,75.764,2.1731,0.16,26.75
144550,2890,-3.27421,50,0.5423,0.007049,,74.225,6.99,0.54,360.65
144600,2891,-4.60298,50,0.5421,0.007821,,71.932,10.2051,0.6,467.89
144650,2892,-1.88383,50,0.5419,0.007116,,73.633,5.6553,0.5,181.49
144700,2893,-6.24493,50,0.5418,0.00667,,71.81,10.0413,0.64,721.71
144750,2894,-4.82979,50,0.5416,0.00723,,72.279,7.4965,0.56,580.5
144800,2895,-5.81553,50,0.5415,0.006999,,74.4,10.6295,0.6,641.15
144850,2896,-1.76151,50,0.5413,0.007801,,67.547,4.2936,0.48,199.69
144900,2897,-2.42884,50,0.5412,0.007848,,70.167,6.2902,0.5,242.32
144950,2898,-0.54882,50,0.541,0.00755,,69.483,2.8421,0.28,46.82
145000,2899,-3.84233,50,0.5408,0.007376,,71.892,8.0446,0.6,408.39
145050,2900,-4.22934,50,0.5407,0.007342,,72.043,8.4464,0.56,459.59
145100,2901,-0.12972,50,0.5405,0.008107,,68.218,1.7273,0.1,12.09
145150,2902,-1.56119,50,0.5404,0.007145,,75.514,5.0458,0.5,140.67
145200,2903,-3.05873,50,0.5402,0.006153,,69.401,7.17,0.52,310.06
145250,2904,-2.7926,50,0.54,0.007305,,64.974,6.7331,0.62,291.34
145300,2905,-3.70085,50,0.5399,0.006952,,72.709,8.3012,0.56,385.7
145350,2906,-3.49459,50,0.5397,0.007829,,64.133,8.2943,0.66,355.56
145400,2907,-3.04793,50,0.5396,0.007637,,67.943,6.5778,0.46,334.1
145450,2908,-0.2283,50,0.5394,0.007286,,78.375,2.0737,0.12,17.81
145500,2909,-1.82319,50,0.5393,0.007236,,62.871,5.0319,0.42,187.1
145550,2910,-0.21383,50,0.5391,0.007111,,73.582,2.0615,0.14,13.82
145600,2911,-0.89432,50,0.5389,0.007553,,69.911,2.5476,0.26,98.54
145650,2912,-2.22774,50,0.5388,0.007557,,71.446,4.9897,0.4,255.02
145700,2913,0.00491,50,0.5386,0.006699,,76.985,0.6893,0.1,13.32
145750,2914,-1.45888,50,0.5385,0.007775,,68.276,4.8722,0.4,130.85
145800,2915,-0.92902,50,0.5383,0.007282,,72.656,3.5803,0.36,86.15
145850,2916,-0.56625,50,0.5381,0.007769,,65.65,2.4965,0.28,56.15
145900,2917,-1.81205,50,0.538,0.007259,,67.5,4.9954,0.5,191.06
145950,2918,-4.09821,50,0.5378,0.007079,,68.338,7.2298,0.66,478.96
146000,2919,-2.06421,50,0.5377,0.006879,,70.79,5.8136,0.5,192.49
146050,2920,-2.08908,50,0.5375,0.007825,,73.977,4.7829,0.38,230.6
146100,2921,-1.89887,50,0.5373,0.007611,,70.0,5.1449,0.44,195.88
146150,2922,-1.76473,50,0.5372,0.007575,,77.123,5.0222,0.42,178.61
146200,2923,-5.23014,50,0.537,0.007848,,71.25,10.1276,0.68,573.5
146250,2924,-3.3501,50,0.5369,0.008312,,69.832,7.6309,0.6,349.62
146300,2925,-1.20036,50,0.5367,0.007519,,68.135,4.5607,0.34,99.98
146350,2926,-0.86905,50,0.5366,0.0073,,70.081,2.7453,0.26,99.85
146400,2927,-3.38083,50,0.5364,0.007685,,76.291,7.0729,0.56,362.92
146450,2928,-4.04519,50,0.5362,0.00736,,63.998,8.8447,0.6,418.31
146500,2929,-0.88128,50,0.5361,0.008181,,66.48,3.3975,0.34,79.47
146550,2930,-1.76915,50,0.5359,0.007341,,73.735,5.0571,0.36,179.39
146600,2931,-2.51903,50,0.5358,0.008887,,66.277,6.0434,0.5,274.59
146650,2932,-3.13365,50,0.5356,0.007114,,73.128,8.1634,0.58,300.45
146700,2933,-0.66973,50,0.5354,0.008153,,67.5,3.1427,0.4,60.35
146750,2934,-1.99907,50,0.5353,0.00749,,62.0,4.1629,0.42,238.19
146800,2935,-1.39616,50,0.5351,0.006906,,74.947,4.6252,0.36,123.29
146850,2936,-2.63559,50,0.535,0.008025,,69.904,5.6893,0.46,291.01
146900,2937,-5.97151,50,0.5348,0.007908,,74.918,11.6894,0.68,637.14
146950,2938,-0.45165,50,0.5347,0.00708,,71.666,2.3868,0.26,38.58
147000,2939,-2.95843,50,0.5345,0.007251,,72.386,6.9886,0.5,304.26
147050,2940,-5.45324,50,0.5343,0.007525,,74.639,11.4233,0.68,567.68
147100,2941,-4.38031,50,0.5342,0.007063,,72.882,9.8581,0.66,446.44
147150,2942,-0.93536,50,0.534,0.008179,,70.424,2.9011,0.34,101.17
147200,2943,-2.86185,50,0.5339,0.007841,,67.603,5.9867,0.54,317.59
147250,2944,-1.87979,50,0.5337,0.007271,,70.837,5.7628,0.42,170.81
147300,2945,-1.08029,50,0.5335,0.008303,,71.223,3.3342,0.34,110.38
147350,2946,-4.38808,50,0.5334,0.007522,,73.357,8.793,0.6,477.64
147400,2947,-4.05164,50,0.5332,0.008111,,68.447,9.3837,0.64,410.64
147450,2948,-1.55006,50,0.5331,0.007441,,68.855,4.337,0.38,160.55
147500,2949,-2.35745,50,0.5329,0.007643,,74.981,5.8133,0.4,243.73
147550,2950,-3.3666,50,0.5328,0.007906,,63.138,6.863,0.62,370.39
147600,2951,-1.06842,50,0.5326,0.007642,,71.887,3.5764,0.24,107.34
147650,2952,-5.66032,50,0.5324,0.00675,,76.68,10.8639,0.62,614.83
147700,2953,-2.87764,50,0.5323,0.00775,,72.572,7.1566,0.58,284.38
147750,2954,-3.24457,50,0.5321,0.007448,,68.591,7.9765,0.56,322.52
147800,2955,-0.61649,50,0.532,0.008575,,72.332,2.9663,0.24,57.46
147850,2956,-3.02175,50,0.5318,0.00727,,72.452,6.9403,0.5,315.48
147900,2957,-1.16117,50,0.5316,0.008009,,71.359,3.9188,0.42,108.75
147950,2958,-3.45808,50,0.5315,0.007739,,67.845,7.263,0.6,380.28
148000,2959,-3.5076,50,0.5313,0.008185,,65.741,7.4662,0.6,375.26
148050,2960,-3.53683,50,0.5312,0.00764,,71.437,8.9843,0.64,338.68
148100,2961,-2.28964,50,0.531,0.007119,,76.225,5.0065,0.32,249.06
148150,2962,-5.01934,50,0.5309,0.008256,,77.073,8.6922,0.52,576.1
148200,2963,-5.14522,50,0.5307,0.006873,,69.836,10.6651,0.62,542.35
148250,2964,-1.48239,50,0.5305,0.008315,,66.749,4.1988,0.42,160.13
148300,2965,-4.786,50,0.5304,0.006972,,66.85,7.9116,0.72,562.0
148350,2966,-0.79752,50,0.5302,0.007129,,71.882,3.1025,0.32,81.01
148400,2967,-1.98113,50,0.5301,0.007544,,63.75,5.7605,0.38,188.76
148450,2968,-1.29084,50,0.5299,0.007528,,74.536,5.3499,0.42,90.47
148500,2969,-1.11092,50,0.5297,0.008002,,67.536,4.4562,0.44,90.27
148550,2970,-2.05764,50,0.5296,0.008024,,73.271,5.4416,0.44,206.9
148600,2971,-0.59104,50,0.5294,0.007486,,68.735,2.4711,0.24,66.24
148650,2972,-3.10526,50,0.5293,0.007941,,65.113,7.8987,0.56,303.81
148700,2973,-0.08195,50,0.5291,0.008024,,68.645,1.5756,0.16,12.89
148750,2974,-5.71965,50,0.529,0.008095,,67.661,11.0925,0.64,621.83
148800,2975,-1.53061,50,0.5288,0.006744,,75.47,4.6119,0.42,152.19
148850,2976,-4.13161,50,0.5286,0.007408,,68.033,8.4455,0.58,449.57
148900,2977,-1.54458,50,0.5285,0.007926,,73.475,5.0303,0.4,149.05
148950,2978,-1.91215,50,0.5283,0.008585,,76.25,5.5834,0.52,184.99
149000,2979,-0.02499,50,0.5282,0.008088,,68.538,1.1257,0.1,12.54
149050,2980,0.05032,50,0.528,0.008118,,65.788,1.0849,0.12,7.06
149100,2981,-2.55667,50,0.5279,0.007886,,67.995,7.1202,0.52,242.78
149150,2982,-1.87975,50,0.5277,0.007784,,73.048,5.3764,0.4,190.9
149200,2983,-3.56499,50,0.5275,0.007555,,66.137,9.0012,0.6,346.27
149250,2984,-5.35751,50,0.5274,0.008075,,76.104,11.5753,0.68,553.44
149300,2985,-4.06604,50,0.5272,0.008626,,69.579,9.2388,0.6,413.45
149350,2986,-6.01886,50,0.5271,0.00858,,79.779,11.3609,0.64,659.54
149400,2987,-1.37405,50,0.5269,0.007607,,72.807,4.4931,0.38,125.16
149450,2988,-2.80726,50,0.5267,0.006771,,67.35,7.3538,0.58,269.62
149500,2989,-0.96715,50,0.5266,0.007235,,67.924,3.15,0.32,109.29
149550,2990,-3.39784,50,0.5264,0.00727,,68.719,7.3683,0.5,360.55
149600,2991,-3.16465,50,0.5263,0.00824,,64.67,6.5656,0.56,351.22
149650,2992,-4.13805,50,0.5261,0.007875,,63.673,8.1889,0.56,457.91
149700,2993,-1.23237,50,0.526,0.006854,,62.722,4.2121,0.42,114.8
149750,2994,-1.10313,50,0.5258,0.009289,,69.559,3.2078,0.38,121.61
149800,2995,-0.13258,50,0.5256,0.007173,,67.961,1.6568,0.12,17.33
149850,2996,-0.99919,50,0.5255,0.007331,,66.401,3.6933,0.3,97.76
149900,2997,-1.6121,50,0.5253,0.009098,,63.901,4.699,0.5,164.42
149950,2998,-1.11776,50,0.5252,0.009307,,70.533,4.1677,0.32,100.43
150000,2999,-1.37748,50,0.525,0.007993,,70.0,4.2928,0.4,135.81
150050,3000,-1.58478,50,0.5248,0.007648,,79.313,4.4471,0.38,173.05
150100,3001,-1.14864,50,0.5247,0.008354,,77.3,4.0601,0.34,102.24
150150,3002,-2.78537,50,0.5245,0.00764,,68.0,7.1465,0.56,280.12
150200,3003,-2.75221,50,0.5244,0.008131,,75.333,6.7495,0.56,277.63
150250,3004,-0.11404,50,0.5242,0.008232,,67.023,1.2692,0.14,15.46
150300,3005,-4.33772,50,0.5241,0.007152,,68.25,9.8872,0.7,442.43
150350,3006,-3.66547,50,0.5239,0.008959,,66.322,8.2503,0.62,389.69
150400,3007,-1.67745,50,0.5237,0.007973,,66.973,5.1783,0.42,158.46
150450,3008,-5.07287,50,0.5236,0.008236,,69.932,9.968,0.7,549.01
150500,3009,-0.67414,50,0.5234,0.00819,,64.876,2.8907,0.36,61.55
150550,3010,-5.18116,50,0.5233,0.008369,,75.946,11.1427,0.76,528.32
150600,3011,-0.50914,50,0.5231,0.007814,,65.835,2.3077,0.22,52.14
150650,3012,-3.99146,50,0.5229,0.008125,,80.825,8.8492,0.6,412.49
150700,3013,-3.47863,50,0.5228,0.00934,,68.058,6.9734,0.6,384.06
150750,3014,-2.27024,50,0.5226,0.008689,,75.412,5.7573,0.42,226.88
150800,3015,-3.61972,50,0.5225,0.008446,,65.916,7.0248,0.56,405.65
150850,3016,-1.49074,50,0.5223,0.008034,,67.684,4.0762,0.36,161.52
150900,3017,-2.69579,50,0.5222,0.007934,,62.211,6.7169,0.52,275.07
150950,3018,-4.04077,50,0.522,0.007919,,70.134,9.2056,0.66,415.58
151000,3019,-0.18004,50,0.5218,0.009705,,69.532,1.5518,0.1,23.63
151050,3020,-2.80392,50,0.5217,0.008441,,62.666,6.3868,0.46,296.85
151100,3021,-1.68987,50,0.5215,0.008544,,73.502,4.1609,0.4,186.07
151150,3022,-2.87345,50,0.5214,0.007308,,70.387,7.6793,0.58,277.52
151200,3023,-0.39332,50,0.5212,0.00729,,70.037,1.8851,0.12,48.03
151250,3024,-1.9122,50,0.521,0.008466,,65.182,5.7202,0.54,178.14
151300,3025,-0.69891,50,0.5209,0.008669,,70.227,3.2877,0.36,57.88
151350,3026,-2.06948,50,0.5207,0.009241,,67.5,6.3399,0.58,192.79
151400,3027,-0.14493,50,0.5206,0.008103,,66.307,1.7857,0.12,15.55
151450,3028,-2.4792,50,0.5204,0.00862,,74.118,7.4348,0.56,217.65
151500,3029,-2.79368,50,0.5203,0.008457,,63.108,7.2344,0.56,276.1
151550,3030,-1.87479,50,0.5201,0.007936,,71.037,4.0006,0.42,218.76
151600,3031,-7.48305,50,0.5199,0.007291,,70.954,12.2843,0.66,855.2
151650,3032,-1.47842,50,0.5198,0.007801,,67.936,4.8326,0.44,133.41
151700,3033,-3.85491,50,0.5196,0.008724,,71.121,7.8873,0.52,418.13
151750,3034,-2.85288,50,0.5195,0.00832,,70.134,6.0091,0.48,316.6
151800,3035,-4.15275,50,0.5193,0.007982,,64.402,7.784,0.56,467.32
151850,3036,-0.18474,50,0.5191,0.008958,,77.672,1.53,0.12,17.14
151900,3037,-6.31288,50,0.519,0.006809,,68.75,12.2332,0.74,679.35
151950,3038,-3.73508,50,0.5188,0.007858,,67.057,5.9224,0.48,451.74
152000,3039,-2.60937,50,0.5187,0.008071,,72.755,6.4308,0.58,266.54
152050,3040,-4.04503,50,0.5185,0.008019,,75.52,9.0525,0.6,412.69
152100,3041,-0.38919,50,0.5184,0.007584,,67.01,1.9686,0.18,49.03
152150,3042,-4.37771,50,0.5182,0.008338,,72.221,8.8774,0.68,468.11
152200,3043,-3.54592,50,0.518,0.007825,,72.639,6.4334,0.42,417.47
152250,3044,-1.7333,50,0.5179,0.00866,,65.93,4.7343,0.46,179.32
152300,3045,-2.37728,50,0.5177,0.00786,,66.87,6.4419,0.52,230.86
152350,3046,-5.40738,50,0.5176,0.008201,,70.978,12.0423,0.72,540.48
152400,3047,-0.47514,50,0.5174,0.007499,,63.439,2.7732,0.28,43.86
152450,3048,-1.53166,50,0.5172,0.007937,,69.029,5.1151,0.42,135.59
152500,3049,-3.13786,50,0.5171,0.008041,,72.428,7.9262,0.56,309.65
152550,3050,-3.96138,50,0.5169,0.007727,,66.049,8.5209,0.66,418.46
152600,3051,-3.21938,50,0.5168,0.007701,,68.339,7.6005,0.6,321.95
152650,3052,-3.06743,50,0.5166,0.008027,,66.544,7.3583,0.56,314.86
152700,3053,-0.12016,50,0.5165,0.009076,,72.04,0.8118,0.14,27.69
152750,3054,-1.58866,50,0.5163,0.007584,,67.768,5.4184,0.4,135.25
152800,3055,-5.61009,50,0.5161,0.00718,,72.76,10.3199,0.66,619.56
152850,3056,-4.15744,50,0.516,0.008304,,74.495,8.5032,0.54,451.89
152900,3057,-3.25221,50,0.5158,0.007298,,67.748,6.6968,0.56,359.19
152950,3058,-1.37886,50,0.5157,0.008641,,70.865,4.4245,0.42,131.9
153000,3059,-4.41475,50,0.5155,0.007574,,67.957,8.3322,0.56,495.81
153050,3060,-4.44215,50,0.5153,0.007899,,73.149,9.4874,0.62,461.63
153100,3061,-1.93924,50,0.5152,0.007481,,69.475,5.2256,0.52,199.4
153150,3062,-0.34647,50,0.515,0.00727,,68.003,1.8129,0.2,41.53
153200,3063,-2.74341,50,0.5149,0.007525,,70.031,6.6158,0.56,286.24
153250,3064,-2.053,50,0.5147,0.00742,,68.181,6.0821,0.58,198.34
153300,3065,-3.22946,50,0.5146,0.008106,,72.635,6.8268,0.46,352.01
153350,3066,-3.77026,50,0.5144,0.007696,,67.18,8.2559,0.56,397.88
153400,3067,-2.21226,50,0.5142,0.007851,,56.395,4.9583,0.4,255.55
153450,3068,-3.80239,50,0.5141,0.007672,,64.211,7.8114,0.5,414.86
153500,3069,-0.85723,50,0.5139,0.008221,,75.484,3.4818,0.36,70.35
153550,3070,-2.40537,50,0.5138,0.007992,,66.851,6.4378,0.56,243.26
153600,3071,-2.10486,50,0.5136,0.00786,,62.669,6.1876,0.58,197.46
153650,3072,-3.82643,50,0.5134,0.008545,,72.907,9.7021,0.64,361.35
153700,3073,-1.2826,50,0.5133,0.006878,,69.135,4.8098,0.44,110.68
153750,3074,-1.53005,50,0.5131,0.007785,,65.09,4.8954,0.42,146.53
153800,3075,-3.41085,50,0.513,0.009019,,71.759,7.1002,0.5,373.76
153850,3076,-3.23093,50,0.5128,0.007673,,66.503,7.418,0.62,332.84
153900,3077,-1.39195,50,0.5127,0.00898,,77.83,5.3054,0.26,111.02
153950,3078,-0.89725,50,0.5125,0.008127,,68.424,3.7322,0.28,70.4
154000,3079,-4.81139,50,0.5123,0.008125,,61.0,9.9367,0.72,511.88
154050,3080,-3.06888,50,0.5122,0.008235,,65.874,7.1072,0.5,318.91
154100,3081,-1.68281,50,0.512,0.007632,,62.0,5.3407,0.46,150.0
154150,3082,-3.75409,50,0.5119,0.007715,,63.863,7.6025,0.58,417.14
154200,3083,-2.19964,50,0.5117,0.007652,,64.813,5.6266,0.46,227.45
154250,3084,-1.67664,50,0.5115,0.009209,,71.711,4.4609,0.3,180.85
